user_id,signup_date,activity_date
c000000,2025-12-28,2025-12-28
c000000,2025-12-28,2026-01-31
c000000,2025-12-28,2026-02-07
c000001,2025-12-28,2025-12-28
c000001,2025-12-28,2026-01-14
c000001,2025-12-28,2026-01-22
c000001,2025-12-28,2026-01-25
c000001,2025-12-28,2026-03-24
c000002,2025-12-28,2025-12-28
c000002,2025-12-28,2026-01-04
c000002,2025-12-28,2026-01-11
c000002,2025-12-28,2026-02-09
c000002,2025-12-28,2026-03-18
c000003,2025-12-28,2025-12-28
c000003,2025-12-28,2026-01-10
c000003,2025-12-28,2026-01-16
c000003,2025-12-28,2026-02-20
c000004,2025-12-28,2025-12-28
c000004,2025-12-28,2026-01-08
c000004,2025-12-28,2026-01-30
c000004,2025-12-28,2026-02-03
c000004,2025-12-28,2026-02-09
c000004,2025-12-28,2026-03-09
c000005,2025-12-28,2025-12-28
c000005,2025-12-28,2026-01-11
c000006,2025-12-28,2025-12-28
c000007,2025-12-28,2025-12-28
c000007,2025-12-28,2026-01-15
c000007,2025-12-28,2026-01-18
c000008,2025-12-28,2025-12-28
c000008,2025-12-28,2026-01-15
c000008,2025-12-28,2026-01-24
c000008,2025-12-28,2026-02-27
c000009,2025-12-28,2025-12-28
c000009,2025-12-28,2026-01-04
c000009,2025-12-28,2026-01-17
c000010,2025-12-28,2025-12-28
c000010,2025-12-28,2026-01-10
c000010,2025-12-28,2026-01-16
c000010,2025-12-28,2026-01-21
c000010,2025-12-28,2026-01-29
c000011,2025-12-28,2025-12-28
c000011,2025-12-28,2026-02-19
c000012,2025-12-28,2025-12-28
c000012,2025-12-28,2026-01-06
c000012,2025-12-28,2026-01-23
c000012,2025-12-28,2026-01-25
c000012,2025-12-28,2026-02-01
c000013,2025-12-28,2025-12-28
c000013,2025-12-28,2026-01-04
c000013,2025-12-28,2026-01-16
c000013,2025-12-28,2026-01-19
c000013,2025-12-28,2026-01-30
c000013,2025-12-28,2026-02-06
c000013,2025-12-28,2026-02-27
c000014,2025-12-28,2025-12-28
c000014,2025-12-28,2026-01-12
c000014,2025-12-28,2026-01-20
c000014,2025-12-28,2026-01-27
c000014,2025-12-28,2026-02-03
c000014,2025-12-28,2026-02-11
c000014,2025-12-28,2026-03-06
c000015,2025-12-28,2025-12-28
c000015,2025-12-28,2026-01-08
c000015,2025-12-28,2026-01-17
c000015,2025-12-28,2026-02-06
c000015,2025-12-28,2026-02-25
c000016,2025-12-28,2025-12-28
c000016,2025-12-28,2026-01-11
c000016,2025-12-28,2026-02-15
c000017,2025-12-28,2025-12-28
c000017,2025-12-28,2026-01-04
c000017,2025-12-28,2026-01-15
c000017,2025-12-28,2026-01-26
c000018,2025-12-28,2025-12-28
c000018,2025-12-28,2026-01-13
c000018,2025-12-28,2026-01-18
c000018,2025-12-28,2026-01-25
c000018,2025-12-28,2026-02-05
c000018,2025-12-28,2026-02-14
c000018,2025-12-28,2026-02-23
c000018,2025-12-28,2026-03-27
c000019,2025-12-28,2025-12-28
c000019,2025-12-28,2026-02-07
c000020,2025-12-28,2025-12-28
c000020,2025-12-28,2026-01-09
c000020,2025-12-28,2026-01-26
c000020,2025-12-28,2026-03-17
c000021,2025-12-28,2025-12-28
c000021,2025-12-28,2026-01-12
c000021,2025-12-28,2026-01-18
c000021,2025-12-28,2026-01-31
c000021,2025-12-28,2026-02-14
c000021,2025-12-28,2026-02-26
c000022,2025-12-28,2025-12-28
c000022,2025-12-28,2026-01-23
c000022,2025-12-28,2026-02-06
c000022,2025-12-28,2026-02-28
c000023,2025-12-28,2025-12-28
c000023,2025-12-28,2026-02-03
c000023,2025-12-28,2026-03-19
c000024,2025-12-28,2025-12-28
c000024,2025-12-28,2026-01-15
c000024,2025-12-28,2026-01-20
c000024,2025-12-28,2026-02-28
c000025,2025-12-28,2025-12-28
c000025,2025-12-28,2026-01-05
c000025,2025-12-28,2026-01-12
c000025,2025-12-28,2026-01-20
c000025,2025-12-28,2026-02-10
c000025,2025-12-28,2026-02-17
c000025,2025-12-28,2026-02-25
c000026,2025-12-28,2025-12-28
c000026,2025-12-28,2026-01-09
c000026,2025-12-28,2026-01-21
c000026,2025-12-28,2026-02-06
c000027,2025-12-28,2025-12-28
c000027,2025-12-28,2026-01-17
c000027,2025-12-28,2026-02-03
c000027,2025-12-28,2026-03-22
c000028,2025-12-28,2025-12-28
c000028,2025-12-28,2026-01-15
c000028,2025-12-28,2026-01-30
c000028,2025-12-28,2026-02-01
c000028,2025-12-28,2026-02-11
c000029,2025-12-28,2025-12-28
c000029,2025-12-28,2026-01-06
c000029,2025-12-28,2026-01-15
c000029,2025-12-28,2026-02-07
c000029,2025-12-28,2026-02-13
c000030,2025-12-28,2025-12-28
c000030,2025-12-28,2026-01-21
c000030,2025-12-28,2026-01-26
c000030,2025-12-28,2026-03-02
c000031,2025-12-28,2025-12-28
c000031,2025-12-28,2026-01-07
c000031,2025-12-28,2026-01-20
c000031,2025-12-28,2026-03-01
c000032,2025-12-28,2025-12-28
c000032,2025-12-28,2026-01-08
c000032,2025-12-28,2026-01-21
c000033,2025-12-28,2025-12-28
c000033,2025-12-28,2026-01-16
c000033,2025-12-28,2026-01-20
c000033,2025-12-28,2026-02-13
c000034,2025-12-28,2025-12-28
c000034,2025-12-28,2026-01-05
c000034,2025-12-28,2026-01-17
c000034,2025-12-28,2026-02-05
c000035,2025-12-28,2025-12-28
c000035,2025-12-28,2026-01-11
c000035,2025-12-28,2026-01-29
c000035,2025-12-28,2026-02-01
c000035,2025-12-28,2026-02-08
c000036,2025-12-28,2025-12-28
c000036,2025-12-28,2026-01-07
c000036,2025-12-28,2026-01-16
c000036,2025-12-28,2026-01-19
c000036,2025-12-28,2026-02-20
c000037,2025-12-28,2025-12-28
c000037,2025-12-28,2026-02-28
c000038,2025-12-28,2025-12-28
c000038,2025-12-28,2026-02-16
c000039,2025-12-28,2025-12-28
c000039,2025-12-28,2026-01-05
c000039,2025-12-28,2026-02-17
c000039,2025-12-28,2026-03-04
c000040,2025-12-28,2025-12-28
c000040,2025-12-28,2026-01-22
c000040,2025-12-28,2026-01-28
c000040,2025-12-28,2026-02-01
c000041,2025-12-28,2025-12-28
c000041,2025-12-28,2026-01-05
c000041,2025-12-28,2026-02-23
c000041,2025-12-28,2026-03-21
c000042,2025-12-28,2025-12-28
c000042,2025-12-28,2026-02-10
c000042,2025-12-28,2026-02-22
c000043,2025-12-28,2025-12-28
c000043,2025-12-28,2026-01-11
c000043,2025-12-28,2026-01-29
c000043,2025-12-28,2026-02-10
c000044,2025-12-28,2025-12-28
c000044,2025-12-28,2026-01-17
c000044,2025-12-28,2026-01-30
c000044,2025-12-28,2026-02-03
c000044,2025-12-28,2026-03-16
c000045,2025-12-28,2025-12-28
c000045,2025-12-28,2026-01-21
c000045,2025-12-28,2026-02-21
c000046,2025-12-28,2025-12-28
c000046,2025-12-28,2026-01-04
c000046,2025-12-28,2026-01-11
c000046,2025-12-28,2026-01-20
c000046,2025-12-28,2026-02-02
c000046,2025-12-28,2026-02-22
c000047,2025-12-28,2025-12-28
c000047,2025-12-28,2026-01-11
c000047,2025-12-28,2026-03-07
c000047,2025-12-28,2026-03-12
c000048,2025-12-28,2025-12-28
c000048,2025-12-28,2026-01-04
c000048,2025-12-28,2026-01-25
c000048,2025-12-28,2026-02-25
c000049,2025-12-28,2025-12-28
c000049,2025-12-28,2026-01-13
c000049,2025-12-28,2026-01-20
c000049,2025-12-28,2026-01-29
c000049,2025-12-28,2026-02-19
c000050,2025-12-28,2025-12-28
c000050,2025-12-28,2026-01-16
c000050,2025-12-28,2026-01-29
c000050,2025-12-28,2026-02-02
c000050,2025-12-28,2026-02-13
c000051,2025-12-28,2025-12-28
c000051,2025-12-28,2026-01-09
c000051,2025-12-28,2026-01-11
c000051,2025-12-28,2026-03-17
c000052,2025-12-28,2025-12-28
c000052,2025-12-28,2026-01-08
c000052,2025-12-28,2026-01-14
c000052,2025-12-28,2026-02-14
c000052,2025-12-28,2026-03-28
c000053,2025-12-28,2025-12-28
c000053,2025-12-28,2026-01-09
c000053,2025-12-28,2026-01-29
c000053,2025-12-28,2026-02-06
c000054,2025-12-28,2025-12-28
c000054,2025-12-28,2026-01-04
c000054,2025-12-28,2026-01-13
c000054,2025-12-28,2026-02-12
c000054,2025-12-28,2026-02-20
c000055,2025-12-28,2025-12-28
c000055,2025-12-28,2026-01-07
c000055,2025-12-28,2026-01-16
c000055,2025-12-28,2026-01-22
c000055,2025-12-28,2026-01-29
c000056,2025-12-28,2025-12-28
c000056,2025-12-28,2026-01-05
c000056,2025-12-28,2026-01-15
c000056,2025-12-28,2026-02-06
c000057,2025-12-28,2025-12-28
c000057,2025-12-28,2026-01-09
c000057,2025-12-28,2026-01-17
c000057,2025-12-28,2026-01-26
c000057,2025-12-28,2026-02-25
c000058,2025-12-28,2025-12-28
c000058,2025-12-28,2026-01-09
c000058,2025-12-28,2026-01-28
c000059,2025-12-28,2025-12-28
c000059,2025-12-28,2026-01-08
c000059,2025-12-28,2026-01-24
c000059,2025-12-28,2026-03-27
c000060,2025-12-28,2025-12-28
c000060,2025-12-28,2026-01-13
c000060,2025-12-28,2026-02-20
c000061,2025-12-28,2025-12-28
c000061,2025-12-28,2026-01-08
c000061,2025-12-28,2026-01-17
c000061,2025-12-28,2026-01-27
c000061,2025-12-28,2026-02-04
c000061,2025-12-28,2026-02-10
c000061,2025-12-28,2026-03-16
c000062,2025-12-28,2025-12-28
c000062,2025-12-28,2026-01-05
c000062,2025-12-28,2026-02-07
c000063,2025-12-28,2025-12-28
c000063,2025-12-28,2026-01-05
c000063,2025-12-28,2026-01-22
c000063,2025-12-28,2026-01-27
c000063,2025-12-28,2026-02-22
c000064,2025-12-28,2025-12-28
c000064,2025-12-28,2026-01-05
c000064,2025-12-28,2026-01-21
c000064,2025-12-28,2026-02-06
c000064,2025-12-28,2026-02-18
c000065,2025-12-28,2025-12-28
c000065,2025-12-28,2026-01-23
c000066,2025-12-28,2025-12-28
c000066,2025-12-28,2026-02-06
c000066,2025-12-28,2026-02-28
c000066,2025-12-28,2026-03-02
c000067,2025-12-28,2025-12-28
c000067,2025-12-28,2026-01-10
c000067,2025-12-28,2026-02-06
c000067,2025-12-28,2026-02-13
c000068,2025-12-28,2025-12-28
c000068,2025-12-28,2026-01-09
c000068,2025-12-28,2026-01-16
c000069,2025-12-28,2025-12-28
c000069,2025-12-28,2026-01-17
c000069,2025-12-28,2026-01-21
c000069,2025-12-28,2026-01-26
c000069,2025-12-28,2026-02-01
c000070,2025-12-28,2025-12-28
c000070,2025-12-28,2026-01-04
c000071,2025-12-28,2025-12-28
c000071,2025-12-28,2026-01-08
c000071,2025-12-28,2026-02-08
c000072,2025-12-28,2025-12-28
c000072,2025-12-28,2026-01-18
c000072,2025-12-28,2026-02-28
c000073,2025-12-28,2025-12-28
c000073,2025-12-28,2026-01-10
c000073,2025-12-28,2026-02-10
c000074,2025-12-28,2025-12-28
c000074,2025-12-28,2026-01-17
c000074,2025-12-28,2026-01-23
c000074,2025-12-28,2026-02-06
c000074,2025-12-28,2026-02-22
c000075,2025-12-28,2025-12-28
c000075,2025-12-28,2026-01-28
c000075,2025-12-28,2026-02-12
c000076,2025-12-28,2025-12-28
c000076,2025-12-28,2026-01-04
c000076,2025-12-28,2026-01-17
c000076,2025-12-28,2026-01-30
c000076,2025-12-28,2026-02-10
c000076,2025-12-28,2026-03-06
c000076,2025-12-28,2026-03-24
c000077,2025-12-28,2025-12-28
c000077,2025-12-28,2026-01-05
c000077,2025-12-28,2026-01-19
c000077,2025-12-28,2026-01-25
c000077,2025-12-28,2026-03-12
c000078,2025-12-28,2025-12-28
c000078,2025-12-28,2026-01-09
c000078,2025-12-28,2026-01-16
c000078,2025-12-28,2026-01-19
c000078,2025-12-28,2026-02-01
c000078,2025-12-28,2026-02-17
c000078,2025-12-28,2026-03-03
c000079,2025-12-28,2025-12-28
c000079,2025-12-28,2026-01-09
c000079,2025-12-28,2026-01-14
c000079,2025-12-28,2026-03-02
c000080,2025-12-28,2025-12-28
c000080,2025-12-28,2026-01-09
c000080,2025-12-28,2026-01-29
c000080,2025-12-28,2026-02-01
c000081,2025-12-28,2025-12-28
c000081,2025-12-28,2026-01-15
c000081,2025-12-28,2026-01-26
c000081,2025-12-28,2026-02-07
c000081,2025-12-28,2026-02-10
c000082,2025-12-28,2025-12-28
c000082,2025-12-28,2026-01-17
c000083,2025-12-28,2025-12-28
c000083,2025-12-28,2026-01-04
c000083,2025-12-28,2026-01-26
c000083,2025-12-28,2026-02-20
c000083,2025-12-28,2026-03-07
c000084,2025-12-28,2025-12-28
c000084,2025-12-28,2026-01-04
c000084,2025-12-28,2026-01-13
c000084,2025-12-28,2026-01-31
c000085,2025-12-28,2025-12-28
c000085,2025-12-28,2026-01-30
c000085,2025-12-28,2026-02-01
c000086,2025-12-28,2025-12-28
c000086,2025-12-28,2026-01-21
c000086,2025-12-28,2026-02-15
c000086,2025-12-28,2026-02-23
c000087,2025-12-28,2025-12-28
c000087,2025-12-28,2026-01-10
c000087,2025-12-28,2026-01-20
c000088,2025-12-28,2025-12-28
c000089,2025-12-28,2025-12-28
c000089,2025-12-28,2026-01-14
c000089,2025-12-28,2026-02-07
c000089,2025-12-28,2026-02-23
c000089,2025-12-28,2026-03-11
c000090,2025-12-28,2025-12-28
c000090,2025-12-28,2026-01-09
c000090,2025-12-28,2026-01-15
c000090,2025-12-28,2026-02-21
c000090,2025-12-28,2026-03-18
c000091,2025-12-28,2025-12-28
c000091,2025-12-28,2026-01-12
c000091,2025-12-28,2026-01-18
c000091,2025-12-28,2026-02-01
c000091,2025-12-28,2026-03-21
c000092,2025-12-28,2025-12-28
c000092,2025-12-28,2026-01-09
c000092,2025-12-28,2026-01-21
c000093,2025-12-28,2025-12-28
c000093,2025-12-28,2026-01-21
c000093,2025-12-28,2026-01-30
c000093,2025-12-28,2026-02-16
c000094,2025-12-28,2025-12-28
c000094,2025-12-28,2026-01-09
c000094,2025-12-28,2026-02-28
c000095,2025-12-28,2025-12-28
c000095,2025-12-28,2026-01-05
c000095,2025-12-28,2026-02-04
c000095,2025-12-28,2026-03-02
c000095,2025-12-28,2026-03-14
c000096,2025-12-28,2025-12-28
c000096,2025-12-28,2026-03-23
c000097,2025-12-28,2025-12-28
c000097,2025-12-28,2026-01-18
c000098,2025-12-28,2025-12-28
c000098,2025-12-28,2026-01-12
c000098,2025-12-28,2026-01-31
c000099,2025-12-28,2025-12-28
c000099,2025-12-28,2026-01-20
c000100,2025-12-28,2025-12-28
c000100,2025-12-28,2026-01-06
c000100,2025-12-28,2026-01-13
c000100,2025-12-28,2026-02-28
c000101,2025-12-28,2025-12-28
c000101,2025-12-28,2026-01-09
c000101,2025-12-28,2026-01-14
c000101,2025-12-28,2026-01-19
c000102,2025-12-28,2025-12-28
c000102,2025-12-28,2026-01-14
c000102,2025-12-28,2026-01-18
c000102,2025-12-28,2026-02-02
c000103,2025-12-28,2025-12-28
c000103,2025-12-28,2026-01-15
c000103,2025-12-28,2026-02-05
c000103,2025-12-28,2026-02-14
c000103,2025-12-28,2026-02-27
c000104,2025-12-28,2025-12-28
c000104,2025-12-28,2026-01-08
c000104,2025-12-28,2026-01-18
c000104,2025-12-28,2026-02-20
c000105,2025-12-28,2025-12-28
c000105,2025-12-28,2026-01-09
c000105,2025-12-28,2026-01-24
c000106,2025-12-28,2025-12-28
c000106,2025-12-28,2026-02-09
c000106,2025-12-28,2026-02-16
c000107,2025-12-28,2025-12-28
c000107,2025-12-28,2026-01-05
c000107,2025-12-28,2026-01-16
c000108,2025-12-28,2025-12-28
c000108,2025-12-28,2026-01-07
c000108,2025-12-28,2026-01-15
c000109,2025-12-28,2025-12-28
c000109,2025-12-28,2026-01-06
c000109,2025-12-28,2026-01-20
c000109,2025-12-28,2026-02-16
c000109,2025-12-28,2026-03-28
c000110,2025-12-28,2025-12-28
c000110,2025-12-28,2026-01-08
c000110,2025-12-28,2026-01-13
c000110,2025-12-28,2026-01-30
c000110,2025-12-28,2026-02-12
c000110,2025-12-28,2026-03-01
c000111,2025-12-28,2025-12-28
c000112,2025-12-28,2025-12-28
c000112,2025-12-28,2026-01-04
c000112,2025-12-28,2026-01-20
c000112,2025-12-28,2026-02-18
c000113,2025-12-28,2025-12-28
c000113,2025-12-28,2026-01-08
c000113,2025-12-28,2026-01-21
c000113,2025-12-28,2026-01-25
c000114,2025-12-28,2025-12-28
c000114,2025-12-28,2026-01-04
c000114,2025-12-28,2026-01-11
c000114,2025-12-28,2026-02-21
c000114,2025-12-28,2026-03-07
c000115,2025-12-28,2025-12-28
c000115,2025-12-28,2026-01-18
c000115,2025-12-28,2026-02-10
c000115,2025-12-28,2026-02-16
c000116,2025-12-28,2025-12-28
c000116,2025-12-28,2026-01-10
c000116,2025-12-28,2026-01-30
c000116,2025-12-28,2026-02-01
c000116,2025-12-28,2026-02-20
c000117,2025-12-28,2025-12-28
c000117,2025-12-28,2026-01-29
c000117,2025-12-28,2026-02-21
c000118,2025-12-28,2025-12-28
c000118,2025-12-28,2026-01-06
c000118,2025-12-28,2026-01-11
c000119,2025-12-28,2025-12-28
c000119,2025-12-28,2026-01-17
c000119,2025-12-28,2026-01-29
c000119,2025-12-28,2026-03-14
c000120,2025-12-28,2025-12-28
c000120,2025-12-28,2026-01-06
c000120,2025-12-28,2026-02-09
c000120,2025-12-28,2026-03-07
c000120,2025-12-28,2026-03-14
c000121,2025-12-28,2025-12-28
c000121,2025-12-28,2026-01-23
c000121,2025-12-28,2026-01-30
c000121,2025-12-28,2026-02-11
c000122,2025-12-28,2025-12-28
c000122,2025-12-28,2026-01-05
c000122,2025-12-28,2026-01-30
c000122,2025-12-28,2026-02-05
c000122,2025-12-28,2026-03-04
c000122,2025-12-28,2026-03-08
c000123,2025-12-28,2025-12-28
c000123,2025-12-28,2026-01-16
c000123,2025-12-28,2026-01-19
c000123,2025-12-28,2026-02-22
c000124,2025-12-28,2025-12-28
c000124,2025-12-28,2026-01-14
c000124,2025-12-28,2026-02-20
c000125,2025-12-28,2025-12-28
c000125,2025-12-28,2026-02-26
c000125,2025-12-28,2026-03-13
c000126,2025-12-28,2025-12-28
c000126,2025-12-28,2026-01-08
c000126,2025-12-28,2026-01-16
c000127,2025-12-28,2025-12-28
c000127,2025-12-28,2026-01-09
c000128,2025-12-28,2025-12-28
c000128,2025-12-28,2026-01-14
c000128,2025-12-28,2026-02-08
c000128,2025-12-28,2026-02-19
c000129,2025-12-28,2025-12-28
c000129,2025-12-28,2026-01-10
c000130,2025-12-28,2025-12-28
c000130,2025-12-28,2026-02-05
c000131,2025-12-28,2025-12-28
c000131,2025-12-28,2026-01-17
c000132,2025-12-28,2025-12-28
c000132,2025-12-28,2026-01-24
c000132,2025-12-28,2026-02-19
c000132,2025-12-28,2026-02-28
c000133,2025-12-28,2025-12-28
c000133,2025-12-28,2026-01-10
c000133,2025-12-28,2026-02-07
c000134,2025-12-28,2025-12-28
c000134,2025-12-28,2026-01-17
c000134,2025-12-28,2026-01-18
c000134,2025-12-28,2026-01-27
c000134,2025-12-28,2026-02-11
c000134,2025-12-28,2026-02-16
c000135,2025-12-28,2025-12-28
c000135,2025-12-28,2026-01-05
c000135,2025-12-28,2026-01-11
c000135,2025-12-28,2026-01-26
c000135,2025-12-28,2026-02-08
c000136,2025-12-28,2025-12-28
c000136,2025-12-28,2026-01-08
c000136,2025-12-28,2026-01-24
c000137,2025-12-28,2025-12-28
c000137,2025-12-28,2026-01-04
c000137,2025-12-28,2026-01-17
c000137,2025-12-28,2026-02-15
c000137,2025-12-28,2026-03-12
c000138,2025-12-28,2025-12-28
c000138,2025-12-28,2026-01-06
c000138,2025-12-28,2026-01-12
c000138,2025-12-28,2026-01-20
c000138,2025-12-28,2026-03-13
c000139,2025-12-28,2025-12-28
c000139,2025-12-28,2026-01-14
c000139,2025-12-28,2026-01-18
c000139,2025-12-28,2026-01-29
c000139,2025-12-28,2026-02-12
c000140,2025-12-28,2025-12-28
c000140,2025-12-28,2026-01-10
c000140,2025-12-28,2026-01-15
c000140,2025-12-28,2026-02-02
c000140,2025-12-28,2026-02-12
c000140,2025-12-28,2026-03-07
c000140,2025-12-28,2026-03-14
c000141,2025-12-28,2025-12-28
c000141,2025-12-28,2026-01-17
c000141,2025-12-28,2026-01-27
c000142,2025-12-28,2025-12-28
c000142,2025-12-28,2026-01-06
c000142,2025-12-28,2026-01-15
c000142,2025-12-28,2026-02-07
c000142,2025-12-28,2026-03-10
c000143,2025-12-28,2025-12-28
c000144,2025-12-28,2025-12-28
c000144,2025-12-28,2026-01-17
c000144,2025-12-28,2026-01-25
c000144,2025-12-28,2026-02-07
c000145,2025-12-28,2025-12-28
c000145,2025-12-28,2026-01-07
c000145,2025-12-28,2026-01-16
c000145,2025-12-28,2026-01-23
c000145,2025-12-28,2026-01-25
c000146,2025-12-28,2025-12-28
c000146,2025-12-28,2026-01-10
c000146,2025-12-28,2026-02-09
c000146,2025-12-28,2026-03-21
c000147,2025-12-28,2025-12-28
c000147,2025-12-28,2026-01-09
c000147,2025-12-28,2026-02-25
c000148,2025-12-28,2025-12-28
c000148,2025-12-28,2026-01-14
c000148,2025-12-28,2026-01-24
c000148,2025-12-28,2026-01-31
c000148,2025-12-28,2026-03-17
c000149,2025-12-28,2025-12-28
c000149,2025-12-28,2026-01-05
c000149,2025-12-28,2026-01-13
c000149,2025-12-28,2026-01-30
c000149,2025-12-28,2026-02-21
c000150,2025-12-28,2025-12-28
c000150,2025-12-28,2026-01-05
c000150,2025-12-28,2026-01-15
c000150,2025-12-28,2026-01-24
c000150,2025-12-28,2026-02-09
c000151,2025-12-28,2025-12-28
c000151,2025-12-28,2026-01-08
c000151,2025-12-28,2026-01-12
c000151,2025-12-28,2026-01-29
c000151,2025-12-28,2026-02-01
c000152,2025-12-28,2025-12-28
c000152,2025-12-28,2026-01-21
c000153,2025-12-28,2025-12-28
c000153,2025-12-28,2026-01-12
c000153,2025-12-28,2026-01-24
c000153,2025-12-28,2026-03-02
c000154,2025-12-28,2025-12-28
c000154,2025-12-28,2026-01-09
c000154,2025-12-28,2026-01-19
c000155,2025-12-28,2025-12-28
c000155,2025-12-28,2026-01-10
c000155,2025-12-28,2026-01-11
c000155,2025-12-28,2026-02-06
c000155,2025-12-28,2026-02-18
c000156,2025-12-28,2025-12-28
c000156,2025-12-28,2026-02-12
c000156,2025-12-28,2026-03-11
c000157,2025-12-28,2025-12-28
c000157,2025-12-28,2026-01-06
c000157,2025-12-28,2026-03-07
c000158,2025-12-28,2025-12-28
c000158,2025-12-28,2026-01-07
c000158,2025-12-28,2026-01-27
c000158,2025-12-28,2026-02-18
c000158,2025-12-28,2026-02-26
c000159,2025-12-28,2025-12-28
c000159,2025-12-28,2026-01-20
c000159,2025-12-28,2026-01-30
c000159,2025-12-28,2026-03-14
c000160,2025-12-28,2025-12-28
c000160,2025-12-28,2026-01-09
c000161,2025-12-28,2025-12-28
c000161,2025-12-28,2026-01-11
c000161,2025-12-28,2026-02-27
c000162,2025-12-28,2025-12-28
c000162,2025-12-28,2026-01-04
c000162,2025-12-28,2026-01-21
c000162,2025-12-28,2026-02-07
c000163,2025-12-28,2025-12-28
c000164,2025-12-28,2025-12-28
c000164,2025-12-28,2026-01-10
c000164,2025-12-28,2026-01-27
c000164,2025-12-28,2026-02-12
c000165,2025-12-28,2025-12-28
c000165,2025-12-28,2026-01-12
c000166,2025-12-28,2025-12-28
c000166,2025-12-28,2026-01-04
c000166,2025-12-28,2026-01-31
c000167,2025-12-28,2025-12-28
c000167,2025-12-28,2026-01-05
c000167,2025-12-28,2026-01-16
c000167,2025-12-28,2026-01-22
c000168,2025-12-28,2025-12-28
c000168,2025-12-28,2026-01-08
c000169,2025-12-28,2025-12-28
c000169,2025-12-28,2026-01-13
c000169,2025-12-28,2026-01-29
c000169,2025-12-28,2026-02-11
c000169,2025-12-28,2026-02-15
c000169,2025-12-28,2026-02-25
c000170,2025-12-28,2025-12-28
c000170,2025-12-28,2026-01-10
c000170,2025-12-28,2026-01-15
c000170,2025-12-28,2026-01-30
c000171,2025-12-28,2025-12-28
c000171,2025-12-28,2026-01-09
c000171,2025-12-28,2026-01-25
c000171,2025-12-28,2026-02-12
c000172,2025-12-28,2025-12-28
c000172,2025-12-28,2026-01-06
c000172,2025-12-28,2026-01-29
c000172,2025-12-28,2026-02-28
c000172,2025-12-28,2026-03-18
c000173,2025-12-28,2025-12-28
c000173,2025-12-28,2026-01-11
c000173,2025-12-28,2026-01-23
c000174,2025-12-28,2025-12-28
c000174,2025-12-28,2026-01-30
c000175,2025-12-28,2025-12-28
c000175,2025-12-28,2026-01-04
c000175,2025-12-28,2026-02-09
c000175,2025-12-28,2026-02-17
c000176,2025-12-28,2025-12-28
c000176,2025-12-28,2026-01-04
c000176,2025-12-28,2026-01-18
c000176,2025-12-28,2026-02-16
c000177,2025-12-28,2025-12-28
c000177,2025-12-28,2026-02-16
c000178,2025-12-28,2025-12-28
c000178,2025-12-28,2026-01-23
c000179,2025-12-28,2025-12-28
c000179,2025-12-28,2026-01-04
c000179,2025-12-28,2026-01-11
c000179,2025-12-28,2026-01-22
c000179,2025-12-28,2026-03-01
c000180,2025-12-28,2025-12-28
c000180,2025-12-28,2026-01-07
c000180,2025-12-28,2026-01-14
c000180,2025-12-28,2026-01-24
c000180,2025-12-28,2026-01-28
c000180,2025-12-28,2026-02-18
c000180,2025-12-28,2026-03-13
c000181,2025-12-28,2025-12-28
c000181,2025-12-28,2026-01-07
c000181,2025-12-28,2026-01-15
c000181,2025-12-28,2026-01-19
c000182,2025-12-28,2025-12-28
c000182,2025-12-28,2026-02-01
c000183,2025-12-28,2025-12-28
c000183,2025-12-28,2026-01-09
c000183,2025-12-28,2026-01-16
c000183,2025-12-28,2026-01-23
c000183,2025-12-28,2026-01-29
c000184,2025-12-28,2025-12-28
c000184,2025-12-28,2026-02-04
c000185,2025-12-28,2025-12-28
c000185,2025-12-28,2026-01-24
c000186,2025-12-28,2025-12-28
c000187,2025-12-28,2025-12-28
c000187,2025-12-28,2026-01-07
c000187,2025-12-28,2026-01-11
c000187,2025-12-28,2026-02-20
c000188,2025-12-28,2025-12-28
c000188,2025-12-28,2026-02-05
c000189,2025-12-28,2025-12-28
c000189,2025-12-28,2026-02-03
c000189,2025-12-28,2026-02-21
c000190,2025-12-28,2025-12-28
c000190,2025-12-28,2026-02-10
c000191,2025-12-28,2025-12-28
c000191,2025-12-28,2026-01-09
c000191,2025-12-28,2026-02-04
c000191,2025-12-28,2026-02-19
c000192,2025-12-28,2025-12-28
c000192,2025-12-28,2026-01-05
c000192,2025-12-28,2026-02-03
c000192,2025-12-28,2026-02-13
c000193,2025-12-28,2025-12-28
c000193,2025-12-28,2026-01-04
c000193,2025-12-28,2026-01-29
c000193,2025-12-28,2026-02-05
c000193,2025-12-28,2026-02-08
c000193,2025-12-28,2026-03-03
c000194,2025-12-28,2025-12-28
c000194,2025-12-28,2026-01-04
c000194,2025-12-28,2026-01-15
c000195,2025-12-28,2025-12-28
c000195,2025-12-28,2026-01-11
c000195,2025-12-28,2026-01-31
c000195,2025-12-28,2026-03-05
c000196,2025-12-28,2025-12-28
c000196,2025-12-28,2026-01-07
c000196,2025-12-28,2026-01-12
c000196,2025-12-28,2026-01-22
c000196,2025-12-28,2026-02-06
c000197,2025-12-28,2025-12-28
c000197,2025-12-28,2026-01-16
c000197,2025-12-28,2026-02-03
c000197,2025-12-28,2026-03-04
c000198,2025-12-28,2025-12-28
c000198,2025-12-28,2026-01-07
c000199,2025-12-28,2025-12-28
c000199,2025-12-28,2026-01-16
c000199,2025-12-28,2026-01-19
c000199,2025-12-28,2026-02-14
c000200,2025-12-28,2025-12-28
c000200,2025-12-28,2026-01-06
c000200,2025-12-28,2026-01-14
c000200,2025-12-28,2026-01-20
c000200,2025-12-28,2026-02-02
c000201,2025-12-28,2025-12-28
c000201,2025-12-28,2026-01-10
c000201,2025-12-28,2026-01-13
c000201,2025-12-28,2026-02-13
c000201,2025-12-28,2026-03-11
c000202,2025-12-28,2025-12-28
c000202,2025-12-28,2026-01-04
c000202,2025-12-28,2026-01-15
c000202,2025-12-28,2026-01-22
c000202,2025-12-28,2026-02-05
c000202,2025-12-28,2026-02-19
c000203,2025-12-28,2025-12-28
c000203,2025-12-28,2026-01-07
c000203,2025-12-28,2026-02-19
c000203,2025-12-28,2026-03-19
c000203,2025-12-28,2026-03-27
c000204,2025-12-28,2025-12-28
c000204,2025-12-28,2026-01-08
c000204,2025-12-28,2026-01-30
c000204,2025-12-28,2026-03-23
c000205,2025-12-28,2025-12-28
c000205,2025-12-28,2026-01-10
c000206,2025-12-28,2025-12-28
c000206,2025-12-28,2026-01-06
c000206,2025-12-28,2026-01-17
c000207,2025-12-28,2025-12-28
c000207,2025-12-28,2026-01-19
c000207,2025-12-28,2026-02-04
c000208,2025-12-28,2025-12-28
c000208,2025-12-28,2026-01-10
c000208,2025-12-28,2026-02-07
c000208,2025-12-28,2026-02-08
c000208,2025-12-28,2026-03-13
c000209,2025-12-28,2025-12-28
c000209,2025-12-28,2026-01-25
c000209,2025-12-28,2026-02-02
c000209,2025-12-28,2026-02-15
c000210,2025-12-28,2025-12-28
c000210,2025-12-28,2026-01-14
c000210,2025-12-28,2026-02-04
c000211,2025-12-28,2025-12-28
c000212,2025-12-28,2025-12-28
c000212,2025-12-28,2026-01-16
c000212,2025-12-28,2026-03-11
c000212,2025-12-28,2026-03-25
c000213,2025-12-28,2025-12-28
c000213,2025-12-28,2026-01-08
c000213,2025-12-28,2026-01-14
c000213,2025-12-28,2026-01-21
c000213,2025-12-28,2026-02-02
c000213,2025-12-28,2026-02-21
c000214,2025-12-28,2025-12-28
c000214,2025-12-28,2026-01-16
c000214,2025-12-28,2026-01-19
c000214,2025-12-28,2026-02-06
c000214,2025-12-28,2026-02-15
c000215,2025-12-28,2025-12-28
c000215,2025-12-28,2026-01-06
c000215,2025-12-28,2026-01-28
c000216,2025-12-28,2025-12-28
c000216,2025-12-28,2026-01-14
c000216,2025-12-28,2026-01-21
c000216,2025-12-28,2026-01-28
c000216,2025-12-28,2026-02-15
c000217,2025-12-28,2025-12-28
c000217,2025-12-28,2026-01-07
c000217,2025-12-28,2026-02-13
c000217,2025-12-28,2026-03-05
c000218,2025-12-28,2025-12-28
c000218,2025-12-28,2026-01-17
c000218,2025-12-28,2026-03-08
c000219,2025-12-28,2025-12-28
c000219,2025-12-28,2026-01-04
c000219,2025-12-28,2026-01-13
c000219,2025-12-28,2026-02-14
c000219,2025-12-28,2026-03-04
c000220,2025-12-28,2025-12-28
c000220,2025-12-28,2026-01-10
c000220,2025-12-28,2026-01-16
c000220,2025-12-28,2026-03-06
c000221,2025-12-28,2025-12-28
c000221,2025-12-28,2026-01-08
c000221,2025-12-28,2026-01-15
c000221,2025-12-28,2026-01-20
c000221,2025-12-28,2026-01-26
c000221,2025-12-28,2026-03-05
c000222,2025-12-28,2025-12-28
c000222,2025-12-28,2026-01-10
c000222,2025-12-28,2026-01-18
c000222,2025-12-28,2026-01-29
c000223,2025-12-28,2025-12-28
c000223,2025-12-28,2026-03-11
c000224,2025-12-28,2025-12-28
c000224,2025-12-28,2026-01-07
c000224,2025-12-28,2026-01-15
c000224,2025-12-28,2026-01-24
c000225,2025-12-28,2025-12-28
c000225,2025-12-28,2026-01-28
c000226,2025-12-28,2025-12-28
c000226,2025-12-28,2026-01-04
c000226,2025-12-28,2026-01-17
c000226,2025-12-28,2026-01-24
c000226,2025-12-28,2026-02-28
c000227,2025-12-28,2025-12-28
c000227,2025-12-28,2026-01-10
c000227,2025-12-28,2026-01-19
c000227,2025-12-28,2026-02-20
c000228,2025-12-28,2025-12-28
c000228,2025-12-28,2026-01-05
c000228,2025-12-28,2026-01-28
c000229,2025-12-28,2025-12-28
c000229,2025-12-28,2026-01-11
c000229,2025-12-28,2026-01-18
c000229,2025-12-28,2026-03-14
c000230,2025-12-28,2025-12-28
c000230,2025-12-28,2026-01-07
c000230,2025-12-28,2026-01-16
c000230,2025-12-28,2026-02-24
c000230,2025-12-28,2026-03-08
c000231,2025-12-28,2025-12-28
c000231,2025-12-28,2026-01-22
c000231,2025-12-28,2026-01-25
c000231,2025-12-28,2026-02-08
c000232,2025-12-28,2025-12-28
c000232,2025-12-28,2026-01-05
c000232,2025-12-28,2026-01-14
c000233,2025-12-28,2025-12-28
c000233,2025-12-28,2026-02-10
c000233,2025-12-28,2026-02-15
c000233,2025-12-28,2026-03-05
c000234,2025-12-28,2025-12-28
c000234,2025-12-28,2026-01-09
c000234,2025-12-28,2026-01-12
c000234,2025-12-28,2026-02-18
c000234,2025-12-28,2026-02-28
c000235,2025-12-28,2025-12-28
c000235,2025-12-28,2026-01-20
c000236,2025-12-28,2025-12-28
c000236,2025-12-28,2026-01-04
c000236,2025-12-28,2026-01-28
c000236,2025-12-28,2026-02-21
c000237,2025-12-28,2025-12-28
c000237,2025-12-28,2026-01-08
c000237,2025-12-28,2026-01-15
c000237,2025-12-28,2026-02-07
c000238,2025-12-28,2025-12-28
c000238,2025-12-28,2026-01-17
c000238,2025-12-28,2026-01-24
c000238,2025-12-28,2026-02-08
c000238,2025-12-28,2026-02-23
c000239,2026-01-04,2026-01-04
c000239,2026-01-04,2026-01-11
c000239,2026-01-04,2026-01-23
c000239,2026-01-04,2026-01-31
c000239,2026-01-04,2026-02-02
c000239,2026-01-04,2026-03-06
c000239,2026-01-04,2026-04-04
c000240,2026-01-04,2026-01-04
c000240,2026-01-04,2026-01-16
c000240,2026-01-04,2026-01-27
c000240,2026-01-04,2026-02-13
c000240,2026-01-04,2026-02-24
c000241,2026-01-04,2026-01-04
c000241,2026-01-04,2026-01-27
c000241,2026-01-04,2026-02-15
c000242,2026-01-04,2026-01-04
c000242,2026-01-04,2026-03-02
c000242,2026-01-04,2026-03-22
c000243,2026-01-04,2026-01-04
c000243,2026-01-04,2026-01-15
c000243,2026-01-04,2026-01-28
c000243,2026-01-04,2026-02-02
c000243,2026-01-04,2026-03-13
c000243,2026-01-04,2026-03-20
c000244,2026-01-04,2026-01-04
c000244,2026-01-04,2026-01-21
c000244,2026-01-04,2026-03-02
c000245,2026-01-04,2026-01-04
c000245,2026-01-04,2026-01-16
c000245,2026-01-04,2026-01-27
c000245,2026-01-04,2026-02-01
c000246,2026-01-04,2026-01-04
c000246,2026-01-04,2026-01-16
c000246,2026-01-04,2026-01-21
c000247,2026-01-04,2026-01-04
c000247,2026-01-04,2026-01-14
c000247,2026-01-04,2026-01-19
c000248,2026-01-04,2026-01-04
c000248,2026-01-04,2026-01-17
c000248,2026-01-04,2026-01-20
c000249,2026-01-04,2026-01-04
c000249,2026-01-04,2026-02-27
c000249,2026-01-04,2026-03-01
c000249,2026-01-04,2026-03-21
c000250,2026-01-04,2026-01-04
c000250,2026-01-04,2026-01-11
c000250,2026-01-04,2026-01-20
c000250,2026-01-04,2026-01-27
c000251,2026-01-04,2026-01-04
c000251,2026-01-04,2026-01-11
c000251,2026-01-04,2026-01-22
c000251,2026-01-04,2026-02-13
c000251,2026-01-04,2026-02-20
c000251,2026-01-04,2026-03-09
c000251,2026-01-04,2026-03-21
c000251,2026-01-04,2026-04-03
c000252,2026-01-04,2026-01-04
c000252,2026-01-04,2026-01-21
c000252,2026-01-04,2026-01-25
c000252,2026-01-04,2026-02-14
c000252,2026-01-04,2026-03-09
c000253,2026-01-04,2026-01-04
c000253,2026-01-04,2026-01-12
c000253,2026-01-04,2026-01-24
c000254,2026-01-04,2026-01-04
c000254,2026-01-04,2026-01-18
c000254,2026-01-04,2026-01-31
c000254,2026-01-04,2026-02-01
c000255,2026-01-04,2026-01-04
c000255,2026-01-04,2026-01-12
c000255,2026-01-04,2026-01-18
c000255,2026-01-04,2026-03-04
c000256,2026-01-04,2026-01-04
c000256,2026-01-04,2026-01-11
c000256,2026-01-04,2026-02-02
c000256,2026-01-04,2026-02-24
c000256,2026-01-04,2026-03-15
c000257,2026-01-04,2026-01-04
c000257,2026-01-04,2026-01-14
c000257,2026-01-04,2026-01-30
c000257,2026-01-04,2026-02-21
c000258,2026-01-04,2026-01-04
c000258,2026-01-04,2026-01-26
c000258,2026-01-04,2026-02-05
c000258,2026-01-04,2026-02-09
c000258,2026-01-04,2026-02-22
c000258,2026-01-04,2026-03-03
c000259,2026-01-04,2026-01-04
c000259,2026-01-04,2026-01-13
c000259,2026-01-04,2026-01-18
c000259,2026-01-04,2026-01-30
c000259,2026-01-04,2026-02-14
c000259,2026-01-04,2026-03-09
c000260,2026-01-04,2026-01-04
c000260,2026-01-04,2026-01-12
c000260,2026-01-04,2026-01-20
c000260,2026-01-04,2026-02-24
c000260,2026-01-04,2026-03-13
c000261,2026-01-04,2026-01-04
c000261,2026-01-04,2026-01-17
c000261,2026-01-04,2026-02-14
c000262,2026-01-04,2026-01-04
c000262,2026-01-04,2026-03-08
c000263,2026-01-04,2026-01-04
c000263,2026-01-04,2026-02-12
c000264,2026-01-04,2026-01-04
c000264,2026-01-04,2026-01-14
c000264,2026-01-04,2026-02-10
c000265,2026-01-04,2026-01-04
c000265,2026-01-04,2026-01-13
c000265,2026-01-04,2026-01-22
c000266,2026-01-04,2026-01-04
c000266,2026-01-04,2026-01-25
c000266,2026-01-04,2026-03-03
c000267,2026-01-04,2026-01-04
c000267,2026-01-04,2026-01-31
c000268,2026-01-04,2026-01-04
c000268,2026-01-04,2026-01-18
c000268,2026-01-04,2026-02-08
c000269,2026-01-04,2026-01-04
c000269,2026-01-04,2026-03-16
c000270,2026-01-04,2026-01-04
c000270,2026-01-04,2026-01-19
c000270,2026-01-04,2026-02-04
c000270,2026-01-04,2026-02-28
c000271,2026-01-04,2026-01-04
c000271,2026-01-04,2026-01-20
c000271,2026-01-04,2026-01-31
c000271,2026-01-04,2026-02-13
c000271,2026-01-04,2026-02-17
c000272,2026-01-04,2026-01-04
c000272,2026-01-04,2026-01-17
c000272,2026-01-04,2026-01-19
c000272,2026-01-04,2026-01-28
c000272,2026-01-04,2026-02-14
c000272,2026-01-04,2026-02-16
c000272,2026-01-04,2026-03-19
c000273,2026-01-04,2026-01-04
c000273,2026-01-04,2026-01-19
c000273,2026-01-04,2026-02-02
c000273,2026-01-04,2026-02-08
c000273,2026-01-04,2026-02-16
c000273,2026-01-04,2026-02-28
c000274,2026-01-04,2026-01-04
c000274,2026-01-04,2026-01-17
c000274,2026-01-04,2026-01-23
c000274,2026-01-04,2026-01-29
c000274,2026-01-04,2026-02-05
c000275,2026-01-04,2026-01-04
c000275,2026-01-04,2026-01-13
c000275,2026-01-04,2026-01-20
c000275,2026-01-04,2026-02-04
c000276,2026-01-04,2026-01-04
c000276,2026-01-04,2026-01-12
c000277,2026-01-04,2026-01-04
c000277,2026-01-04,2026-02-13
c000278,2026-01-04,2026-01-04
c000278,2026-01-04,2026-01-12
c000278,2026-01-04,2026-02-11
c000279,2026-01-04,2026-01-04
c000279,2026-01-04,2026-01-12
c000279,2026-01-04,2026-02-08
c000280,2026-01-04,2026-01-04
c000280,2026-01-04,2026-01-21
c000280,2026-01-04,2026-02-03
c000280,2026-01-04,2026-02-09
c000281,2026-01-04,2026-01-04
c000281,2026-01-04,2026-01-29
c000282,2026-01-04,2026-01-04
c000282,2026-01-04,2026-01-18
c000282,2026-01-04,2026-02-03
c000283,2026-01-04,2026-01-04
c000283,2026-01-04,2026-02-06
c000283,2026-01-04,2026-02-22
c000283,2026-01-04,2026-03-05
c000284,2026-01-04,2026-01-04
c000284,2026-01-04,2026-01-11
c000284,2026-01-04,2026-01-23
c000284,2026-01-04,2026-02-13
c000284,2026-01-04,2026-03-07
c000284,2026-01-04,2026-03-11
c000285,2026-01-04,2026-01-04
c000285,2026-01-04,2026-01-25
c000285,2026-01-04,2026-02-19
c000285,2026-01-04,2026-02-24
c000286,2026-01-04,2026-01-04
c000286,2026-01-04,2026-01-11
c000286,2026-01-04,2026-01-25
c000286,2026-01-04,2026-02-02
c000286,2026-01-04,2026-03-10
c000287,2026-01-04,2026-01-04
c000287,2026-01-04,2026-01-12
c000287,2026-01-04,2026-01-22
c000288,2026-01-04,2026-01-04
c000288,2026-01-04,2026-01-18
c000288,2026-01-04,2026-02-06
c000288,2026-01-04,2026-02-11
c000288,2026-01-04,2026-03-20
c000289,2026-01-04,2026-01-04
c000289,2026-01-04,2026-01-11
c000289,2026-01-04,2026-02-07
c000289,2026-01-04,2026-03-01
c000290,2026-01-04,2026-01-04
c000290,2026-01-04,2026-01-12
c000290,2026-01-04,2026-01-25
c000290,2026-01-04,2026-02-03
c000291,2026-01-04,2026-01-04
c000292,2026-01-04,2026-01-04
c000292,2026-01-04,2026-01-12
c000292,2026-01-04,2026-01-29
c000292,2026-01-04,2026-03-11
c000293,2026-01-04,2026-01-04
c000293,2026-01-04,2026-01-13
c000293,2026-01-04,2026-01-18
c000293,2026-01-04,2026-02-28
c000294,2026-01-04,2026-01-04
c000294,2026-01-04,2026-01-13
c000294,2026-01-04,2026-01-19
c000294,2026-01-04,2026-01-26
c000295,2026-01-04,2026-01-04
c000295,2026-01-04,2026-01-15
c000295,2026-01-04,2026-01-28
c000296,2026-01-04,2026-01-04
c000296,2026-01-04,2026-01-25
c000296,2026-01-04,2026-03-04
c000297,2026-01-04,2026-01-04
c000297,2026-01-04,2026-01-30
c000297,2026-01-04,2026-02-10
c000297,2026-01-04,2026-03-05
c000297,2026-01-04,2026-03-13
c000298,2026-01-04,2026-01-04
c000298,2026-01-04,2026-01-17
c000298,2026-01-04,2026-02-15
c000299,2026-01-04,2026-01-04
c000299,2026-01-04,2026-01-17
c000299,2026-01-04,2026-01-27
c000299,2026-01-04,2026-02-14
c000299,2026-01-04,2026-02-20
c000300,2026-01-04,2026-01-04
c000300,2026-01-04,2026-01-23
c000300,2026-01-04,2026-01-27
c000300,2026-01-04,2026-02-13
c000301,2026-01-04,2026-01-04
c000301,2026-01-04,2026-01-30
c000301,2026-01-04,2026-02-11
c000301,2026-01-04,2026-03-12
c000301,2026-01-04,2026-03-27
c000302,2026-01-04,2026-01-04
c000302,2026-01-04,2026-01-16
c000302,2026-01-04,2026-02-05
c000302,2026-01-04,2026-02-13
c000303,2026-01-04,2026-01-04
c000303,2026-01-04,2026-01-31
c000303,2026-01-04,2026-02-21
c000304,2026-01-04,2026-01-04
c000304,2026-01-04,2026-01-31
c000304,2026-01-04,2026-02-27
c000305,2026-01-04,2026-01-04
c000305,2026-01-04,2026-02-13
c000306,2026-01-04,2026-01-04
c000306,2026-01-04,2026-01-12
c000306,2026-01-04,2026-01-20
c000306,2026-01-04,2026-02-05
c000306,2026-01-04,2026-02-28
c000306,2026-01-04,2026-03-16
c000307,2026-01-04,2026-01-04
c000307,2026-01-04,2026-01-28
c000308,2026-01-04,2026-01-04
c000309,2026-01-04,2026-01-04
c000309,2026-01-04,2026-01-11
c000309,2026-01-04,2026-01-20
c000309,2026-01-04,2026-01-25
c000309,2026-01-04,2026-02-19
c000310,2026-01-04,2026-01-04
c000310,2026-01-04,2026-01-11
c000310,2026-01-04,2026-01-18
c000310,2026-01-04,2026-02-08
c000310,2026-01-04,2026-03-06
c000310,2026-01-04,2026-04-01
c000311,2026-01-04,2026-01-04
c000311,2026-01-04,2026-01-11
c000311,2026-01-04,2026-01-21
c000311,2026-01-04,2026-02-01
c000311,2026-01-04,2026-03-15
c000312,2026-01-04,2026-01-04
c000312,2026-01-04,2026-01-12
c000312,2026-01-04,2026-03-27
c000313,2026-01-04,2026-01-04
c000313,2026-01-04,2026-01-16
c000313,2026-01-04,2026-02-03
c000313,2026-01-04,2026-03-06
c000313,2026-01-04,2026-03-15
c000314,2026-01-04,2026-01-04
c000314,2026-01-04,2026-01-31
c000314,2026-01-04,2026-02-01
c000314,2026-01-04,2026-02-12
c000315,2026-01-04,2026-01-04
c000315,2026-01-04,2026-01-15
c000315,2026-01-04,2026-01-31
c000315,2026-01-04,2026-02-14
c000316,2026-01-04,2026-01-04
c000316,2026-01-04,2026-01-14
c000316,2026-01-04,2026-01-24
c000316,2026-01-04,2026-01-29
c000317,2026-01-04,2026-01-04
c000317,2026-01-04,2026-01-23
c000317,2026-01-04,2026-02-24
c000317,2026-01-04,2026-03-24
c000318,2026-01-04,2026-01-04
c000318,2026-01-04,2026-02-01
c000318,2026-01-04,2026-02-09
c000318,2026-01-04,2026-03-12
c000319,2026-01-04,2026-01-04
c000319,2026-01-04,2026-01-15
c000319,2026-01-04,2026-03-06
c000319,2026-01-04,2026-03-19
c000320,2026-01-04,2026-01-04
c000320,2026-01-04,2026-01-15
c000320,2026-01-04,2026-01-21
c000320,2026-01-04,2026-01-28
c000320,2026-01-04,2026-02-01
c000320,2026-01-04,2026-02-24
c000321,2026-01-04,2026-01-04
c000321,2026-01-04,2026-01-21
c000321,2026-01-04,2026-01-27
c000321,2026-01-04,2026-02-17
c000321,2026-01-04,2026-03-02
c000321,2026-01-04,2026-03-23
c000322,2026-01-04,2026-01-04
c000322,2026-01-04,2026-01-11
c000322,2026-01-04,2026-02-28
c000322,2026-01-04,2026-03-25
c000323,2026-01-04,2026-01-04
c000323,2026-01-04,2026-01-21
c000323,2026-01-04,2026-01-26
c000323,2026-01-04,2026-02-03
c000324,2026-01-04,2026-01-04
c000324,2026-01-04,2026-01-15
c000324,2026-01-04,2026-01-29
c000324,2026-01-04,2026-02-08
c000324,2026-01-04,2026-02-17
c000325,2026-01-04,2026-01-04
c000325,2026-01-04,2026-02-06
c000325,2026-01-04,2026-02-13
c000325,2026-01-04,2026-03-13
c000326,2026-01-04,2026-01-04
c000326,2026-01-04,2026-01-25
c000326,2026-01-04,2026-02-08
c000326,2026-01-04,2026-03-06
c000327,2026-01-04,2026-01-04
c000327,2026-01-04,2026-01-13
c000327,2026-01-04,2026-01-22
c000327,2026-01-04,2026-01-31
c000327,2026-01-04,2026-02-11
c000327,2026-01-04,2026-02-21
c000327,2026-01-04,2026-02-25
c000328,2026-01-04,2026-01-04
c000328,2026-01-04,2026-01-17
c000328,2026-01-04,2026-01-31
c000328,2026-01-04,2026-02-04
c000329,2026-01-04,2026-01-04
c000329,2026-01-04,2026-01-12
c000329,2026-01-04,2026-02-01
c000329,2026-01-04,2026-02-14
c000329,2026-01-04,2026-02-23
c000329,2026-01-04,2026-03-07
c000330,2026-01-04,2026-01-04
c000330,2026-01-04,2026-01-30
c000330,2026-01-04,2026-02-02
c000330,2026-01-04,2026-02-15
c000330,2026-01-04,2026-03-26
c000331,2026-01-04,2026-01-04
c000331,2026-01-04,2026-01-13
c000331,2026-01-04,2026-01-19
c000331,2026-01-04,2026-03-21
c000332,2026-01-04,2026-01-04
c000332,2026-01-04,2026-01-14
c000332,2026-01-04,2026-01-22
c000332,2026-01-04,2026-03-17
c000333,2026-01-04,2026-01-04
c000333,2026-01-04,2026-01-22
c000334,2026-01-04,2026-01-04
c000334,2026-01-04,2026-01-12
c000335,2026-01-04,2026-01-04
c000335,2026-01-04,2026-01-12
c000335,2026-01-04,2026-02-04
c000335,2026-01-04,2026-02-20
c000336,2026-01-04,2026-01-04
c000336,2026-01-04,2026-01-13
c000336,2026-01-04,2026-01-21
c000336,2026-01-04,2026-01-31
c000336,2026-01-04,2026-02-06
c000336,2026-01-04,2026-02-08
c000336,2026-01-04,2026-03-08
c000336,2026-01-04,2026-03-23
c000337,2026-01-04,2026-01-04
c000337,2026-01-04,2026-01-17
c000337,2026-01-04,2026-01-24
c000337,2026-01-04,2026-01-31
c000337,2026-01-04,2026-02-14
c000337,2026-01-04,2026-04-04
c000338,2026-01-04,2026-01-04
c000338,2026-01-04,2026-02-21
c000339,2026-01-04,2026-01-04
c000339,2026-01-04,2026-01-12
c000339,2026-01-04,2026-01-22
c000339,2026-01-04,2026-02-01
c000339,2026-01-04,2026-02-11
c000339,2026-01-04,2026-02-20
c000339,2026-01-04,2026-02-26
c000340,2026-01-04,2026-01-04
c000340,2026-01-04,2026-02-12
c000340,2026-01-04,2026-02-23
c000341,2026-01-04,2026-01-04
c000341,2026-01-04,2026-01-15
c000342,2026-01-04,2026-01-04
c000342,2026-01-04,2026-01-15
c000342,2026-01-04,2026-02-23
c000342,2026-01-04,2026-03-19
c000343,2026-01-04,2026-01-04
c000343,2026-01-04,2026-01-14
c000344,2026-01-04,2026-01-04
c000344,2026-01-04,2026-01-14
c000344,2026-01-04,2026-01-18
c000344,2026-01-04,2026-02-23
c000345,2026-01-04,2026-01-04
c000345,2026-01-04,2026-01-11
c000345,2026-01-04,2026-01-18
c000345,2026-01-04,2026-04-01
c000346,2026-01-04,2026-01-04
c000346,2026-01-04,2026-01-20
c000346,2026-01-04,2026-01-30
c000346,2026-01-04,2026-02-06
c000347,2026-01-04,2026-01-04
c000347,2026-01-04,2026-01-27
c000347,2026-01-04,2026-02-05
c000347,2026-01-04,2026-03-06
c000348,2026-01-04,2026-01-04
c000348,2026-01-04,2026-01-25
c000348,2026-01-04,2026-02-03
c000349,2026-01-04,2026-01-04
c000349,2026-01-04,2026-01-21
c000349,2026-01-04,2026-02-01
c000349,2026-01-04,2026-02-28
c000349,2026-01-04,2026-04-03
c000350,2026-01-04,2026-01-04
c000350,2026-01-04,2026-01-12
c000350,2026-01-04,2026-01-25
c000350,2026-01-04,2026-02-10
c000351,2026-01-04,2026-01-04
c000351,2026-01-04,2026-01-12
c000351,2026-01-04,2026-02-27
c000351,2026-01-04,2026-03-02
c000352,2026-01-04,2026-01-04
c000352,2026-01-04,2026-01-18
c000352,2026-01-04,2026-01-26
c000352,2026-01-04,2026-02-16
c000352,2026-01-04,2026-03-31
c000353,2026-01-04,2026-01-04
c000353,2026-01-04,2026-01-21
c000353,2026-01-04,2026-01-26
c000353,2026-01-04,2026-03-23
c000354,2026-01-04,2026-01-04
c000354,2026-01-04,2026-01-30
c000354,2026-01-04,2026-03-15
c000355,2026-01-04,2026-01-04
c000355,2026-01-04,2026-01-17
c000355,2026-01-04,2026-01-23
c000356,2026-01-04,2026-01-04
c000356,2026-01-04,2026-01-14
c000356,2026-01-04,2026-01-24
c000356,2026-01-04,2026-01-30
c000357,2026-01-04,2026-01-04
c000357,2026-01-04,2026-01-30
c000357,2026-01-04,2026-02-07
c000357,2026-01-04,2026-03-06
c000357,2026-01-04,2026-03-24
c000358,2026-01-04,2026-01-04
c000358,2026-01-04,2026-02-02
c000359,2026-01-04,2026-01-04
c000359,2026-01-04,2026-01-15
c000359,2026-01-04,2026-02-10
c000359,2026-01-04,2026-02-25
c000360,2026-01-04,2026-01-04
c000360,2026-01-04,2026-01-11
c000360,2026-01-04,2026-01-22
c000360,2026-01-04,2026-01-28
c000360,2026-01-04,2026-02-02
c000361,2026-01-04,2026-01-04
c000361,2026-01-04,2026-01-28
c000362,2026-01-04,2026-01-04
c000363,2026-01-04,2026-01-04
c000363,2026-01-04,2026-02-04
c000363,2026-01-04,2026-02-20
c000363,2026-01-04,2026-03-12
c000363,2026-01-04,2026-03-26
c000364,2026-01-04,2026-01-04
c000364,2026-01-04,2026-02-03
c000364,2026-01-04,2026-03-21
c000365,2026-01-04,2026-01-04
c000365,2026-01-04,2026-01-14
c000366,2026-01-04,2026-01-04
c000366,2026-01-04,2026-01-15
c000366,2026-01-04,2026-01-19
c000366,2026-01-04,2026-01-29
c000366,2026-01-04,2026-02-01
c000367,2026-01-04,2026-01-04
c000367,2026-01-04,2026-01-24
c000367,2026-01-04,2026-01-28
c000367,2026-01-04,2026-02-12
c000367,2026-01-04,2026-04-04
c000368,2026-01-04,2026-01-04
c000368,2026-01-04,2026-01-17
c000368,2026-01-04,2026-01-23
c000369,2026-01-04,2026-01-04
c000369,2026-01-04,2026-02-05
c000369,2026-01-04,2026-03-15
c000370,2026-01-04,2026-01-04
c000370,2026-01-04,2026-03-06
c000370,2026-01-04,2026-03-18
c000370,2026-01-04,2026-03-29
c000371,2026-01-04,2026-01-04
c000371,2026-01-04,2026-01-15
c000371,2026-01-04,2026-02-03
c000371,2026-01-04,2026-03-06
c000371,2026-01-04,2026-03-13
c000372,2026-01-04,2026-01-04
c000372,2026-01-04,2026-01-22
c000373,2026-01-04,2026-01-04
c000373,2026-01-04,2026-01-18
c000373,2026-01-04,2026-01-28
c000373,2026-01-04,2026-02-21
c000374,2026-01-04,2026-01-04
c000374,2026-01-04,2026-03-14
c000375,2026-01-04,2026-01-04
c000375,2026-01-04,2026-01-19
c000375,2026-01-04,2026-01-25
c000375,2026-01-04,2026-02-10
c000375,2026-01-04,2026-02-21
c000376,2026-01-04,2026-01-04
c000376,2026-01-04,2026-01-20
c000376,2026-01-04,2026-01-27
c000376,2026-01-04,2026-03-19
c000377,2026-01-04,2026-01-04
c000377,2026-01-04,2026-01-19
c000377,2026-01-04,2026-02-15
c000378,2026-01-04,2026-01-04
c000378,2026-01-04,2026-01-19
c000378,2026-01-04,2026-01-25
c000378,2026-01-04,2026-02-02
c000379,2026-01-04,2026-01-04
c000379,2026-01-04,2026-01-16
c000379,2026-01-04,2026-01-24
c000380,2026-01-04,2026-01-04
c000380,2026-01-04,2026-01-19
c000380,2026-01-04,2026-02-14
c000380,2026-01-04,2026-02-15
c000380,2026-01-04,2026-02-27
c000381,2026-01-04,2026-01-04
c000381,2026-01-04,2026-02-12
c000382,2026-01-04,2026-01-04
c000382,2026-01-04,2026-01-17
c000382,2026-01-04,2026-02-15
c000383,2026-01-04,2026-01-04
c000383,2026-01-04,2026-01-11
c000383,2026-01-04,2026-03-21
c000384,2026-01-04,2026-01-04
c000384,2026-01-04,2026-01-20
c000384,2026-01-04,2026-02-05
c000384,2026-01-04,2026-03-23
c000385,2026-01-04,2026-01-04
c000385,2026-01-04,2026-02-18
c000385,2026-01-04,2026-03-14
c000386,2026-01-04,2026-01-04
c000386,2026-01-04,2026-02-21
c000387,2026-01-04,2026-01-04
c000387,2026-01-04,2026-01-13
c000387,2026-01-04,2026-01-25
c000388,2026-01-04,2026-01-04
c000388,2026-01-04,2026-01-19
c000388,2026-01-04,2026-02-12
c000388,2026-01-04,2026-02-20
c000389,2026-01-04,2026-01-04
c000389,2026-01-04,2026-02-02
c000390,2026-01-04,2026-01-04
c000390,2026-01-04,2026-01-25
c000390,2026-01-04,2026-02-03
c000391,2026-01-04,2026-01-04
c000391,2026-01-04,2026-01-25
c000391,2026-01-04,2026-02-09
c000392,2026-01-04,2026-01-04
c000392,2026-01-04,2026-02-01
c000392,2026-01-04,2026-02-11
c000392,2026-01-04,2026-02-20
c000393,2026-01-04,2026-01-04
c000393,2026-01-04,2026-01-12
c000393,2026-01-04,2026-01-30
c000393,2026-01-04,2026-02-17
c000393,2026-01-04,2026-03-01
c000393,2026-01-04,2026-04-02
c000394,2026-01-04,2026-01-04
c000394,2026-01-04,2026-01-13
c000394,2026-01-04,2026-02-05
c000394,2026-01-04,2026-03-27
c000395,2026-01-04,2026-01-04
c000395,2026-01-04,2026-01-14
c000395,2026-01-04,2026-03-13
c000396,2026-01-04,2026-01-04
c000396,2026-01-04,2026-01-16
c000396,2026-01-04,2026-01-26
c000396,2026-01-04,2026-02-14
c000396,2026-01-04,2026-02-25
c000396,2026-01-04,2026-03-13
c000397,2026-01-04,2026-01-04
c000397,2026-01-04,2026-02-06
c000397,2026-01-04,2026-03-19
c000398,2026-01-04,2026-01-04
c000398,2026-01-04,2026-01-11
c000398,2026-01-04,2026-01-21
c000398,2026-01-04,2026-02-04
c000398,2026-01-04,2026-02-19
c000399,2026-01-04,2026-01-04
c000399,2026-01-04,2026-01-31
c000399,2026-01-04,2026-02-27
c000400,2026-01-04,2026-01-04
c000400,2026-01-04,2026-01-23
c000400,2026-01-04,2026-02-09
c000400,2026-01-04,2026-02-26
c000400,2026-01-04,2026-03-06
c000400,2026-01-04,2026-04-01
c000401,2026-01-04,2026-01-04
c000401,2026-01-04,2026-01-11
c000401,2026-01-04,2026-01-30
c000402,2026-01-04,2026-01-04
c000402,2026-01-04,2026-01-17
c000402,2026-01-04,2026-01-20
c000402,2026-01-04,2026-03-16
c000403,2026-01-04,2026-01-04
c000403,2026-01-04,2026-01-12
c000403,2026-01-04,2026-01-20
c000403,2026-01-04,2026-02-05
c000404,2026-01-04,2026-01-04
c000404,2026-01-04,2026-01-20
c000404,2026-01-04,2026-02-02
c000404,2026-01-04,2026-03-14
c000405,2026-01-04,2026-01-04
c000405,2026-01-04,2026-01-13
c000405,2026-01-04,2026-01-28
c000405,2026-01-04,2026-02-03
c000405,2026-01-04,2026-02-11
c000406,2026-01-04,2026-01-04
c000406,2026-01-04,2026-01-27
c000406,2026-01-04,2026-02-04
c000407,2026-01-04,2026-01-04
c000407,2026-01-04,2026-02-17
c000408,2026-01-04,2026-01-04
c000408,2026-01-04,2026-01-15
c000408,2026-01-04,2026-01-20
c000408,2026-01-04,2026-01-25
c000408,2026-01-04,2026-02-28
c000409,2026-01-04,2026-01-04
c000409,2026-01-04,2026-01-14
c000409,2026-01-04,2026-04-01
c000410,2026-01-04,2026-01-04
c000410,2026-01-04,2026-02-08
c000410,2026-01-04,2026-02-19
c000410,2026-01-04,2026-03-04
c000411,2026-01-04,2026-01-04
c000411,2026-01-04,2026-01-16
c000412,2026-01-04,2026-01-04
c000412,2026-01-04,2026-02-14
c000412,2026-01-04,2026-03-18
c000413,2026-01-04,2026-01-04
c000413,2026-01-04,2026-01-19
c000413,2026-01-04,2026-01-29
c000413,2026-01-04,2026-02-12
c000413,2026-01-04,2026-03-01
c000414,2026-01-04,2026-01-04
c000414,2026-01-04,2026-01-17
c000414,2026-01-04,2026-01-25
c000414,2026-01-04,2026-02-15
c000414,2026-01-04,2026-03-07
c000415,2026-01-04,2026-01-04
c000415,2026-01-04,2026-01-18
c000415,2026-01-04,2026-03-19
c000416,2026-01-04,2026-01-04
c000416,2026-01-04,2026-01-19
c000416,2026-01-04,2026-01-27
c000417,2026-01-04,2026-01-04
c000417,2026-01-04,2026-01-14
c000417,2026-01-04,2026-02-13
c000418,2026-01-04,2026-01-04
c000418,2026-01-04,2026-01-14
c000418,2026-01-04,2026-02-14
c000418,2026-01-04,2026-02-16
c000419,2026-01-04,2026-01-04
c000419,2026-01-04,2026-01-16
c000419,2026-01-04,2026-01-24
c000419,2026-01-04,2026-02-28
c000420,2026-01-04,2026-01-04
c000420,2026-01-04,2026-01-23
c000420,2026-01-04,2026-02-09
c000420,2026-01-04,2026-02-24
c000420,2026-01-04,2026-03-24
c000421,2026-01-04,2026-01-04
c000421,2026-01-04,2026-01-19
c000421,2026-01-04,2026-01-26
c000421,2026-01-04,2026-03-01
c000422,2026-01-04,2026-01-04
c000422,2026-01-04,2026-01-12
c000422,2026-01-04,2026-01-18
c000422,2026-01-04,2026-02-17
c000422,2026-01-04,2026-03-13
c000423,2026-01-04,2026-01-04
c000423,2026-01-04,2026-01-17
c000423,2026-01-04,2026-02-04
c000423,2026-01-04,2026-03-03
c000423,2026-01-04,2026-03-12
c000423,2026-01-04,2026-03-17
c000424,2026-01-04,2026-01-04
c000424,2026-01-04,2026-01-12
c000424,2026-01-04,2026-01-29
c000424,2026-01-04,2026-02-02
c000425,2026-01-04,2026-01-04
c000425,2026-01-04,2026-01-16
c000426,2026-01-04,2026-01-04
c000426,2026-01-04,2026-01-11
c000426,2026-01-04,2026-02-15
c000427,2026-01-04,2026-01-04
c000427,2026-01-04,2026-01-22
c000427,2026-01-04,2026-01-29
c000427,2026-01-04,2026-02-18
c000427,2026-01-04,2026-02-28
c000428,2026-01-04,2026-01-04
c000428,2026-01-04,2026-01-12
c000428,2026-01-04,2026-01-22
c000429,2026-01-04,2026-01-04
c000429,2026-01-04,2026-01-15
c000429,2026-01-04,2026-01-19
c000429,2026-01-04,2026-02-11
c000429,2026-01-04,2026-03-08
c000430,2026-01-04,2026-01-04
c000430,2026-01-04,2026-01-16
c000430,2026-01-04,2026-01-23
c000430,2026-01-04,2026-01-28
c000431,2026-01-04,2026-01-04
c000431,2026-01-04,2026-01-19
c000431,2026-01-04,2026-02-17
c000432,2026-01-04,2026-01-04
c000433,2026-01-04,2026-01-04
c000433,2026-01-04,2026-02-06
c000433,2026-01-04,2026-02-22
c000434,2026-01-04,2026-01-04
c000434,2026-01-04,2026-01-14
c000434,2026-01-04,2026-01-24
c000435,2026-01-04,2026-01-04
c000435,2026-01-04,2026-01-17
c000435,2026-01-04,2026-02-16
c000435,2026-01-04,2026-02-24
c000435,2026-01-04,2026-03-21
c000436,2026-01-04,2026-01-04
c000436,2026-01-04,2026-01-26
c000436,2026-01-04,2026-02-23
c000436,2026-01-04,2026-03-06
c000437,2026-01-04,2026-01-04
c000437,2026-01-04,2026-01-15
c000437,2026-01-04,2026-01-21
c000437,2026-01-04,2026-02-03
c000437,2026-01-04,2026-02-10
c000437,2026-01-04,2026-02-17
c000437,2026-01-04,2026-03-29
c000438,2026-01-04,2026-01-04
c000438,2026-01-04,2026-01-12
c000438,2026-01-04,2026-02-07
c000438,2026-01-04,2026-03-24
c000439,2026-01-04,2026-01-04
c000439,2026-01-04,2026-01-16
c000439,2026-01-04,2026-01-29
c000439,2026-01-04,2026-02-08
c000439,2026-01-04,2026-02-18
c000440,2026-01-04,2026-01-04
c000440,2026-01-04,2026-01-14
c000440,2026-01-04,2026-02-03
c000440,2026-01-04,2026-03-12
c000440,2026-01-04,2026-03-26
c000441,2026-01-04,2026-01-04
c000441,2026-01-04,2026-01-22
c000441,2026-01-04,2026-02-09
c000441,2026-01-04,2026-03-31
c000442,2026-01-04,2026-01-04
c000442,2026-01-04,2026-02-13
c000442,2026-01-04,2026-03-25
c000443,2026-01-04,2026-01-04
c000443,2026-01-04,2026-01-21
c000443,2026-01-04,2026-01-26
c000443,2026-01-04,2026-02-01
c000444,2026-01-04,2026-01-04
c000444,2026-01-04,2026-01-17
c000445,2026-01-04,2026-01-04
c000445,2026-01-04,2026-01-17
c000445,2026-01-04,2026-01-18
c000445,2026-01-04,2026-02-14
c000446,2026-01-04,2026-01-04
c000446,2026-01-04,2026-01-30
c000446,2026-01-04,2026-02-02
c000446,2026-01-04,2026-02-25
c000446,2026-01-04,2026-03-05
c000447,2026-01-04,2026-01-04
c000447,2026-01-04,2026-01-13
c000447,2026-01-04,2026-03-02
c000448,2026-01-04,2026-01-04
c000448,2026-01-04,2026-01-15
c000448,2026-01-04,2026-01-20
c000449,2026-01-04,2026-01-04
c000449,2026-01-04,2026-01-12
c000449,2026-01-04,2026-02-04
c000449,2026-01-04,2026-02-25
c000449,2026-01-04,2026-03-12
c000450,2026-01-04,2026-01-04
c000450,2026-01-04,2026-01-14
c000450,2026-01-04,2026-02-01
c000451,2026-01-04,2026-01-04
c000451,2026-01-04,2026-01-23
c000451,2026-01-04,2026-02-03
c000452,2026-01-04,2026-01-04
c000452,2026-01-04,2026-02-21
c000452,2026-01-04,2026-02-27
c000453,2026-01-04,2026-01-04
c000453,2026-01-04,2026-01-19
c000453,2026-01-04,2026-01-31
c000453,2026-01-04,2026-02-28
c000454,2026-01-04,2026-01-04
c000454,2026-01-04,2026-01-17
c000454,2026-01-04,2026-03-16
c000455,2026-01-04,2026-01-04
c000455,2026-01-04,2026-01-15
c000455,2026-01-04,2026-01-20
c000456,2026-01-04,2026-01-04
c000456,2026-01-04,2026-01-14
c000456,2026-01-04,2026-02-06
c000457,2026-01-04,2026-01-04
c000457,2026-01-04,2026-01-11
c000457,2026-01-04,2026-01-22
c000458,2026-01-04,2026-01-04
c000458,2026-01-04,2026-01-20
c000458,2026-01-04,2026-01-28
c000458,2026-01-04,2026-02-04
c000458,2026-01-04,2026-02-13
c000459,2026-01-04,2026-01-04
c000459,2026-01-04,2026-01-12
c000459,2026-01-04,2026-01-21
c000460,2026-01-04,2026-01-04
c000460,2026-01-04,2026-01-15
c000460,2026-01-04,2026-01-19
c000460,2026-01-04,2026-02-05
c000460,2026-01-04,2026-03-01
c000461,2026-01-04,2026-01-04
c000461,2026-01-04,2026-03-04
c000462,2026-01-04,2026-01-04
c000462,2026-01-04,2026-02-04
c000462,2026-01-04,2026-02-17
c000462,2026-01-04,2026-02-27
c000462,2026-01-04,2026-03-09
c000463,2026-01-04,2026-01-04
c000463,2026-01-04,2026-01-25
c000463,2026-01-04,2026-03-09
c000464,2026-01-04,2026-01-04
c000464,2026-01-04,2026-01-16
c000464,2026-01-04,2026-01-21
c000464,2026-01-04,2026-02-05
c000464,2026-01-04,2026-02-25
c000465,2026-01-04,2026-01-04
c000465,2026-01-04,2026-01-30
c000465,2026-01-04,2026-02-01
c000466,2026-01-04,2026-01-04
c000466,2026-01-04,2026-01-14
c000466,2026-01-04,2026-02-04
c000467,2026-01-04,2026-01-04
c000467,2026-01-04,2026-02-27
c000467,2026-01-04,2026-03-18
c000468,2026-01-04,2026-01-04
c000468,2026-01-04,2026-01-11
c000469,2026-01-04,2026-01-04
c000469,2026-01-04,2026-01-14
c000469,2026-01-04,2026-01-27
c000469,2026-01-04,2026-02-07
c000470,2026-01-04,2026-01-04
c000470,2026-01-04,2026-01-11
c000470,2026-01-04,2026-03-23
c000471,2026-01-04,2026-01-04
c000471,2026-01-04,2026-01-16
c000471,2026-01-04,2026-01-19
c000471,2026-01-04,2026-01-31
c000471,2026-01-04,2026-03-05
c000472,2026-01-04,2026-01-04
c000472,2026-01-04,2026-01-12
c000472,2026-01-04,2026-02-16
c000473,2026-01-04,2026-01-04
c000473,2026-01-04,2026-01-15
c000474,2026-01-04,2026-01-04
c000474,2026-01-04,2026-01-27
c000474,2026-01-04,2026-02-15
c000475,2026-01-04,2026-01-04
c000475,2026-01-04,2026-01-17
c000475,2026-01-04,2026-01-23
c000475,2026-01-04,2026-02-14
c000475,2026-01-04,2026-03-19
c000476,2026-01-04,2026-01-04
c000476,2026-01-04,2026-01-16
c000476,2026-01-04,2026-01-21
c000476,2026-01-04,2026-01-31
c000476,2026-01-04,2026-02-13
c000477,2026-01-04,2026-01-04
c000477,2026-01-04,2026-02-03
c000477,2026-01-04,2026-02-11
c000477,2026-01-04,2026-03-07
c000477,2026-01-04,2026-03-21
c000478,2026-01-04,2026-01-04
c000478,2026-01-04,2026-01-11
c000479,2026-01-04,2026-01-04
c000479,2026-01-04,2026-01-14
c000479,2026-01-04,2026-01-23
c000479,2026-01-04,2026-01-30
c000480,2026-01-04,2026-01-04
c000480,2026-01-04,2026-01-17
c000481,2026-01-04,2026-01-04
c000481,2026-01-04,2026-01-15
c000481,2026-01-04,2026-02-12
c000481,2026-01-04,2026-03-13
c000482,2026-01-04,2026-01-04
c000482,2026-01-04,2026-01-11
c000482,2026-01-04,2026-02-06
c000483,2026-01-04,2026-01-04
c000483,2026-01-04,2026-01-17
c000483,2026-01-04,2026-01-20
c000483,2026-01-04,2026-02-27
c000484,2026-01-04,2026-01-04
c000484,2026-01-04,2026-01-11
c000484,2026-01-04,2026-02-12
c000484,2026-01-04,2026-02-20
c000484,2026-01-04,2026-03-26
c000485,2026-01-04,2026-01-04
c000485,2026-01-04,2026-01-11
c000485,2026-01-04,2026-01-23
c000486,2026-01-04,2026-01-04
c000486,2026-01-04,2026-01-18
c000486,2026-01-04,2026-01-25
c000486,2026-01-04,2026-02-23
c000486,2026-01-04,2026-03-15
c000487,2026-01-04,2026-01-04
c000487,2026-01-04,2026-01-14
c000487,2026-01-04,2026-02-05
c000488,2026-01-04,2026-01-04
c000488,2026-01-04,2026-01-11
c000488,2026-01-04,2026-01-22
c000488,2026-01-04,2026-01-31
c000488,2026-01-04,2026-02-08
c000488,2026-01-04,2026-03-06
c000488,2026-01-04,2026-03-10
c000489,2026-01-04,2026-01-04
c000489,2026-01-04,2026-01-13
c000489,2026-01-04,2026-01-25
c000489,2026-01-04,2026-02-04
c000489,2026-01-04,2026-02-21
c000490,2026-01-04,2026-01-04
c000490,2026-01-04,2026-01-24
c000490,2026-01-04,2026-02-08
c000491,2026-01-04,2026-01-04
c000491,2026-01-04,2026-01-26
c000491,2026-01-04,2026-02-20
c000492,2026-01-04,2026-01-04
c000492,2026-01-04,2026-01-25
c000492,2026-01-04,2026-02-05
c000493,2026-01-04,2026-01-04
c000493,2026-01-04,2026-01-13
c000493,2026-01-04,2026-03-01
c000494,2026-01-04,2026-01-04
c000494,2026-01-04,2026-01-14
c000494,2026-01-04,2026-03-14
c000495,2026-01-04,2026-01-04
c000495,2026-01-04,2026-01-13
c000495,2026-01-04,2026-02-01
c000495,2026-01-04,2026-02-26
c000496,2026-01-04,2026-01-04
c000496,2026-01-04,2026-01-31
c000497,2026-01-04,2026-01-04
c000497,2026-01-04,2026-01-16
c000497,2026-01-04,2026-01-27
c000497,2026-01-04,2026-02-01
c000497,2026-01-04,2026-02-23
c000497,2026-01-04,2026-03-05
c000498,2026-01-04,2026-01-04
c000498,2026-01-04,2026-01-13
c000498,2026-01-04,2026-01-19
c000499,2026-01-04,2026-01-04
c000499,2026-01-04,2026-01-23
c000499,2026-01-04,2026-01-31
c000499,2026-01-04,2026-02-06
c000499,2026-01-04,2026-02-13
c000499,2026-01-04,2026-02-23
c000499,2026-01-04,2026-03-10
c000500,2026-01-04,2026-01-04
c000500,2026-01-04,2026-01-14
c000500,2026-01-04,2026-01-29
c000500,2026-01-04,2026-02-03
c000501,2026-01-04,2026-01-04
c000501,2026-01-04,2026-01-21
c000502,2026-01-11,2026-01-11
c000502,2026-01-11,2026-01-26
c000502,2026-01-11,2026-02-12
c000502,2026-01-11,2026-04-11
c000503,2026-01-11,2026-01-11
c000503,2026-01-11,2026-01-22
c000503,2026-01-11,2026-02-14
c000503,2026-01-11,2026-02-26
c000504,2026-01-11,2026-01-11
c000504,2026-01-11,2026-02-09
c000505,2026-01-11,2026-01-11
c000505,2026-01-11,2026-02-21
c000506,2026-01-11,2026-01-11
c000506,2026-01-11,2026-01-21
c000506,2026-01-11,2026-01-26
c000506,2026-01-11,2026-03-25
c000507,2026-01-11,2026-01-11
c000507,2026-01-11,2026-02-25
c000507,2026-01-11,2026-03-03
c000508,2026-01-11,2026-01-11
c000508,2026-01-11,2026-01-22
c000508,2026-01-11,2026-02-05
c000508,2026-01-11,2026-02-17
c000509,2026-01-11,2026-01-11
c000509,2026-01-11,2026-01-27
c000509,2026-01-11,2026-02-24
c000509,2026-01-11,2026-03-19
c000510,2026-01-11,2026-01-11
c000510,2026-01-11,2026-02-08
c000510,2026-01-11,2026-03-11
c000510,2026-01-11,2026-04-03
c000511,2026-01-11,2026-01-11
c000511,2026-01-11,2026-01-24
c000511,2026-01-11,2026-01-27
c000511,2026-01-11,2026-02-08
c000512,2026-01-11,2026-01-11
c000512,2026-01-11,2026-01-21
c000513,2026-01-11,2026-01-11
c000513,2026-01-11,2026-02-07
c000513,2026-01-11,2026-03-29
c000514,2026-01-11,2026-01-11
c000514,2026-01-11,2026-01-18
c000514,2026-01-11,2026-01-28
c000514,2026-01-11,2026-02-02
c000515,2026-01-11,2026-01-11
c000515,2026-01-11,2026-01-21
c000516,2026-01-11,2026-01-11
c000516,2026-01-11,2026-01-23
c000516,2026-01-11,2026-01-27
c000516,2026-01-11,2026-02-01
c000516,2026-01-11,2026-02-11
c000517,2026-01-11,2026-01-11
c000517,2026-01-11,2026-01-23
c000517,2026-01-11,2026-01-28
c000517,2026-01-11,2026-02-14
c000517,2026-01-11,2026-02-26
c000517,2026-01-11,2026-03-01
c000518,2026-01-11,2026-01-11
c000518,2026-01-11,2026-01-20
c000518,2026-01-11,2026-02-06
c000518,2026-01-11,2026-02-17
c000518,2026-01-11,2026-03-15
c000519,2026-01-11,2026-01-11
c000519,2026-01-11,2026-02-06
c000519,2026-01-11,2026-03-07
c000520,2026-01-11,2026-01-11
c000520,2026-01-11,2026-01-27
c000520,2026-01-11,2026-02-11
c000521,2026-01-11,2026-01-11
c000521,2026-01-11,2026-01-20
c000521,2026-01-11,2026-03-11
c000522,2026-01-11,2026-01-11
c000522,2026-01-11,2026-01-21
c000522,2026-01-11,2026-02-19
c000522,2026-01-11,2026-03-01
c000523,2026-01-11,2026-01-11
c000523,2026-01-11,2026-01-20
c000523,2026-01-11,2026-02-08
c000524,2026-01-11,2026-01-11
c000524,2026-01-11,2026-01-20
c000524,2026-01-11,2026-02-27
c000525,2026-01-11,2026-01-11
c000525,2026-01-11,2026-01-19
c000525,2026-01-11,2026-01-28
c000526,2026-01-11,2026-01-11
c000526,2026-01-11,2026-01-20
c000526,2026-01-11,2026-02-09
c000526,2026-01-11,2026-03-15
c000527,2026-01-11,2026-01-11
c000527,2026-01-11,2026-01-26
c000528,2026-01-11,2026-01-11
c000528,2026-01-11,2026-02-03
c000528,2026-01-11,2026-02-14
c000529,2026-01-11,2026-01-11
c000530,2026-01-11,2026-01-11
c000530,2026-01-11,2026-01-19
c000530,2026-01-11,2026-02-02
c000531,2026-01-11,2026-01-11
c000531,2026-01-11,2026-01-23
c000531,2026-01-11,2026-02-15
c000532,2026-01-11,2026-01-11
c000532,2026-01-11,2026-01-26
c000532,2026-01-11,2026-02-19
c000532,2026-01-11,2026-03-30
c000533,2026-01-11,2026-01-11
c000533,2026-01-11,2026-01-20
c000533,2026-01-11,2026-01-25
c000533,2026-01-11,2026-02-07
c000533,2026-01-11,2026-02-22
c000533,2026-01-11,2026-03-08
c000534,2026-01-11,2026-01-11
c000534,2026-01-11,2026-01-21
c000534,2026-01-11,2026-01-27
c000535,2026-01-11,2026-01-11
c000535,2026-01-11,2026-01-25
c000535,2026-01-11,2026-02-25
c000536,2026-01-11,2026-01-11
c000536,2026-01-11,2026-01-25
c000537,2026-01-11,2026-01-11
c000537,2026-01-11,2026-01-20
c000537,2026-01-11,2026-03-05
c000537,2026-01-11,2026-03-09
c000538,2026-01-11,2026-01-11
c000538,2026-01-11,2026-02-10
c000538,2026-01-11,2026-03-19
c000539,2026-01-11,2026-01-11
c000539,2026-01-11,2026-02-10
c000540,2026-01-11,2026-01-11
c000540,2026-01-11,2026-01-21
c000540,2026-01-11,2026-03-28
c000541,2026-01-11,2026-01-11
c000541,2026-01-11,2026-01-25
c000541,2026-01-11,2026-02-27
c000542,2026-01-11,2026-01-11
c000542,2026-01-11,2026-01-23
c000542,2026-01-11,2026-01-30
c000543,2026-01-11,2026-01-11
c000543,2026-01-11,2026-01-23
c000543,2026-01-11,2026-02-06
c000544,2026-01-11,2026-01-11
c000544,2026-01-11,2026-01-20
c000544,2026-01-11,2026-01-26
c000544,2026-01-11,2026-02-14
c000545,2026-01-11,2026-01-11
c000545,2026-01-11,2026-01-27
c000545,2026-01-11,2026-02-14
c000545,2026-01-11,2026-03-02
c000546,2026-01-11,2026-01-11
c000546,2026-01-11,2026-02-09
c000547,2026-01-11,2026-01-11
c000547,2026-01-11,2026-01-22
c000548,2026-01-11,2026-01-11
c000548,2026-01-11,2026-01-23
c000548,2026-01-11,2026-01-29
c000548,2026-01-11,2026-04-01
c000549,2026-01-11,2026-01-11
c000549,2026-01-11,2026-01-20
c000549,2026-01-11,2026-01-30
c000549,2026-01-11,2026-02-11
c000549,2026-01-11,2026-04-11
c000550,2026-01-11,2026-01-11
c000550,2026-01-11,2026-01-22
c000550,2026-01-11,2026-02-12
c000550,2026-01-11,2026-03-25
c000550,2026-01-11,2026-03-30
c000551,2026-01-11,2026-01-11
c000552,2026-01-11,2026-01-11
c000552,2026-01-11,2026-02-09
c000552,2026-01-11,2026-04-02
c000553,2026-01-11,2026-01-11
c000553,2026-01-11,2026-01-24
c000553,2026-01-11,2026-02-04
c000554,2026-01-11,2026-01-11
c000554,2026-01-11,2026-01-25
c000555,2026-01-11,2026-01-11
c000555,2026-01-11,2026-01-19
c000555,2026-01-11,2026-01-28
c000555,2026-01-11,2026-03-03
c000556,2026-01-11,2026-01-11
c000556,2026-01-11,2026-01-24
c000556,2026-01-11,2026-01-30
c000556,2026-01-11,2026-02-02
c000556,2026-01-11,2026-02-17
c000556,2026-01-11,2026-03-21
c000557,2026-01-11,2026-01-11
c000558,2026-01-11,2026-01-11
c000558,2026-01-11,2026-02-08
c000559,2026-01-11,2026-01-11
c000559,2026-01-11,2026-01-22
c000559,2026-01-11,2026-01-25
c000559,2026-01-11,2026-02-15
c000559,2026-01-11,2026-03-26
c000560,2026-01-11,2026-01-11
c000560,2026-01-11,2026-01-19
c000560,2026-01-11,2026-02-11
c000560,2026-01-11,2026-02-16
c000560,2026-01-11,2026-02-23
c000561,2026-01-11,2026-01-11
c000561,2026-01-11,2026-02-19
c000562,2026-01-11,2026-01-11
c000562,2026-01-11,2026-01-20
c000562,2026-01-11,2026-02-20
c000563,2026-01-11,2026-01-11
c000563,2026-01-11,2026-01-20
c000563,2026-01-11,2026-02-04
c000564,2026-01-11,2026-01-11
c000564,2026-01-11,2026-01-29
c000564,2026-01-11,2026-02-02
c000565,2026-01-11,2026-01-11
c000565,2026-01-11,2026-01-22
c000565,2026-01-11,2026-02-24
c000565,2026-01-11,2026-03-04
c000565,2026-01-11,2026-04-03
c000566,2026-01-11,2026-01-11
c000567,2026-01-11,2026-01-11
c000567,2026-01-11,2026-01-18
c000567,2026-01-11,2026-01-31
c000567,2026-01-11,2026-02-02
c000568,2026-01-11,2026-01-11
c000568,2026-01-11,2026-01-26
c000568,2026-01-11,2026-02-13
c000568,2026-01-11,2026-03-02
c000569,2026-01-11,2026-01-11
c000569,2026-01-11,2026-01-28
c000569,2026-01-11,2026-02-05
c000569,2026-01-11,2026-03-13
c000570,2026-01-11,2026-01-11
c000570,2026-01-11,2026-01-22
c000571,2026-01-11,2026-01-11
c000571,2026-01-11,2026-01-30
c000571,2026-01-11,2026-03-01
c000571,2026-01-11,2026-03-16
c000572,2026-01-11,2026-01-11
c000572,2026-01-11,2026-01-19
c000572,2026-01-11,2026-02-17
c000573,2026-01-11,2026-01-11
c000573,2026-01-11,2026-01-29
c000573,2026-01-11,2026-02-12
c000573,2026-01-11,2026-02-24
c000574,2026-01-11,2026-01-11
c000574,2026-01-11,2026-01-18
c000574,2026-01-11,2026-02-01
c000574,2026-01-11,2026-02-17
c000575,2026-01-11,2026-01-11
c000575,2026-01-11,2026-02-13
c000575,2026-01-11,2026-02-19
c000575,2026-01-11,2026-03-03
c000576,2026-01-11,2026-01-11
c000576,2026-01-11,2026-03-01
c000577,2026-01-11,2026-01-11
c000577,2026-01-11,2026-02-07
c000577,2026-01-11,2026-02-18
c000578,2026-01-11,2026-01-11
c000578,2026-01-11,2026-01-24
c000578,2026-01-11,2026-02-07
c000578,2026-01-11,2026-02-11
c000579,2026-01-11,2026-01-11
c000579,2026-01-11,2026-01-20
c000579,2026-01-11,2026-02-02
c000579,2026-01-11,2026-03-04
c000580,2026-01-11,2026-01-11
c000580,2026-01-11,2026-01-20
c000580,2026-01-11,2026-01-26
c000581,2026-01-11,2026-01-11
c000581,2026-01-11,2026-01-28
c000581,2026-01-11,2026-02-13
c000581,2026-01-11,2026-02-27
c000582,2026-01-11,2026-01-11
c000582,2026-01-11,2026-01-22
c000582,2026-01-11,2026-01-29
c000582,2026-01-11,2026-02-18
c000582,2026-01-11,2026-02-27
c000583,2026-01-11,2026-01-11
c000583,2026-01-11,2026-01-31
c000583,2026-01-11,2026-03-01
c000584,2026-01-11,2026-01-11
c000584,2026-01-11,2026-01-26
c000584,2026-01-11,2026-02-02
c000584,2026-01-11,2026-03-05
c000584,2026-01-11,2026-03-15
c000585,2026-01-11,2026-01-11
c000585,2026-01-11,2026-01-29
c000586,2026-01-11,2026-01-11
c000586,2026-01-11,2026-01-21
c000586,2026-01-11,2026-02-18
c000586,2026-01-11,2026-03-05
c000586,2026-01-11,2026-03-09
c000587,2026-01-11,2026-01-11
c000587,2026-01-11,2026-01-21
c000587,2026-01-11,2026-01-26
c000587,2026-01-11,2026-03-16
c000588,2026-01-11,2026-01-11
c000588,2026-01-11,2026-01-20
c000588,2026-01-11,2026-02-03
c000588,2026-01-11,2026-04-10
c000589,2026-01-11,2026-01-11
c000589,2026-01-11,2026-01-22
c000589,2026-01-11,2026-01-30
c000589,2026-01-11,2026-02-07
c000589,2026-01-11,2026-02-11
c000590,2026-01-11,2026-01-11
c000590,2026-01-11,2026-01-23
c000590,2026-01-11,2026-02-03
c000590,2026-01-11,2026-03-19
c000591,2026-01-11,2026-01-11
c000591,2026-01-11,2026-01-20
c000591,2026-01-11,2026-02-09
c000591,2026-01-11,2026-03-14
c000592,2026-01-11,2026-01-11
c000592,2026-01-11,2026-01-27
c000592,2026-01-11,2026-02-03
c000592,2026-01-11,2026-02-24
c000592,2026-01-11,2026-03-01
c000593,2026-01-11,2026-01-11
c000593,2026-01-11,2026-01-21
c000593,2026-01-11,2026-01-27
c000593,2026-01-11,2026-02-02
c000593,2026-01-11,2026-02-27
c000593,2026-01-11,2026-03-08
c000593,2026-01-11,2026-03-31
c000594,2026-01-11,2026-01-11
c000594,2026-01-11,2026-01-28
c000594,2026-01-11,2026-02-28
c000594,2026-01-11,2026-03-10
c000595,2026-01-11,2026-01-11
c000595,2026-01-11,2026-01-19
c000595,2026-01-11,2026-02-03
c000595,2026-01-11,2026-02-14
c000595,2026-01-11,2026-02-20
c000596,2026-01-11,2026-01-11
c000596,2026-01-11,2026-02-11
c000597,2026-01-11,2026-01-11
c000597,2026-01-11,2026-02-26
c000598,2026-01-11,2026-01-11
c000598,2026-01-11,2026-01-26
c000598,2026-01-11,2026-02-02
c000599,2026-01-11,2026-01-11
c000599,2026-01-11,2026-02-07
c000599,2026-01-11,2026-02-11
c000599,2026-01-11,2026-02-25
c000599,2026-01-11,2026-03-01
c000599,2026-01-11,2026-03-08
c000599,2026-01-11,2026-03-29
c000600,2026-01-11,2026-01-11
c000600,2026-01-11,2026-03-02
c000601,2026-01-11,2026-01-11
c000601,2026-01-11,2026-01-23
c000601,2026-01-11,2026-02-01
c000601,2026-01-11,2026-03-21
c000601,2026-01-11,2026-03-24
c000602,2026-01-11,2026-01-11
c000602,2026-01-11,2026-01-19
c000603,2026-01-11,2026-01-11
c000603,2026-01-11,2026-01-25
c000603,2026-01-11,2026-02-04
c000603,2026-01-11,2026-02-28
c000604,2026-01-11,2026-01-11
c000604,2026-01-11,2026-01-31
c000604,2026-01-11,2026-02-23
c000605,2026-01-11,2026-01-11
c000605,2026-01-11,2026-01-19
c000605,2026-01-11,2026-01-29
c000605,2026-01-11,2026-03-01
c000606,2026-01-11,2026-01-11
c000606,2026-01-11,2026-02-22
c000607,2026-01-11,2026-01-11
c000607,2026-01-11,2026-01-24
c000607,2026-01-11,2026-01-29
c000607,2026-01-11,2026-03-16
c000607,2026-01-11,2026-03-22
c000608,2026-01-11,2026-01-11
c000609,2026-01-11,2026-01-11
c000609,2026-01-11,2026-02-01
c000609,2026-01-11,2026-02-21
c000610,2026-01-11,2026-01-11
c000610,2026-01-11,2026-01-23
c000610,2026-01-11,2026-01-27
c000610,2026-01-11,2026-02-03
c000610,2026-01-11,2026-02-24
c000611,2026-01-11,2026-01-11
c000611,2026-01-11,2026-01-18
c000611,2026-01-11,2026-01-29
c000611,2026-01-11,2026-02-05
c000611,2026-01-11,2026-02-21
c000611,2026-01-11,2026-03-01
c000611,2026-01-11,2026-03-09
c000611,2026-01-11,2026-03-26
c000612,2026-01-11,2026-01-11
c000612,2026-01-11,2026-01-24
c000612,2026-01-11,2026-02-10
c000613,2026-01-11,2026-01-11
c000613,2026-01-11,2026-01-24
c000613,2026-01-11,2026-01-28
c000614,2026-01-11,2026-01-11
c000614,2026-01-11,2026-03-03
c000614,2026-01-11,2026-04-11
c000615,2026-01-11,2026-01-11
c000615,2026-01-11,2026-01-18
c000615,2026-01-11,2026-02-01
c000615,2026-01-11,2026-02-15
c000616,2026-01-11,2026-01-11
c000616,2026-01-11,2026-01-18
c000617,2026-01-11,2026-01-11
c000617,2026-01-11,2026-01-22
c000617,2026-01-11,2026-02-11
c000618,2026-01-11,2026-01-11
c000618,2026-01-11,2026-01-24
c000618,2026-01-11,2026-02-04
c000619,2026-01-11,2026-01-11
c000619,2026-01-11,2026-03-25
c000619,2026-01-11,2026-04-04
c000620,2026-01-11,2026-01-11
c000620,2026-01-11,2026-01-19
c000620,2026-01-11,2026-01-31
c000620,2026-01-11,2026-03-18
c000621,2026-01-11,2026-01-11
c000621,2026-01-11,2026-02-06
c000622,2026-01-11,2026-01-11
c000622,2026-01-11,2026-01-20
c000622,2026-01-11,2026-01-30
c000622,2026-01-11,2026-02-05
c000622,2026-01-11,2026-02-11
c000623,2026-01-11,2026-01-11
c000623,2026-01-11,2026-01-26
c000623,2026-01-11,2026-03-09
c000624,2026-01-11,2026-01-11
c000624,2026-01-11,2026-01-22
c000624,2026-01-11,2026-01-29
c000624,2026-01-11,2026-02-17
c000624,2026-01-11,2026-02-26
c000624,2026-01-11,2026-03-01
c000625,2026-01-11,2026-01-11
c000625,2026-01-11,2026-01-19
c000625,2026-01-11,2026-01-28
c000625,2026-01-11,2026-02-23
c000626,2026-01-11,2026-01-11
c000626,2026-01-11,2026-01-20
c000626,2026-01-11,2026-01-27
c000626,2026-01-11,2026-03-01
c000627,2026-01-11,2026-01-11
c000627,2026-01-11,2026-01-24
c000627,2026-01-11,2026-01-26
c000627,2026-01-11,2026-02-05
c000627,2026-01-11,2026-02-16
c000628,2026-01-11,2026-01-11
c000628,2026-01-11,2026-01-18
c000628,2026-01-11,2026-01-31
c000628,2026-01-11,2026-02-01
c000628,2026-01-11,2026-02-15
c000629,2026-01-11,2026-01-11
c000629,2026-01-11,2026-01-25
c000629,2026-01-11,2026-02-04
c000629,2026-01-11,2026-03-09
c000630,2026-01-11,2026-01-11
c000630,2026-01-11,2026-01-26
c000630,2026-01-11,2026-02-02
c000630,2026-01-11,2026-03-05
c000630,2026-01-11,2026-03-08
c000631,2026-01-11,2026-01-11
c000631,2026-01-11,2026-01-23
c000631,2026-01-11,2026-01-31
c000631,2026-01-11,2026-02-07
c000631,2026-01-11,2026-02-21
c000631,2026-01-11,2026-02-22
c000632,2026-01-11,2026-01-11
c000633,2026-01-11,2026-01-11
c000633,2026-01-11,2026-01-21
c000633,2026-01-11,2026-01-28
c000633,2026-01-11,2026-02-27
c000633,2026-01-11,2026-04-11
c000634,2026-01-11,2026-01-11
c000634,2026-01-11,2026-03-02
c000635,2026-01-11,2026-01-11
c000635,2026-01-11,2026-01-20
c000635,2026-01-11,2026-03-19
c000636,2026-01-11,2026-01-11
c000636,2026-01-11,2026-01-21
c000636,2026-01-11,2026-02-01
c000637,2026-01-11,2026-01-11
c000637,2026-01-11,2026-03-05
c000638,2026-01-11,2026-01-11
c000638,2026-01-11,2026-03-26
c000639,2026-01-11,2026-01-11
c000639,2026-01-11,2026-01-22
c000639,2026-01-11,2026-02-04
c000639,2026-01-11,2026-02-12
c000639,2026-01-11,2026-02-20
c000639,2026-01-11,2026-03-09
c000640,2026-01-11,2026-01-11
c000640,2026-01-11,2026-01-21
c000640,2026-01-11,2026-02-09
c000640,2026-01-11,2026-02-18
c000641,2026-01-11,2026-01-11
c000641,2026-01-11,2026-01-25
c000641,2026-01-11,2026-03-12
c000642,2026-01-11,2026-01-11
c000642,2026-01-11,2026-01-24
c000643,2026-01-11,2026-01-11
c000643,2026-01-11,2026-01-24
c000643,2026-01-11,2026-01-31
c000643,2026-01-11,2026-02-06
c000644,2026-01-11,2026-01-11
c000644,2026-01-11,2026-01-27
c000645,2026-01-11,2026-01-11
c000645,2026-01-11,2026-01-26
c000645,2026-01-11,2026-02-07
c000646,2026-01-11,2026-01-11
c000646,2026-01-11,2026-01-24
c000646,2026-01-11,2026-02-02
c000646,2026-01-11,2026-02-27
c000647,2026-01-11,2026-01-11
c000647,2026-01-11,2026-01-22
c000647,2026-01-11,2026-03-08
c000648,2026-01-11,2026-01-11
c000648,2026-01-11,2026-01-18
c000648,2026-01-11,2026-01-27
c000648,2026-01-11,2026-02-05
c000648,2026-01-11,2026-02-14
c000648,2026-01-11,2026-02-15
c000649,2026-01-11,2026-01-11
c000649,2026-01-11,2026-01-23
c000649,2026-01-11,2026-02-17
c000649,2026-01-11,2026-03-26
c000650,2026-01-11,2026-01-11
c000650,2026-01-11,2026-01-24
c000650,2026-01-11,2026-02-11
c000650,2026-01-11,2026-03-07
c000650,2026-01-11,2026-03-28
c000651,2026-01-11,2026-01-11
c000651,2026-01-11,2026-01-27
c000651,2026-01-11,2026-02-05
c000651,2026-01-11,2026-02-20
c000652,2026-01-11,2026-01-11
c000652,2026-01-11,2026-03-20
c000653,2026-01-11,2026-01-11
c000653,2026-01-11,2026-01-24
c000653,2026-01-11,2026-01-27
c000653,2026-01-11,2026-03-14
c000654,2026-01-11,2026-01-11
c000654,2026-01-11,2026-02-15
c000654,2026-01-11,2026-03-01
c000655,2026-01-11,2026-01-11
c000655,2026-01-11,2026-01-21
c000655,2026-01-11,2026-01-25
c000655,2026-01-11,2026-02-27
c000656,2026-01-11,2026-01-11
c000656,2026-01-11,2026-02-13
c000656,2026-01-11,2026-02-28
c000657,2026-01-11,2026-01-11
c000657,2026-01-11,2026-02-20
c000658,2026-01-11,2026-01-11
c000658,2026-01-11,2026-01-24
c000659,2026-01-11,2026-01-11
c000659,2026-01-11,2026-02-02
c000659,2026-01-11,2026-03-01
c000659,2026-01-11,2026-03-23
c000660,2026-01-11,2026-01-11
c000660,2026-01-11,2026-01-25
c000660,2026-01-11,2026-02-03
c000660,2026-01-11,2026-02-27
c000660,2026-01-11,2026-03-08
c000660,2026-01-11,2026-04-06
c000661,2026-01-11,2026-01-11
c000661,2026-01-11,2026-01-18
c000661,2026-01-11,2026-01-28
c000661,2026-01-11,2026-02-28
c000661,2026-01-11,2026-04-10
c000662,2026-01-11,2026-01-11
c000662,2026-01-11,2026-02-06
c000662,2026-01-11,2026-04-06
c000663,2026-01-11,2026-01-11
c000663,2026-01-11,2026-01-27
c000663,2026-01-11,2026-02-07
c000664,2026-01-11,2026-01-11
c000664,2026-01-11,2026-01-26
c000664,2026-01-11,2026-02-08
c000664,2026-01-11,2026-04-08
c000665,2026-01-11,2026-01-11
c000665,2026-01-11,2026-02-13
c000665,2026-01-11,2026-03-28
c000666,2026-01-11,2026-01-11
c000666,2026-01-11,2026-01-19
c000666,2026-01-11,2026-02-03
c000666,2026-01-11,2026-02-12
c000666,2026-01-11,2026-02-25
c000666,2026-01-11,2026-03-24
c000667,2026-01-11,2026-01-11
c000667,2026-01-11,2026-01-19
c000667,2026-01-11,2026-02-03
c000667,2026-01-11,2026-02-08
c000667,2026-01-11,2026-02-16
c000667,2026-01-11,2026-03-13
c000668,2026-01-11,2026-01-11
c000668,2026-01-11,2026-01-30
c000668,2026-01-11,2026-02-06
c000668,2026-01-11,2026-02-22
c000668,2026-01-11,2026-03-22
c000669,2026-01-11,2026-01-11
c000669,2026-01-11,2026-01-21
c000669,2026-01-11,2026-01-26
c000669,2026-01-11,2026-02-10
c000670,2026-01-11,2026-01-11
c000670,2026-01-11,2026-01-30
c000670,2026-01-11,2026-02-05
c000670,2026-01-11,2026-03-10
c000671,2026-01-11,2026-01-11
c000671,2026-01-11,2026-01-23
c000671,2026-01-11,2026-01-31
c000671,2026-01-11,2026-02-03
c000672,2026-01-11,2026-01-11
c000672,2026-01-11,2026-01-21
c000673,2026-01-11,2026-01-11
c000673,2026-01-11,2026-01-20
c000673,2026-01-11,2026-01-25
c000673,2026-01-11,2026-02-03
c000673,2026-01-11,2026-02-14
c000673,2026-01-11,2026-03-03
c000673,2026-01-11,2026-03-21
c000673,2026-01-11,2026-04-07
c000674,2026-01-11,2026-01-11
c000674,2026-01-11,2026-01-22
c000674,2026-01-11,2026-02-01
c000674,2026-01-11,2026-02-27
c000674,2026-01-11,2026-03-08
c000675,2026-01-11,2026-01-11
c000675,2026-01-11,2026-03-10
c000675,2026-01-11,2026-03-16
c000675,2026-01-11,2026-04-06
c000676,2026-01-11,2026-01-11
c000676,2026-01-11,2026-02-13
c000677,2026-01-11,2026-01-11
c000677,2026-01-11,2026-01-27
c000677,2026-01-11,2026-02-21
c000677,2026-01-11,2026-02-26
c000678,2026-01-11,2026-01-11
c000678,2026-01-11,2026-01-23
c000678,2026-01-11,2026-01-25
c000678,2026-01-11,2026-02-05
c000678,2026-01-11,2026-02-09
c000678,2026-01-11,2026-03-14
c000678,2026-01-11,2026-03-21
c000679,2026-01-11,2026-01-11
c000679,2026-01-11,2026-01-24
c000679,2026-01-11,2026-02-10
c000679,2026-01-11,2026-03-16
c000680,2026-01-11,2026-01-11
c000680,2026-01-11,2026-01-18
c000680,2026-01-11,2026-01-31
c000681,2026-01-11,2026-01-11
c000681,2026-01-11,2026-01-19
c000681,2026-01-11,2026-01-29
c000682,2026-01-11,2026-01-11
c000682,2026-01-11,2026-01-20
c000682,2026-01-11,2026-03-08
c000683,2026-01-11,2026-01-11
c000683,2026-01-11,2026-01-24
c000683,2026-01-11,2026-02-15
c000684,2026-01-11,2026-01-11
c000684,2026-01-11,2026-01-20
c000684,2026-01-11,2026-01-29
c000684,2026-01-11,2026-02-04
c000684,2026-01-11,2026-02-13
c000684,2026-01-11,2026-02-21
c000685,2026-01-11,2026-01-11
c000685,2026-01-11,2026-01-26
c000685,2026-01-11,2026-03-06
c000685,2026-01-11,2026-03-25
c000686,2026-01-11,2026-01-11
c000687,2026-01-11,2026-01-11
c000687,2026-01-11,2026-01-23
c000687,2026-01-11,2026-02-19
c000688,2026-01-11,2026-01-11
c000688,2026-01-11,2026-01-21
c000688,2026-01-11,2026-01-31
c000688,2026-01-11,2026-03-10
c000688,2026-01-11,2026-04-04
c000689,2026-01-11,2026-01-11
c000690,2026-01-11,2026-01-11
c000690,2026-01-11,2026-01-20
c000690,2026-01-11,2026-02-04
c000690,2026-01-11,2026-02-28
c000691,2026-01-11,2026-01-11
c000691,2026-01-11,2026-02-12
c000691,2026-01-11,2026-03-05
c000692,2026-01-11,2026-01-11
c000692,2026-01-11,2026-01-18
c000692,2026-01-11,2026-02-21
c000692,2026-01-11,2026-02-26
c000692,2026-01-11,2026-03-25
c000693,2026-01-11,2026-01-11
c000693,2026-01-11,2026-01-30
c000693,2026-01-11,2026-02-21
c000694,2026-01-11,2026-01-11
c000694,2026-01-11,2026-01-21
c000694,2026-01-11,2026-01-31
c000694,2026-01-11,2026-02-15
c000695,2026-01-11,2026-01-11
c000695,2026-01-11,2026-01-18
c000695,2026-01-11,2026-02-02
c000695,2026-01-11,2026-02-13
c000695,2026-01-11,2026-02-27
c000695,2026-01-11,2026-03-07
c000696,2026-01-11,2026-01-11
c000696,2026-01-11,2026-01-30
c000697,2026-01-11,2026-01-11
c000697,2026-01-11,2026-02-01
c000697,2026-01-11,2026-02-13
c000698,2026-01-11,2026-01-11
c000698,2026-01-11,2026-01-23
c000698,2026-01-11,2026-01-30
c000698,2026-01-11,2026-02-01
c000698,2026-01-11,2026-03-02
c000699,2026-01-11,2026-01-11
c000699,2026-01-11,2026-01-19
c000700,2026-01-11,2026-01-11
c000700,2026-01-11,2026-02-05
c000700,2026-01-11,2026-02-18
c000701,2026-01-11,2026-01-11
c000701,2026-01-11,2026-01-21
c000701,2026-01-11,2026-01-25
c000701,2026-01-11,2026-03-14
c000702,2026-01-11,2026-01-11
c000702,2026-01-11,2026-01-25
c000702,2026-01-11,2026-02-07
c000703,2026-01-11,2026-01-11
c000703,2026-01-11,2026-01-27
c000703,2026-01-11,2026-03-27
c000704,2026-01-11,2026-01-11
c000704,2026-01-11,2026-01-24
c000704,2026-01-11,2026-03-21
c000705,2026-01-11,2026-01-11
c000705,2026-01-11,2026-02-06
c000705,2026-01-11,2026-02-15
c000705,2026-01-11,2026-03-25
c000706,2026-01-11,2026-01-11
c000706,2026-01-11,2026-01-29
c000707,2026-01-11,2026-01-11
c000707,2026-01-11,2026-01-29
c000708,2026-01-11,2026-01-11
c000708,2026-01-11,2026-01-22
c000708,2026-01-11,2026-03-31
c000709,2026-01-11,2026-01-11
c000709,2026-01-11,2026-02-02
c000709,2026-01-11,2026-02-11
c000709,2026-01-11,2026-03-12
c000709,2026-01-11,2026-03-30
c000710,2026-01-11,2026-01-11
c000710,2026-01-11,2026-01-18
c000710,2026-01-11,2026-01-28
c000710,2026-01-11,2026-02-21
c000710,2026-01-11,2026-02-28
c000710,2026-01-11,2026-04-01
c000711,2026-01-11,2026-01-11
c000711,2026-01-11,2026-01-21
c000711,2026-01-11,2026-01-26
c000711,2026-01-11,2026-02-03
c000711,2026-01-11,2026-02-14
c000711,2026-01-11,2026-02-28
c000712,2026-01-11,2026-01-11
c000712,2026-01-11,2026-01-24
c000712,2026-01-11,2026-02-18
c000713,2026-01-11,2026-01-11
c000713,2026-01-11,2026-01-28
c000713,2026-01-11,2026-02-02
c000713,2026-01-11,2026-02-24
c000714,2026-01-11,2026-01-11
c000714,2026-01-11,2026-01-18
c000715,2026-01-11,2026-01-11
c000715,2026-01-11,2026-02-27
c000716,2026-01-11,2026-01-11
c000716,2026-01-11,2026-01-28
c000716,2026-01-11,2026-02-20
c000717,2026-01-11,2026-01-11
c000718,2026-01-11,2026-01-11
c000718,2026-01-11,2026-01-22
c000718,2026-01-11,2026-02-02
c000718,2026-01-11,2026-03-08
c000719,2026-01-11,2026-01-11
c000719,2026-01-11,2026-01-18
c000719,2026-01-11,2026-01-31
c000719,2026-01-11,2026-02-09
c000719,2026-01-11,2026-04-07
c000720,2026-01-11,2026-01-11
c000721,2026-01-11,2026-01-11
c000721,2026-01-11,2026-01-19
c000721,2026-01-11,2026-02-08
c000721,2026-01-11,2026-03-27
c000722,2026-01-11,2026-01-11
c000722,2026-01-11,2026-01-19
c000722,2026-01-11,2026-02-27
c000723,2026-01-11,2026-01-11
c000723,2026-01-11,2026-01-19
c000723,2026-01-11,2026-01-28
c000723,2026-01-11,2026-03-02
c000724,2026-01-11,2026-01-11
c000724,2026-01-11,2026-01-24
c000724,2026-01-11,2026-01-31
c000724,2026-01-11,2026-02-14
c000724,2026-01-11,2026-03-28
c000725,2026-01-11,2026-01-11
c000725,2026-01-11,2026-01-21
c000725,2026-01-11,2026-02-03
c000725,2026-01-11,2026-02-18
c000725,2026-01-11,2026-02-25
c000725,2026-01-11,2026-03-27
c000726,2026-01-11,2026-01-11
c000726,2026-01-11,2026-01-22
c000726,2026-01-11,2026-02-13
c000726,2026-01-11,2026-02-23
c000727,2026-01-11,2026-01-11
c000727,2026-01-11,2026-01-18
c000727,2026-01-11,2026-01-25
c000727,2026-01-11,2026-02-03
c000727,2026-01-11,2026-03-05
c000728,2026-01-11,2026-01-11
c000728,2026-01-11,2026-01-20
c000728,2026-01-11,2026-02-04
c000728,2026-01-11,2026-03-01
c000729,2026-01-11,2026-01-11
c000729,2026-01-11,2026-01-21
c000729,2026-01-11,2026-01-30
c000729,2026-01-11,2026-02-24
c000729,2026-01-11,2026-04-06
c000730,2026-01-11,2026-01-11
c000730,2026-01-11,2026-01-29
c000730,2026-01-11,2026-02-26
c000730,2026-01-11,2026-03-10
c000731,2026-01-11,2026-01-11
c000731,2026-01-11,2026-01-26
c000731,2026-01-11,2026-02-11
c000731,2026-01-11,2026-03-19
c000731,2026-01-11,2026-04-01
c000732,2026-01-11,2026-01-11
c000732,2026-01-11,2026-01-18
c000732,2026-01-11,2026-02-25
c000732,2026-01-11,2026-03-18
c000733,2026-01-11,2026-01-11
c000733,2026-01-11,2026-01-30
c000733,2026-01-11,2026-02-03
c000733,2026-01-11,2026-03-03
c000734,2026-01-11,2026-01-11
c000734,2026-01-11,2026-01-18
c000735,2026-01-11,2026-01-11
c000735,2026-01-11,2026-02-07
c000735,2026-01-11,2026-03-14
c000735,2026-01-11,2026-03-18
c000736,2026-01-11,2026-01-11
c000736,2026-01-11,2026-01-27
c000736,2026-01-11,2026-02-25
c000737,2026-01-11,2026-01-11
c000737,2026-01-11,2026-01-24
c000738,2026-01-11,2026-01-11
c000738,2026-01-11,2026-02-01
c000738,2026-01-11,2026-02-09
c000738,2026-01-11,2026-03-10
c000739,2026-01-11,2026-01-11
c000739,2026-01-11,2026-01-21
c000739,2026-01-11,2026-02-15
c000739,2026-01-11,2026-03-12
c000740,2026-01-11,2026-01-11
c000740,2026-01-11,2026-01-23
c000740,2026-01-11,2026-01-25
c000740,2026-01-11,2026-02-12
c000740,2026-01-11,2026-02-20
c000740,2026-01-11,2026-03-03
c000741,2026-01-11,2026-01-11
c000741,2026-01-11,2026-01-19
c000741,2026-01-11,2026-01-27
c000741,2026-01-11,2026-02-07
c000741,2026-01-11,2026-02-12
c000741,2026-01-11,2026-04-01
c000742,2026-01-11,2026-01-11
c000742,2026-01-11,2026-01-19
c000742,2026-01-11,2026-01-29
c000742,2026-01-11,2026-02-06
c000742,2026-01-11,2026-03-04
c000742,2026-01-11,2026-03-12
c000742,2026-01-11,2026-03-17
c000743,2026-01-11,2026-01-11
c000743,2026-01-11,2026-01-26
c000743,2026-01-11,2026-02-09
c000743,2026-01-11,2026-02-21
c000743,2026-01-11,2026-02-26
c000744,2026-01-11,2026-01-11
c000744,2026-01-11,2026-03-03
c000745,2026-01-11,2026-01-11
c000745,2026-01-11,2026-01-22
c000745,2026-01-11,2026-01-27
c000745,2026-01-11,2026-02-07
c000746,2026-01-18,2026-01-18
c000746,2026-01-18,2026-03-04
c000746,2026-01-18,2026-03-11
c000746,2026-01-18,2026-04-01
c000747,2026-01-18,2026-01-18
c000747,2026-01-18,2026-02-01
c000747,2026-01-18,2026-02-14
c000747,2026-01-18,2026-03-07
c000748,2026-01-18,2026-01-18
c000748,2026-01-18,2026-02-13
c000748,2026-01-18,2026-03-21
c000749,2026-01-18,2026-01-18
c000749,2026-01-18,2026-02-09
c000749,2026-01-18,2026-02-17
c000749,2026-01-18,2026-03-13
c000749,2026-01-18,2026-04-03
c000750,2026-01-18,2026-01-18
c000750,2026-01-18,2026-02-03
c000750,2026-01-18,2026-03-02
c000751,2026-01-18,2026-01-18
c000751,2026-01-18,2026-01-29
c000751,2026-01-18,2026-02-05
c000752,2026-01-18,2026-01-18
c000752,2026-01-18,2026-01-28
c000752,2026-01-18,2026-02-14
c000752,2026-01-18,2026-03-07
c000753,2026-01-18,2026-01-18
c000753,2026-01-18,2026-01-28
c000753,2026-01-18,2026-02-04
c000754,2026-01-18,2026-01-18
c000754,2026-01-18,2026-01-26
c000754,2026-01-18,2026-02-01
c000754,2026-01-18,2026-02-10
c000754,2026-01-18,2026-03-04
c000754,2026-01-18,2026-03-20
c000755,2026-01-18,2026-01-18
c000755,2026-01-18,2026-01-26
c000756,2026-01-18,2026-01-18
c000756,2026-01-18,2026-02-01
c000757,2026-01-18,2026-01-18
c000757,2026-01-18,2026-02-07
c000757,2026-01-18,2026-03-31
c000758,2026-01-18,2026-01-18
c000758,2026-01-18,2026-03-02
c000758,2026-01-18,2026-04-02
c000759,2026-01-18,2026-01-18
c000759,2026-01-18,2026-01-31
c000759,2026-01-18,2026-02-02
c000759,2026-01-18,2026-02-16
c000760,2026-01-18,2026-01-18
c000760,2026-01-18,2026-02-10
c000760,2026-01-18,2026-03-03
c000760,2026-01-18,2026-04-10
c000761,2026-01-18,2026-01-18
c000761,2026-01-18,2026-02-25
c000761,2026-01-18,2026-03-02
c000762,2026-01-18,2026-01-18
c000762,2026-01-18,2026-01-26
c000762,2026-01-18,2026-02-04
c000762,2026-01-18,2026-02-27
c000762,2026-01-18,2026-03-25
c000763,2026-01-18,2026-01-18
c000763,2026-01-18,2026-01-31
c000763,2026-01-18,2026-02-23
c000763,2026-01-18,2026-03-01
c000764,2026-01-18,2026-01-18
c000764,2026-01-18,2026-01-25
c000764,2026-01-18,2026-02-14
c000764,2026-01-18,2026-03-06
c000765,2026-01-18,2026-01-18
c000765,2026-01-18,2026-01-26
c000765,2026-01-18,2026-02-13
c000765,2026-01-18,2026-03-01
c000766,2026-01-18,2026-01-18
c000766,2026-01-18,2026-03-13
c000767,2026-01-18,2026-01-18
c000767,2026-01-18,2026-01-25
c000767,2026-01-18,2026-03-03
c000768,2026-01-18,2026-01-18
c000768,2026-01-18,2026-02-01
c000768,2026-01-18,2026-02-23
c000768,2026-01-18,2026-03-21
c000769,2026-01-18,2026-01-18
c000769,2026-01-18,2026-02-09
c000769,2026-01-18,2026-02-21
c000769,2026-01-18,2026-02-23
c000769,2026-01-18,2026-04-01
c000770,2026-01-18,2026-01-18
c000770,2026-01-18,2026-01-30
c000770,2026-01-18,2026-02-01
c000770,2026-01-18,2026-02-15
c000770,2026-01-18,2026-03-07
c000770,2026-01-18,2026-03-16
c000770,2026-01-18,2026-03-31
c000771,2026-01-18,2026-01-18
c000771,2026-01-18,2026-01-26
c000771,2026-01-18,2026-02-13
c000771,2026-01-18,2026-02-21
c000772,2026-01-18,2026-01-18
c000772,2026-01-18,2026-02-06
c000772,2026-01-18,2026-02-10
c000772,2026-01-18,2026-03-09
c000772,2026-01-18,2026-04-10
c000773,2026-01-18,2026-01-18
c000773,2026-01-18,2026-01-27
c000773,2026-01-18,2026-04-02
c000774,2026-01-18,2026-01-18
c000774,2026-01-18,2026-01-25
c000774,2026-01-18,2026-02-13
c000774,2026-01-18,2026-02-23
c000774,2026-01-18,2026-03-14
c000774,2026-01-18,2026-03-20
c000775,2026-01-18,2026-01-18
c000775,2026-01-18,2026-01-31
c000775,2026-01-18,2026-02-01
c000775,2026-01-18,2026-02-08
c000775,2026-01-18,2026-03-01
c000776,2026-01-18,2026-01-18
c000776,2026-01-18,2026-01-28
c000776,2026-01-18,2026-02-05
c000776,2026-01-18,2026-02-23
c000777,2026-01-18,2026-01-18
c000777,2026-01-18,2026-03-06
c000777,2026-01-18,2026-03-21
c000778,2026-01-18,2026-01-18
c000778,2026-01-18,2026-02-07
c000778,2026-01-18,2026-02-19
c000778,2026-01-18,2026-04-08
c000779,2026-01-18,2026-01-18
c000779,2026-01-18,2026-01-25
c000779,2026-01-18,2026-02-01
c000779,2026-01-18,2026-02-09
c000779,2026-01-18,2026-03-04
c000780,2026-01-18,2026-01-18
c000780,2026-01-18,2026-01-28
c000780,2026-01-18,2026-02-06
c000780,2026-01-18,2026-02-24
c000780,2026-01-18,2026-03-30
c000780,2026-01-18,2026-04-15
c000781,2026-01-18,2026-01-18
c000781,2026-01-18,2026-01-26
c000781,2026-01-18,2026-02-05
c000781,2026-01-18,2026-02-24
c000782,2026-01-18,2026-01-18
c000782,2026-01-18,2026-01-29
c000782,2026-01-18,2026-02-06
c000782,2026-01-18,2026-02-14
c000782,2026-01-18,2026-02-17
c000783,2026-01-18,2026-01-18
c000783,2026-01-18,2026-01-29
c000783,2026-01-18,2026-02-05
c000783,2026-01-18,2026-03-22
c000784,2026-01-18,2026-01-18
c000784,2026-01-18,2026-02-13
c000785,2026-01-18,2026-01-18
c000785,2026-01-18,2026-02-07
c000785,2026-01-18,2026-02-12
c000785,2026-01-18,2026-03-26
c000786,2026-01-18,2026-01-18
c000786,2026-01-18,2026-02-02
c000786,2026-01-18,2026-02-14
c000786,2026-01-18,2026-02-27
c000786,2026-01-18,2026-03-23
c000786,2026-01-18,2026-04-12
c000787,2026-01-18,2026-01-18
c000787,2026-01-18,2026-01-31
c000787,2026-01-18,2026-02-12
c000787,2026-01-18,2026-02-20
c000787,2026-01-18,2026-03-03
c000787,2026-01-18,2026-03-21
c000788,2026-01-18,2026-01-18
c000788,2026-01-18,2026-02-26
c000788,2026-01-18,2026-04-03
c000789,2026-01-18,2026-01-18
c000789,2026-01-18,2026-01-26
c000789,2026-01-18,2026-02-09
c000789,2026-01-18,2026-03-17
c000790,2026-01-18,2026-01-18
c000790,2026-01-18,2026-01-30
c000790,2026-01-18,2026-02-06
c000790,2026-01-18,2026-02-21
c000790,2026-01-18,2026-03-18
c000791,2026-01-18,2026-01-18
c000791,2026-01-18,2026-02-24
c000791,2026-01-18,2026-03-15
c000791,2026-01-18,2026-03-31
c000791,2026-01-18,2026-04-05
c000792,2026-01-18,2026-01-18
c000792,2026-01-18,2026-01-25
c000792,2026-01-18,2026-02-04
c000793,2026-01-18,2026-01-18
c000793,2026-01-18,2026-03-01
c000793,2026-01-18,2026-03-21
c000793,2026-01-18,2026-04-01
c000794,2026-01-18,2026-01-18
c000794,2026-01-18,2026-02-09
c000795,2026-01-18,2026-01-18
c000795,2026-01-18,2026-02-05
c000795,2026-01-18,2026-02-24
c000795,2026-01-18,2026-03-17
c000796,2026-01-18,2026-01-18
c000796,2026-01-18,2026-01-28
c000796,2026-01-18,2026-02-11
c000796,2026-01-18,2026-04-05
c000797,2026-01-18,2026-01-18
c000797,2026-01-18,2026-01-31
c000797,2026-01-18,2026-02-05
c000797,2026-01-18,2026-02-16
c000797,2026-01-18,2026-02-22
c000797,2026-01-18,2026-03-11
c000797,2026-01-18,2026-03-23
c000797,2026-01-18,2026-04-06
c000798,2026-01-18,2026-01-18
c000798,2026-01-18,2026-01-26
c000798,2026-01-18,2026-02-17
c000798,2026-01-18,2026-03-31
c000799,2026-01-18,2026-01-18
c000799,2026-01-18,2026-01-30
c000799,2026-01-18,2026-02-04
c000799,2026-01-18,2026-02-27
c000799,2026-01-18,2026-03-02
c000800,2026-01-18,2026-01-18
c000800,2026-01-18,2026-02-07
c000800,2026-01-18,2026-02-12
c000800,2026-01-18,2026-02-22
c000800,2026-01-18,2026-03-11
c000801,2026-01-18,2026-01-18
c000801,2026-01-18,2026-02-03
c000801,2026-01-18,2026-03-03
c000802,2026-01-18,2026-01-18
c000802,2026-01-18,2026-02-22
c000802,2026-01-18,2026-03-20
c000803,2026-01-18,2026-01-18
c000803,2026-01-18,2026-01-31
c000803,2026-01-18,2026-02-18
c000804,2026-01-18,2026-01-18
c000804,2026-01-18,2026-01-26
c000804,2026-01-18,2026-02-03
c000804,2026-01-18,2026-02-10
c000804,2026-01-18,2026-04-08
c000805,2026-01-18,2026-01-18
c000805,2026-01-18,2026-01-26
c000806,2026-01-18,2026-01-18
c000806,2026-01-18,2026-01-31
c000806,2026-01-18,2026-02-01
c000806,2026-01-18,2026-02-11
c000806,2026-01-18,2026-03-07
c000807,2026-01-18,2026-01-18
c000807,2026-01-18,2026-02-02
c000808,2026-01-18,2026-01-18
c000808,2026-01-18,2026-02-06
c000808,2026-01-18,2026-02-16
c000809,2026-01-18,2026-01-18
c000809,2026-01-18,2026-02-11
c000809,2026-01-18,2026-02-28
c000810,2026-01-18,2026-01-18
c000810,2026-01-18,2026-01-30
c000811,2026-01-18,2026-01-18
c000811,2026-01-18,2026-02-01
c000812,2026-01-18,2026-01-18
c000812,2026-01-18,2026-01-25
c000812,2026-01-18,2026-03-10
c000813,2026-01-18,2026-01-18
c000813,2026-01-18,2026-03-13
c000814,2026-01-18,2026-01-18
c000814,2026-01-18,2026-01-30
c000814,2026-01-18,2026-02-11
c000814,2026-01-18,2026-02-15
c000814,2026-01-18,2026-03-11
c000815,2026-01-18,2026-01-18
c000816,2026-01-18,2026-01-18
c000816,2026-01-18,2026-01-29
c000816,2026-01-18,2026-02-02
c000816,2026-01-18,2026-03-07
c000817,2026-01-18,2026-01-18
c000817,2026-01-18,2026-01-26
c000817,2026-01-18,2026-02-24
c000817,2026-01-18,2026-03-24
c000818,2026-01-18,2026-01-18
c000818,2026-01-18,2026-02-02
c000818,2026-01-18,2026-02-08
c000818,2026-01-18,2026-03-03
c000818,2026-01-18,2026-03-20
c000819,2026-01-18,2026-01-18
c000819,2026-01-18,2026-01-30
c000819,2026-01-18,2026-02-01
c000819,2026-01-18,2026-02-28
c000820,2026-01-18,2026-01-18
c000820,2026-01-18,2026-04-01
c000821,2026-01-18,2026-01-18
c000821,2026-01-18,2026-01-27
c000821,2026-01-18,2026-02-16
c000821,2026-01-18,2026-02-23
c000822,2026-01-18,2026-01-18
c000822,2026-01-18,2026-01-29
c000822,2026-01-18,2026-02-07
c000823,2026-01-18,2026-01-18
c000823,2026-01-18,2026-02-07
c000823,2026-01-18,2026-02-18
c000824,2026-01-18,2026-01-18
c000824,2026-01-18,2026-03-03
c000825,2026-01-18,2026-01-18
c000825,2026-01-18,2026-02-05
c000825,2026-01-18,2026-02-12
c000825,2026-01-18,2026-02-24
c000825,2026-01-18,2026-03-21
c000826,2026-01-18,2026-01-18
c000826,2026-01-18,2026-02-13
c000826,2026-01-18,2026-02-28
c000826,2026-01-18,2026-03-23
c000826,2026-01-18,2026-04-07
c000827,2026-01-18,2026-01-18
c000827,2026-01-18,2026-01-26
c000827,2026-01-18,2026-02-07
c000827,2026-01-18,2026-02-20
c000827,2026-01-18,2026-02-27
c000827,2026-01-18,2026-04-16
c000828,2026-01-18,2026-01-18
c000828,2026-01-18,2026-01-30
c000828,2026-01-18,2026-02-04
c000828,2026-01-18,2026-02-18
c000829,2026-01-18,2026-01-18
c000829,2026-01-18,2026-01-31
c000829,2026-01-18,2026-03-24
c000830,2026-01-18,2026-01-18
c000830,2026-01-18,2026-01-29
c000830,2026-01-18,2026-02-27
c000830,2026-01-18,2026-03-04
c000830,2026-01-18,2026-03-14
c000830,2026-01-18,2026-04-14
c000831,2026-01-18,2026-01-18
c000831,2026-01-18,2026-02-09
c000831,2026-01-18,2026-02-27
c000831,2026-01-18,2026-03-07
c000832,2026-01-18,2026-01-18
c000832,2026-01-18,2026-03-21
c000833,2026-01-18,2026-01-18
c000833,2026-01-18,2026-02-05
c000833,2026-01-18,2026-02-09
c000833,2026-01-18,2026-03-03
c000834,2026-01-18,2026-01-18
c000834,2026-01-18,2026-02-09
c000834,2026-01-18,2026-04-11
c000834,2026-01-18,2026-04-18
c000835,2026-01-18,2026-01-18
c000835,2026-01-18,2026-02-04
c000835,2026-01-18,2026-02-09
c000836,2026-01-18,2026-01-18
c000836,2026-01-18,2026-01-28
c000836,2026-01-18,2026-02-05
c000836,2026-01-18,2026-02-13
c000836,2026-01-18,2026-03-28
c000836,2026-01-18,2026-04-04
c000837,2026-01-18,2026-01-18
c000838,2026-01-18,2026-01-18
c000838,2026-01-18,2026-01-31
c000838,2026-01-18,2026-02-02
c000838,2026-01-18,2026-03-09
c000838,2026-01-18,2026-03-20
c000839,2026-01-18,2026-01-18
c000839,2026-01-18,2026-02-01
c000839,2026-01-18,2026-02-11
c000839,2026-01-18,2026-02-18
c000840,2026-01-18,2026-01-18
c000840,2026-01-18,2026-01-26
c000840,2026-01-18,2026-02-09
c000841,2026-01-18,2026-01-18
c000841,2026-01-18,2026-01-31
c000841,2026-01-18,2026-02-12
c000841,2026-01-18,2026-02-20
c000841,2026-01-18,2026-03-12
c000842,2026-01-18,2026-01-18
c000842,2026-01-18,2026-03-28
c000843,2026-01-18,2026-01-18
c000843,2026-01-18,2026-01-28
c000843,2026-01-18,2026-02-06
c000844,2026-01-18,2026-01-18
c000844,2026-01-18,2026-02-25
c000844,2026-01-18,2026-03-17
c000845,2026-01-18,2026-01-18
c000845,2026-01-18,2026-03-24
c000845,2026-01-18,2026-04-17
c000846,2026-01-18,2026-01-18
c000846,2026-01-18,2026-02-08
c000846,2026-01-18,2026-02-15
c000847,2026-01-18,2026-01-18
c000847,2026-01-18,2026-04-01
c000848,2026-01-18,2026-01-18
c000848,2026-01-18,2026-01-28
c000848,2026-01-18,2026-02-04
c000848,2026-01-18,2026-02-28
c000848,2026-01-18,2026-03-08
c000848,2026-01-18,2026-03-28
c000849,2026-01-18,2026-01-18
c000849,2026-01-18,2026-02-06
c000849,2026-01-18,2026-02-10
c000849,2026-01-18,2026-02-16
c000849,2026-01-18,2026-04-05
c000849,2026-01-18,2026-04-16
c000850,2026-01-18,2026-01-18
c000850,2026-01-18,2026-01-27
c000850,2026-01-18,2026-02-14
c000850,2026-01-18,2026-02-21
c000850,2026-01-18,2026-03-13
c000850,2026-01-18,2026-03-20
c000850,2026-01-18,2026-03-31
c000851,2026-01-18,2026-01-18
c000851,2026-01-18,2026-01-29
c000851,2026-01-18,2026-02-05
c000851,2026-01-18,2026-03-22
c000851,2026-01-18,2026-04-15
c000852,2026-01-18,2026-01-18
c000852,2026-01-18,2026-01-30
c000852,2026-01-18,2026-02-13
c000852,2026-01-18,2026-02-21
c000852,2026-01-18,2026-04-03
c000853,2026-01-18,2026-01-18
c000853,2026-01-18,2026-02-16
c000853,2026-01-18,2026-02-28
c000854,2026-01-18,2026-01-18
c000854,2026-01-18,2026-03-01
c000854,2026-01-18,2026-03-11
c000855,2026-01-18,2026-01-18
c000855,2026-01-18,2026-01-29
c000855,2026-01-18,2026-02-02
c000855,2026-01-18,2026-03-08
c000856,2026-01-18,2026-01-18
c000856,2026-01-18,2026-01-29
c000856,2026-01-18,2026-02-02
c000856,2026-01-18,2026-02-11
c000856,2026-01-18,2026-04-05
c000857,2026-01-18,2026-01-18
c000857,2026-01-18,2026-01-27
c000857,2026-01-18,2026-03-15
c000858,2026-01-18,2026-01-18
c000858,2026-01-18,2026-02-01
c000858,2026-01-18,2026-04-11
c000859,2026-01-18,2026-01-18
c000859,2026-01-18,2026-02-03
c000859,2026-01-18,2026-02-09
c000859,2026-01-18,2026-02-16
c000860,2026-01-18,2026-01-18
c000860,2026-01-18,2026-02-03
c000860,2026-01-18,2026-02-26
c000861,2026-01-18,2026-01-18
c000861,2026-01-18,2026-01-29
c000862,2026-01-18,2026-01-18
c000862,2026-01-18,2026-01-26
c000863,2026-01-18,2026-01-18
c000863,2026-01-18,2026-01-31
c000863,2026-01-18,2026-02-03
c000863,2026-01-18,2026-02-16
c000864,2026-01-18,2026-01-18
c000864,2026-01-18,2026-01-31
c000864,2026-01-18,2026-02-10
c000865,2026-01-18,2026-01-18
c000865,2026-01-18,2026-01-27
c000865,2026-01-18,2026-02-01
c000865,2026-01-18,2026-02-12
c000865,2026-01-18,2026-02-17
c000866,2026-01-18,2026-01-18
c000866,2026-01-18,2026-01-28
c000866,2026-01-18,2026-02-06
c000867,2026-01-18,2026-01-18
c000867,2026-01-18,2026-02-25
c000868,2026-01-18,2026-01-18
c000868,2026-01-18,2026-01-26
c000868,2026-01-18,2026-02-07
c000868,2026-01-18,2026-02-15
c000868,2026-01-18,2026-03-15
c000869,2026-01-18,2026-01-18
c000869,2026-01-18,2026-02-16
c000869,2026-01-18,2026-03-05
c000869,2026-01-18,2026-03-12
c000869,2026-01-18,2026-03-17
c000869,2026-01-18,2026-04-08
c000870,2026-01-18,2026-01-18
c000870,2026-01-18,2026-01-29
c000870,2026-01-18,2026-02-02
c000870,2026-01-18,2026-02-12
c000870,2026-01-18,2026-03-03
c000871,2026-01-18,2026-01-18
c000871,2026-01-18,2026-01-30
c000871,2026-01-18,2026-02-08
c000871,2026-01-18,2026-02-18
c000872,2026-01-18,2026-01-18
c000872,2026-01-18,2026-03-25
c000873,2026-01-18,2026-01-18
c000873,2026-01-18,2026-01-30
c000873,2026-01-18,2026-02-06
c000873,2026-01-18,2026-02-11
c000873,2026-01-18,2026-03-13
c000873,2026-01-18,2026-03-20
c000873,2026-01-18,2026-04-01
c000874,2026-01-18,2026-01-18
c000874,2026-01-18,2026-02-15
c000875,2026-01-18,2026-01-18
c000876,2026-01-18,2026-01-18
c000876,2026-01-18,2026-01-31
c000876,2026-01-18,2026-02-06
c000876,2026-01-18,2026-03-01
c000876,2026-01-18,2026-04-07
c000877,2026-01-18,2026-01-18
c000877,2026-01-18,2026-01-27
c000877,2026-01-18,2026-02-06
c000877,2026-01-18,2026-02-11
c000877,2026-01-18,2026-03-19
c000877,2026-01-18,2026-03-23
c000878,2026-01-18,2026-01-18
c000878,2026-01-18,2026-02-07
c000878,2026-01-18,2026-02-18
c000879,2026-01-18,2026-01-18
c000879,2026-01-18,2026-01-27
c000879,2026-01-18,2026-02-07
c000880,2026-01-18,2026-01-18
c000880,2026-01-18,2026-02-03
c000880,2026-01-18,2026-02-09
c000880,2026-01-18,2026-02-26
c000881,2026-01-18,2026-01-18
c000881,2026-01-18,2026-02-01
c000881,2026-01-18,2026-02-28
c000882,2026-01-18,2026-01-18
c000882,2026-01-18,2026-01-27
c000882,2026-01-18,2026-02-02
c000882,2026-01-18,2026-02-22
c000882,2026-01-18,2026-03-16
c000882,2026-01-18,2026-04-01
c000883,2026-01-18,2026-01-18
c000883,2026-01-18,2026-01-25
c000883,2026-01-18,2026-02-04
c000883,2026-01-18,2026-03-04
c000884,2026-01-18,2026-01-18
c000884,2026-01-18,2026-01-25
c000884,2026-01-18,2026-02-18
c000885,2026-01-18,2026-01-18
c000885,2026-01-18,2026-01-25
c000885,2026-01-18,2026-02-07
c000886,2026-01-18,2026-01-18
c000886,2026-01-18,2026-02-04
c000886,2026-01-18,2026-02-14
c000886,2026-01-18,2026-02-15
c000887,2026-01-18,2026-01-18
c000887,2026-01-18,2026-01-30
c000887,2026-01-18,2026-02-10
c000888,2026-01-18,2026-01-18
c000888,2026-01-18,2026-01-30
c000888,2026-01-18,2026-02-23
c000888,2026-01-18,2026-03-25
c000889,2026-01-18,2026-01-18
c000889,2026-01-18,2026-01-28
c000889,2026-01-18,2026-02-02
c000889,2026-01-18,2026-02-26
c000890,2026-01-18,2026-01-18
c000890,2026-01-18,2026-02-02
c000890,2026-01-18,2026-03-14
c000891,2026-01-18,2026-01-18
c000891,2026-01-18,2026-01-25
c000891,2026-01-18,2026-02-02
c000892,2026-01-18,2026-01-18
c000892,2026-01-18,2026-02-02
c000892,2026-01-18,2026-02-11
c000892,2026-01-18,2026-02-21
c000892,2026-01-18,2026-03-13
c000892,2026-01-18,2026-04-09
c000892,2026-01-18,2026-04-15
c000893,2026-01-18,2026-01-18
c000893,2026-01-18,2026-02-07
c000893,2026-01-18,2026-02-25
c000894,2026-01-18,2026-01-18
c000894,2026-01-18,2026-01-29
c000894,2026-01-18,2026-02-03
c000894,2026-01-18,2026-02-14
c000894,2026-01-18,2026-03-12
c000894,2026-01-18,2026-04-15
c000895,2026-01-18,2026-01-18
c000895,2026-01-18,2026-01-31
c000895,2026-01-18,2026-02-11
c000895,2026-01-18,2026-02-21
c000896,2026-01-18,2026-01-18
c000896,2026-01-18,2026-02-07
c000896,2026-01-18,2026-02-08
c000896,2026-01-18,2026-02-17
c000896,2026-01-18,2026-03-18
c000897,2026-01-18,2026-01-18
c000897,2026-01-18,2026-01-25
c000897,2026-01-18,2026-02-18
c000897,2026-01-18,2026-03-26
c000897,2026-01-18,2026-03-29
c000898,2026-01-18,2026-01-18
c000898,2026-01-18,2026-02-25
c000899,2026-01-18,2026-01-18
c000899,2026-01-18,2026-03-13
c000899,2026-01-18,2026-03-27
c000899,2026-01-18,2026-04-08
c000900,2026-01-18,2026-01-18
c000900,2026-01-18,2026-01-26
c000900,2026-01-18,2026-02-07
c000900,2026-01-18,2026-02-18
c000900,2026-01-18,2026-03-03
c000900,2026-01-18,2026-03-10
c000901,2026-01-18,2026-01-18
c000901,2026-01-18,2026-01-29
c000901,2026-01-18,2026-02-21
c000901,2026-01-18,2026-03-14
c000902,2026-01-18,2026-01-18
c000902,2026-01-18,2026-01-31
c000903,2026-01-18,2026-01-18
c000903,2026-01-18,2026-02-04
c000903,2026-01-18,2026-02-10
c000904,2026-01-18,2026-01-18
c000904,2026-01-18,2026-01-29
c000904,2026-01-18,2026-02-04
c000904,2026-01-18,2026-03-10
c000904,2026-01-18,2026-03-26
c000905,2026-01-18,2026-01-18
c000905,2026-01-18,2026-02-02
c000906,2026-01-18,2026-01-18
c000907,2026-01-18,2026-01-18
c000907,2026-01-18,2026-01-29
c000907,2026-01-18,2026-02-07
c000907,2026-01-18,2026-02-10
c000908,2026-01-18,2026-01-18
c000908,2026-01-18,2026-01-31
c000908,2026-01-18,2026-03-03
c000909,2026-01-18,2026-01-18
c000909,2026-01-18,2026-02-23
c000910,2026-01-18,2026-01-18
c000910,2026-01-18,2026-01-31
c000910,2026-01-18,2026-02-11
c000910,2026-01-18,2026-02-19
c000911,2026-01-18,2026-01-18
c000911,2026-01-18,2026-01-29
c000911,2026-01-18,2026-02-15
c000911,2026-01-18,2026-02-23
c000911,2026-01-18,2026-03-03
c000912,2026-01-18,2026-01-18
c000912,2026-01-18,2026-01-25
c000912,2026-01-18,2026-02-07
c000912,2026-01-18,2026-02-08
c000912,2026-01-18,2026-03-09
c000912,2026-01-18,2026-04-09
c000913,2026-01-18,2026-01-18
c000913,2026-01-18,2026-01-26
c000913,2026-01-18,2026-02-04
c000913,2026-01-18,2026-02-14
c000914,2026-01-18,2026-01-18
c000914,2026-01-18,2026-01-25
c000914,2026-01-18,2026-02-01
c000914,2026-01-18,2026-03-03
c000914,2026-01-18,2026-04-06
c000915,2026-01-18,2026-01-18
c000915,2026-01-18,2026-01-31
c000915,2026-01-18,2026-02-05
c000915,2026-01-18,2026-02-22
c000915,2026-01-18,2026-03-23
c000916,2026-01-18,2026-01-18
c000916,2026-01-18,2026-02-05
c000916,2026-01-18,2026-02-12
c000916,2026-01-18,2026-02-20
c000916,2026-01-18,2026-03-07
c000917,2026-01-18,2026-01-18
c000917,2026-01-18,2026-02-10
c000917,2026-01-18,2026-03-01
c000917,2026-01-18,2026-03-13
c000917,2026-01-18,2026-04-06
c000918,2026-01-18,2026-01-18
c000918,2026-01-18,2026-01-31
c000918,2026-01-18,2026-02-07
c000918,2026-01-18,2026-03-04
c000919,2026-01-18,2026-01-18
c000919,2026-01-18,2026-02-06
c000919,2026-01-18,2026-02-23
c000920,2026-01-18,2026-01-18
c000920,2026-01-18,2026-01-31
c000920,2026-01-18,2026-02-04
c000920,2026-01-18,2026-02-14
c000920,2026-01-18,2026-03-01
c000920,2026-01-18,2026-04-02
c000921,2026-01-18,2026-01-18
c000921,2026-01-18,2026-04-14
c000922,2026-01-18,2026-01-18
c000922,2026-01-18,2026-02-21
c000922,2026-01-18,2026-02-24
c000922,2026-01-18,2026-03-02
c000922,2026-01-18,2026-03-13
c000922,2026-01-18,2026-04-10
c000923,2026-01-18,2026-01-18
c000923,2026-01-18,2026-01-26
c000923,2026-01-18,2026-02-06
c000923,2026-01-18,2026-02-10
c000924,2026-01-18,2026-01-18
c000924,2026-01-18,2026-01-26
c000924,2026-01-18,2026-02-03
c000924,2026-01-18,2026-02-18
c000924,2026-01-18,2026-03-07
c000925,2026-01-18,2026-01-18
c000925,2026-01-18,2026-02-27
c000925,2026-01-18,2026-03-13
c000925,2026-01-18,2026-03-17
c000926,2026-01-18,2026-01-18
c000926,2026-01-18,2026-01-27
c000926,2026-01-18,2026-02-14
c000927,2026-01-18,2026-01-18
c000927,2026-01-18,2026-01-30
c000928,2026-01-18,2026-01-18
c000928,2026-01-18,2026-01-25
c000928,2026-01-18,2026-02-13
c000928,2026-01-18,2026-03-04
c000928,2026-01-18,2026-03-25
c000928,2026-01-18,2026-03-31
c000929,2026-01-18,2026-01-18
c000929,2026-01-18,2026-01-25
c000929,2026-01-18,2026-02-10
c000929,2026-01-18,2026-03-25
c000930,2026-01-18,2026-01-18
c000930,2026-01-18,2026-02-05
c000930,2026-01-18,2026-02-19
c000930,2026-01-18,2026-03-03
c000930,2026-01-18,2026-03-19
c000930,2026-01-18,2026-03-27
c000931,2026-01-18,2026-01-18
c000931,2026-01-18,2026-01-29
c000931,2026-01-18,2026-02-03
c000931,2026-01-18,2026-02-24
c000931,2026-01-18,2026-03-12
c000931,2026-01-18,2026-03-26
c000932,2026-01-18,2026-01-18
c000932,2026-01-18,2026-02-25
c000932,2026-01-18,2026-03-01
c000932,2026-01-18,2026-03-23
c000932,2026-01-18,2026-03-30
c000932,2026-01-18,2026-04-09
c000933,2026-01-18,2026-01-18
c000933,2026-01-18,2026-01-25
c000933,2026-01-18,2026-02-01
c000933,2026-01-18,2026-02-24
c000934,2026-01-18,2026-01-18
c000934,2026-01-18,2026-01-29
c000934,2026-01-18,2026-03-24
c000934,2026-01-18,2026-03-31
c000935,2026-01-18,2026-01-18
c000935,2026-01-18,2026-01-31
c000935,2026-01-18,2026-02-05
c000935,2026-01-18,2026-02-09
c000935,2026-01-18,2026-02-15
c000935,2026-01-18,2026-02-24
c000936,2026-01-18,2026-01-18
c000936,2026-01-18,2026-01-25
c000936,2026-01-18,2026-02-19
c000936,2026-01-18,2026-02-28
c000936,2026-01-18,2026-03-13
c000936,2026-01-18,2026-04-02
c000937,2026-01-18,2026-01-18
c000937,2026-01-18,2026-02-21
c000937,2026-01-18,2026-02-24
c000937,2026-01-18,2026-03-07
c000938,2026-01-18,2026-01-18
c000938,2026-01-18,2026-01-26
c000938,2026-01-18,2026-02-09
c000938,2026-01-18,2026-04-01
c000939,2026-01-18,2026-01-18
c000939,2026-01-18,2026-01-25
c000939,2026-01-18,2026-02-04
c000940,2026-01-18,2026-01-18
c000940,2026-01-18,2026-02-21
c000940,2026-01-18,2026-02-24
c000941,2026-01-18,2026-01-18
c000941,2026-01-18,2026-01-28
c000941,2026-01-18,2026-02-02
c000941,2026-01-18,2026-02-27
c000941,2026-01-18,2026-04-01
c000942,2026-01-18,2026-01-18
c000942,2026-01-18,2026-01-27
c000942,2026-01-18,2026-02-23
c000942,2026-01-18,2026-03-04
c000942,2026-01-18,2026-03-23
c000943,2026-01-18,2026-01-18
c000943,2026-01-18,2026-01-28
c000943,2026-01-18,2026-02-02
c000943,2026-01-18,2026-02-08
c000943,2026-01-18,2026-02-28
c000943,2026-01-18,2026-03-09
c000944,2026-01-18,2026-01-18
c000944,2026-01-18,2026-01-25
c000944,2026-01-18,2026-03-19
c000944,2026-01-18,2026-03-31
c000945,2026-01-18,2026-01-18
c000945,2026-01-18,2026-01-26
c000945,2026-01-18,2026-02-09
c000945,2026-01-18,2026-02-21
c000946,2026-01-18,2026-01-18
c000946,2026-01-18,2026-02-06
c000946,2026-01-18,2026-02-10
c000946,2026-01-18,2026-04-14
c000947,2026-01-18,2026-01-18
c000947,2026-01-18,2026-02-12
c000947,2026-01-18,2026-02-17
c000948,2026-01-18,2026-01-18
c000948,2026-01-18,2026-02-07
c000948,2026-01-18,2026-03-06
c000948,2026-01-18,2026-03-24
c000949,2026-01-18,2026-01-18
c000949,2026-01-18,2026-01-31
c000949,2026-01-18,2026-02-13
c000949,2026-01-18,2026-02-16
c000949,2026-01-18,2026-02-25
c000949,2026-01-18,2026-03-10
c000949,2026-01-18,2026-03-15
c000949,2026-01-18,2026-04-07
c000950,2026-01-18,2026-01-18
c000950,2026-01-18,2026-02-07
c000950,2026-01-18,2026-02-19
c000950,2026-01-18,2026-03-06
c000951,2026-01-18,2026-01-18
c000951,2026-01-18,2026-02-01
c000951,2026-01-18,2026-03-01
c000951,2026-01-18,2026-04-06
c000952,2026-01-18,2026-01-18
c000952,2026-01-18,2026-01-26
c000952,2026-01-18,2026-02-02
c000952,2026-01-18,2026-02-16
c000952,2026-01-18,2026-02-23
c000953,2026-01-18,2026-01-18
c000953,2026-01-18,2026-01-25
c000953,2026-01-18,2026-02-09
c000953,2026-01-18,2026-03-07
c000954,2026-01-18,2026-01-18
c000954,2026-01-18,2026-02-01
c000954,2026-01-18,2026-02-25
c000954,2026-01-18,2026-03-28
c000955,2026-01-18,2026-01-18
c000955,2026-01-18,2026-01-31
c000955,2026-01-18,2026-02-04
c000955,2026-01-18,2026-04-15
c000956,2026-01-18,2026-01-18
c000957,2026-01-18,2026-01-18
c000957,2026-01-18,2026-01-28
c000957,2026-01-18,2026-02-14
c000957,2026-01-18,2026-03-10
c000958,2026-01-18,2026-01-18
c000958,2026-01-18,2026-01-29
c000958,2026-01-18,2026-02-19
c000958,2026-01-18,2026-03-03
c000958,2026-01-18,2026-03-25
c000959,2026-01-18,2026-01-18
c000959,2026-01-18,2026-01-25
c000959,2026-01-18,2026-02-14
c000959,2026-01-18,2026-02-26
c000959,2026-01-18,2026-03-04
c000960,2026-01-18,2026-01-18
c000960,2026-01-18,2026-02-20
c000960,2026-01-18,2026-03-19
c000961,2026-01-18,2026-01-18
c000961,2026-01-18,2026-01-27
c000961,2026-01-18,2026-02-07
c000961,2026-01-18,2026-02-18
c000961,2026-01-18,2026-02-22
c000961,2026-01-18,2026-03-11
c000962,2026-01-18,2026-01-18
c000962,2026-01-18,2026-02-11
c000962,2026-01-18,2026-02-16
c000962,2026-01-18,2026-02-24
c000963,2026-01-25,2026-01-25
c000963,2026-01-25,2026-04-01
c000963,2026-01-25,2026-04-09
c000964,2026-01-25,2026-01-25
c000964,2026-01-25,2026-02-02
c000964,2026-01-25,2026-02-26
c000964,2026-01-25,2026-03-12
c000965,2026-01-25,2026-01-25
c000965,2026-01-25,2026-02-20
c000965,2026-01-25,2026-03-07
c000966,2026-01-25,2026-01-25
c000966,2026-01-25,2026-02-07
c000966,2026-01-25,2026-02-22
c000966,2026-01-25,2026-03-11
c000966,2026-01-25,2026-03-15
c000967,2026-01-25,2026-01-25
c000967,2026-01-25,2026-02-02
c000968,2026-01-25,2026-01-25
c000968,2026-01-25,2026-04-06
c000968,2026-01-25,2026-04-16
c000969,2026-01-25,2026-01-25
c000969,2026-01-25,2026-02-10
c000969,2026-01-25,2026-02-16
c000969,2026-01-25,2026-02-27
c000969,2026-01-25,2026-03-16
c000969,2026-01-25,2026-04-09
c000969,2026-01-25,2026-04-16
c000970,2026-01-25,2026-01-25
c000970,2026-01-25,2026-02-12
c000970,2026-01-25,2026-02-27
c000970,2026-01-25,2026-04-02
c000971,2026-01-25,2026-01-25
c000971,2026-01-25,2026-03-03
c000971,2026-01-25,2026-03-19
c000971,2026-01-25,2026-04-06
c000972,2026-01-25,2026-01-25
c000972,2026-01-25,2026-02-05
c000972,2026-01-25,2026-02-25
c000973,2026-01-25,2026-01-25
c000973,2026-01-25,2026-02-02
c000973,2026-01-25,2026-02-09
c000973,2026-01-25,2026-02-20
c000973,2026-01-25,2026-03-20
c000973,2026-01-25,2026-04-01
c000974,2026-01-25,2026-01-25
c000974,2026-01-25,2026-02-05
c000975,2026-01-25,2026-01-25
c000975,2026-01-25,2026-02-04
c000975,2026-01-25,2026-02-08
c000975,2026-01-25,2026-02-23
c000975,2026-01-25,2026-04-02
c000976,2026-01-25,2026-01-25
c000976,2026-01-25,2026-02-08
c000976,2026-01-25,2026-02-20
c000976,2026-01-25,2026-03-06
c000976,2026-01-25,2026-03-09
c000976,2026-01-25,2026-03-29
c000977,2026-01-25,2026-01-25
c000977,2026-01-25,2026-02-07
c000977,2026-01-25,2026-02-09
c000977,2026-01-25,2026-02-17
c000977,2026-01-25,2026-02-28
c000978,2026-01-25,2026-01-25
c000978,2026-01-25,2026-02-05
c000978,2026-01-25,2026-02-12
c000978,2026-01-25,2026-02-21
c000978,2026-01-25,2026-02-28
c000978,2026-01-25,2026-03-01
c000979,2026-01-25,2026-01-25
c000979,2026-01-25,2026-02-08
c000979,2026-01-25,2026-02-15
c000979,2026-01-25,2026-02-25
c000979,2026-01-25,2026-04-07
c000980,2026-01-25,2026-01-25
c000980,2026-01-25,2026-02-19
c000980,2026-01-25,2026-04-17
c000980,2026-01-25,2026-04-19
c000981,2026-01-25,2026-01-25
c000981,2026-01-25,2026-02-04
c000981,2026-01-25,2026-02-18
c000981,2026-01-25,2026-03-07
c000982,2026-01-25,2026-01-25
c000982,2026-01-25,2026-02-08
c000983,2026-01-25,2026-01-25
c000983,2026-01-25,2026-02-01
c000983,2026-01-25,2026-03-02
c000983,2026-01-25,2026-03-26
c000983,2026-01-25,2026-04-21
c000984,2026-01-25,2026-01-25
c000984,2026-01-25,2026-02-12
c000984,2026-01-25,2026-02-20
c000984,2026-01-25,2026-03-14
c000984,2026-01-25,2026-04-03
c000985,2026-01-25,2026-01-25
c000985,2026-01-25,2026-02-01
c000985,2026-01-25,2026-02-17
c000985,2026-01-25,2026-02-24
c000986,2026-01-25,2026-01-25
c000986,2026-01-25,2026-02-03
c000986,2026-01-25,2026-02-14
c000986,2026-01-25,2026-02-19
c000987,2026-01-25,2026-01-25
c000987,2026-01-25,2026-02-05
c000987,2026-01-25,2026-02-20
c000987,2026-01-25,2026-03-18
c000988,2026-01-25,2026-01-25
c000988,2026-01-25,2026-02-13
c000988,2026-01-25,2026-03-01
c000988,2026-01-25,2026-03-13
c000989,2026-01-25,2026-01-25
c000989,2026-01-25,2026-02-04
c000989,2026-01-25,2026-02-10
c000989,2026-01-25,2026-03-04
c000989,2026-01-25,2026-04-11
c000989,2026-01-25,2026-04-13
c000990,2026-01-25,2026-01-25
c000990,2026-01-25,2026-02-15
c000990,2026-01-25,2026-03-17
c000990,2026-01-25,2026-03-22
c000991,2026-01-25,2026-01-25
c000991,2026-01-25,2026-02-04
c000991,2026-01-25,2026-02-08
c000991,2026-01-25,2026-02-20
c000991,2026-01-25,2026-02-26
c000991,2026-01-25,2026-03-01
c000992,2026-01-25,2026-01-25
c000992,2026-01-25,2026-02-05
c000992,2026-01-25,2026-02-18
c000992,2026-01-25,2026-04-07
c000993,2026-01-25,2026-01-25
c000993,2026-01-25,2026-02-02
c000993,2026-01-25,2026-02-10
c000994,2026-01-25,2026-01-25
c000994,2026-01-25,2026-02-01
c000994,2026-01-25,2026-02-21
c000995,2026-01-25,2026-01-25
c000995,2026-01-25,2026-02-28
c000995,2026-01-25,2026-03-27
c000996,2026-01-25,2026-01-25
c000996,2026-01-25,2026-02-10
c000997,2026-01-25,2026-01-25
c000997,2026-01-25,2026-02-03
c000997,2026-01-25,2026-02-26
c000998,2026-01-25,2026-01-25
c000998,2026-01-25,2026-02-01
c000998,2026-01-25,2026-02-12
c000999,2026-01-25,2026-01-25
c000999,2026-01-25,2026-02-27
c001000,2026-01-25,2026-01-25
c001000,2026-01-25,2026-02-13
c001000,2026-01-25,2026-03-13
c001001,2026-01-25,2026-01-25
c001001,2026-01-25,2026-02-08
c001001,2026-01-25,2026-04-13
c001002,2026-01-25,2026-01-25
c001002,2026-01-25,2026-02-13
c001003,2026-01-25,2026-01-25
c001003,2026-01-25,2026-02-06
c001003,2026-01-25,2026-02-20
c001004,2026-01-25,2026-01-25
c001004,2026-01-25,2026-02-04
c001004,2026-01-25,2026-02-15
c001004,2026-01-25,2026-03-23
c001005,2026-01-25,2026-01-25
c001005,2026-01-25,2026-02-01
c001005,2026-01-25,2026-02-15
c001005,2026-01-25,2026-03-04
c001006,2026-01-25,2026-01-25
c001006,2026-01-25,2026-02-21
c001006,2026-01-25,2026-03-04
c001006,2026-01-25,2026-03-20
c001007,2026-01-25,2026-01-25
c001007,2026-01-25,2026-02-05
c001007,2026-01-25,2026-03-19
c001008,2026-01-25,2026-01-25
c001008,2026-01-25,2026-02-19
c001009,2026-01-25,2026-01-25
c001009,2026-01-25,2026-02-22
c001009,2026-01-25,2026-03-05
c001009,2026-01-25,2026-03-09
c001010,2026-01-25,2026-01-25
c001010,2026-01-25,2026-02-20
c001010,2026-01-25,2026-02-23
c001010,2026-01-25,2026-03-02
c001010,2026-01-25,2026-04-13
c001011,2026-01-25,2026-01-25
c001011,2026-01-25,2026-02-04
c001011,2026-01-25,2026-02-10
c001011,2026-01-25,2026-02-15
c001011,2026-01-25,2026-02-24
c001011,2026-01-25,2026-03-07
c001011,2026-01-25,2026-04-08
c001012,2026-01-25,2026-01-25
c001012,2026-01-25,2026-02-04
c001012,2026-01-25,2026-02-08
c001012,2026-01-25,2026-02-23
c001013,2026-01-25,2026-01-25
c001013,2026-01-25,2026-02-15
c001013,2026-01-25,2026-03-27
c001014,2026-01-25,2026-01-25
c001014,2026-01-25,2026-02-04
c001014,2026-01-25,2026-02-13
c001014,2026-01-25,2026-02-19
c001014,2026-01-25,2026-02-22
c001014,2026-01-25,2026-03-01
c001015,2026-01-25,2026-01-25
c001015,2026-01-25,2026-02-12
c001015,2026-01-25,2026-03-03
c001016,2026-01-25,2026-01-25
c001016,2026-01-25,2026-02-05
c001016,2026-01-25,2026-02-25
c001016,2026-01-25,2026-03-18
c001017,2026-01-25,2026-01-25
c001017,2026-01-25,2026-02-05
c001017,2026-01-25,2026-03-27
c001018,2026-01-25,2026-01-25
c001018,2026-01-25,2026-02-11
c001019,2026-01-25,2026-01-25
c001019,2026-01-25,2026-02-07
c001019,2026-01-25,2026-03-19
c001019,2026-01-25,2026-04-12
c001020,2026-01-25,2026-01-25
c001020,2026-01-25,2026-02-05
c001020,2026-01-25,2026-02-20
c001021,2026-01-25,2026-01-25
c001021,2026-01-25,2026-02-04
c001021,2026-01-25,2026-02-18
c001021,2026-01-25,2026-03-27
c001022,2026-01-25,2026-01-25
c001022,2026-01-25,2026-02-01
c001022,2026-01-25,2026-02-13
c001022,2026-01-25,2026-02-20
c001022,2026-01-25,2026-03-19
c001022,2026-01-25,2026-04-15
c001023,2026-01-25,2026-01-25
c001023,2026-01-25,2026-02-02
c001023,2026-01-25,2026-02-10
c001023,2026-01-25,2026-02-28
c001023,2026-01-25,2026-03-16
c001023,2026-01-25,2026-03-25
c001023,2026-01-25,2026-04-11
c001024,2026-01-25,2026-01-25
c001024,2026-01-25,2026-02-01
c001024,2026-01-25,2026-02-09
c001024,2026-01-25,2026-02-17
c001024,2026-01-25,2026-02-26
c001024,2026-01-25,2026-03-05
c001024,2026-01-25,2026-03-15
c001024,2026-01-25,2026-03-22
c001025,2026-01-25,2026-01-25
c001025,2026-01-25,2026-02-15
c001025,2026-01-25,2026-03-04
c001025,2026-01-25,2026-03-16
c001026,2026-01-25,2026-01-25
c001026,2026-01-25,2026-02-21
c001026,2026-01-25,2026-02-27
c001027,2026-01-25,2026-01-25
c001027,2026-01-25,2026-02-14
c001028,2026-01-25,2026-01-25
c001028,2026-01-25,2026-02-02
c001028,2026-01-25,2026-02-25
c001029,2026-01-25,2026-01-25
c001029,2026-01-25,2026-02-02
c001029,2026-01-25,2026-02-10
c001029,2026-01-25,2026-03-11
c001029,2026-01-25,2026-04-02
c001030,2026-01-25,2026-01-25
c001030,2026-01-25,2026-02-14
c001030,2026-01-25,2026-03-14
c001030,2026-01-25,2026-04-24
c001031,2026-01-25,2026-01-25
c001031,2026-01-25,2026-02-01
c001031,2026-01-25,2026-02-13
c001031,2026-01-25,2026-02-17
c001031,2026-01-25,2026-02-22
c001031,2026-01-25,2026-03-18
c001032,2026-01-25,2026-01-25
c001032,2026-01-25,2026-03-24
c001033,2026-01-25,2026-01-25
c001033,2026-01-25,2026-02-12
c001033,2026-01-25,2026-02-16
c001033,2026-01-25,2026-02-26
c001033,2026-01-25,2026-04-20
c001034,2026-01-25,2026-01-25
c001034,2026-01-25,2026-02-08
c001034,2026-01-25,2026-03-10
c001035,2026-01-25,2026-01-25
c001035,2026-01-25,2026-02-02
c001036,2026-01-25,2026-01-25
c001036,2026-01-25,2026-02-01
c001036,2026-01-25,2026-02-19
c001036,2026-01-25,2026-02-26
c001036,2026-01-25,2026-03-29
c001037,2026-01-25,2026-01-25
c001037,2026-01-25,2026-02-09
c001037,2026-01-25,2026-04-04
c001038,2026-01-25,2026-01-25
c001038,2026-01-25,2026-02-07
c001038,2026-01-25,2026-02-28
c001039,2026-01-25,2026-01-25
c001039,2026-01-25,2026-02-12
c001039,2026-01-25,2026-02-23
c001039,2026-01-25,2026-04-02
c001040,2026-01-25,2026-01-25
c001040,2026-01-25,2026-02-01
c001040,2026-01-25,2026-02-09
c001040,2026-01-25,2026-02-15
c001040,2026-01-25,2026-02-23
c001041,2026-01-25,2026-01-25
c001041,2026-01-25,2026-02-23
c001042,2026-01-25,2026-01-25
c001042,2026-01-25,2026-02-01
c001042,2026-01-25,2026-02-25
c001043,2026-01-25,2026-01-25
c001043,2026-01-25,2026-02-13
c001044,2026-01-25,2026-01-25
c001044,2026-01-25,2026-02-04
c001044,2026-01-25,2026-02-21
c001044,2026-01-25,2026-03-19
c001044,2026-01-25,2026-04-08
c001045,2026-01-25,2026-01-25
c001045,2026-01-25,2026-03-05
c001046,2026-01-25,2026-01-25
c001046,2026-01-25,2026-02-01
c001046,2026-01-25,2026-02-19
c001046,2026-01-25,2026-03-12
c001046,2026-01-25,2026-04-04
c001047,2026-01-25,2026-01-25
c001047,2026-01-25,2026-02-15
c001048,2026-01-25,2026-01-25
c001048,2026-01-25,2026-02-11
c001048,2026-01-25,2026-02-17
c001048,2026-01-25,2026-03-31
c001049,2026-01-25,2026-01-25
c001049,2026-01-25,2026-02-03
c001049,2026-01-25,2026-02-12
c001049,2026-01-25,2026-04-09
c001050,2026-01-25,2026-01-25
c001050,2026-01-25,2026-02-06
c001051,2026-01-25,2026-01-25
c001051,2026-01-25,2026-02-12
c001051,2026-01-25,2026-02-26
c001052,2026-01-25,2026-01-25
c001052,2026-01-25,2026-02-02
c001052,2026-01-25,2026-02-12
c001052,2026-01-25,2026-02-22
c001052,2026-01-25,2026-03-30
c001052,2026-01-25,2026-04-24
c001053,2026-01-25,2026-01-25
c001053,2026-01-25,2026-02-13
c001053,2026-01-25,2026-02-17
c001054,2026-01-25,2026-01-25
c001054,2026-01-25,2026-02-01
c001054,2026-01-25,2026-03-12
c001055,2026-01-25,2026-01-25
c001055,2026-01-25,2026-02-03
c001056,2026-01-25,2026-01-25
c001056,2026-01-25,2026-02-04
c001056,2026-01-25,2026-02-23
c001056,2026-01-25,2026-03-07
c001056,2026-01-25,2026-03-14
c001056,2026-01-25,2026-04-17
c001057,2026-01-25,2026-01-25
c001057,2026-01-25,2026-02-03
c001057,2026-01-25,2026-02-08
c001057,2026-01-25,2026-02-21
c001057,2026-01-25,2026-02-22
c001057,2026-01-25,2026-03-27
c001058,2026-01-25,2026-01-25
c001058,2026-01-25,2026-02-07
c001058,2026-01-25,2026-02-10
c001058,2026-01-25,2026-02-26
c001059,2026-01-25,2026-01-25
c001059,2026-01-25,2026-03-29
c001060,2026-01-25,2026-01-25
c001060,2026-01-25,2026-02-15
c001060,2026-01-25,2026-02-28
c001060,2026-01-25,2026-03-07
c001061,2026-01-25,2026-01-25
c001061,2026-01-25,2026-02-06
c001061,2026-01-25,2026-02-14
c001062,2026-01-25,2026-01-25
c001062,2026-01-25,2026-02-05
c001062,2026-01-25,2026-02-08
c001062,2026-01-25,2026-03-05
c001062,2026-01-25,2026-03-16
c001063,2026-01-25,2026-01-25
c001063,2026-01-25,2026-02-11
c001064,2026-01-25,2026-01-25
c001064,2026-01-25,2026-02-01
c001064,2026-01-25,2026-02-13
c001064,2026-01-25,2026-03-14
c001065,2026-01-25,2026-01-25
c001065,2026-01-25,2026-02-04
c001065,2026-01-25,2026-02-09
c001066,2026-01-25,2026-01-25
c001066,2026-01-25,2026-02-06
c001066,2026-01-25,2026-02-15
c001066,2026-01-25,2026-03-05
c001066,2026-01-25,2026-03-18
c001067,2026-01-25,2026-01-25
c001067,2026-01-25,2026-02-01
c001067,2026-01-25,2026-02-08
c001067,2026-01-25,2026-02-21
c001067,2026-01-25,2026-03-06
c001067,2026-01-25,2026-03-11
c001067,2026-01-25,2026-03-29
c001068,2026-01-25,2026-01-25
c001068,2026-01-25,2026-02-14
c001068,2026-01-25,2026-03-04
c001069,2026-01-25,2026-01-25
c001069,2026-01-25,2026-02-09
c001069,2026-01-25,2026-03-12
c001069,2026-01-25,2026-03-29
c001070,2026-01-25,2026-01-25
c001070,2026-01-25,2026-03-26
c001070,2026-01-25,2026-04-15
c001071,2026-01-25,2026-01-25
c001071,2026-01-25,2026-02-04
c001071,2026-01-25,2026-02-09
c001071,2026-01-25,2026-02-21
c001071,2026-01-25,2026-03-10
c001072,2026-01-25,2026-01-25
c001072,2026-01-25,2026-02-04
c001072,2026-01-25,2026-02-10
c001073,2026-01-25,2026-01-25
c001073,2026-01-25,2026-02-11
c001074,2026-01-25,2026-01-25
c001074,2026-01-25,2026-02-03
c001074,2026-01-25,2026-02-14
c001075,2026-01-25,2026-01-25
c001075,2026-01-25,2026-02-05
c001075,2026-01-25,2026-02-15
c001075,2026-01-25,2026-03-18
c001076,2026-01-25,2026-01-25
c001076,2026-01-25,2026-02-07
c001076,2026-01-25,2026-02-09
c001077,2026-01-25,2026-01-25
c001078,2026-01-25,2026-01-25
c001078,2026-01-25,2026-02-01
c001078,2026-01-25,2026-02-14
c001078,2026-01-25,2026-02-16
c001078,2026-01-25,2026-03-19
c001079,2026-01-25,2026-01-25
c001079,2026-01-25,2026-02-09
c001079,2026-01-25,2026-02-28
c001079,2026-01-25,2026-04-06
c001080,2026-01-25,2026-01-25
c001080,2026-01-25,2026-02-06
c001080,2026-01-25,2026-02-13
c001080,2026-01-25,2026-02-21
c001080,2026-01-25,2026-02-27
c001080,2026-01-25,2026-03-14
c001080,2026-01-25,2026-03-21
c001080,2026-01-25,2026-04-02
c001081,2026-01-25,2026-01-25
c001081,2026-01-25,2026-02-05
c001081,2026-01-25,2026-02-13
c001081,2026-01-25,2026-02-17
c001082,2026-01-25,2026-01-25
c001082,2026-01-25,2026-02-06
c001082,2026-01-25,2026-02-22
c001083,2026-01-25,2026-01-25
c001083,2026-01-25,2026-02-07
c001083,2026-01-25,2026-03-13
c001083,2026-01-25,2026-04-21
c001084,2026-01-25,2026-01-25
c001084,2026-01-25,2026-02-24
c001084,2026-01-25,2026-03-13
c001085,2026-01-25,2026-01-25
c001085,2026-01-25,2026-02-02
c001085,2026-01-25,2026-02-18
c001086,2026-01-25,2026-01-25
c001086,2026-01-25,2026-02-03
c001086,2026-01-25,2026-02-11
c001086,2026-01-25,2026-03-26
c001087,2026-01-25,2026-01-25
c001087,2026-01-25,2026-03-14
c001087,2026-01-25,2026-04-20
c001088,2026-01-25,2026-01-25
c001088,2026-01-25,2026-02-05
c001088,2026-01-25,2026-03-05
c001088,2026-01-25,2026-03-19
c001089,2026-01-25,2026-01-25
c001089,2026-01-25,2026-02-26
c001090,2026-01-25,2026-01-25
c001090,2026-01-25,2026-02-03
c001090,2026-01-25,2026-02-21
c001091,2026-01-25,2026-01-25
c001091,2026-01-25,2026-02-05
c001091,2026-01-25,2026-02-10
c001091,2026-01-25,2026-02-23
c001091,2026-01-25,2026-03-11
c001091,2026-01-25,2026-03-24
c001092,2026-01-25,2026-01-25
c001092,2026-01-25,2026-02-06
c001092,2026-01-25,2026-02-16
c001092,2026-01-25,2026-03-03
c001092,2026-01-25,2026-03-17
c001092,2026-01-25,2026-04-22
c001093,2026-01-25,2026-01-25
c001093,2026-01-25,2026-02-13
c001093,2026-01-25,2026-03-04
c001093,2026-01-25,2026-03-14
c001093,2026-01-25,2026-04-13
c001094,2026-01-25,2026-01-25
c001094,2026-01-25,2026-02-01
c001094,2026-01-25,2026-02-11
c001094,2026-01-25,2026-02-18
c001094,2026-01-25,2026-03-14
c001095,2026-01-25,2026-01-25
c001095,2026-01-25,2026-02-04
c001095,2026-01-25,2026-02-11
c001095,2026-01-25,2026-02-26
c001095,2026-01-25,2026-03-25
c001096,2026-01-25,2026-01-25
c001097,2026-01-25,2026-01-25
c001097,2026-01-25,2026-02-09
c001097,2026-01-25,2026-02-20
c001097,2026-01-25,2026-03-13
c001098,2026-01-25,2026-01-25
c001098,2026-01-25,2026-02-05
c001098,2026-01-25,2026-02-19
c001098,2026-01-25,2026-03-06
c001098,2026-01-25,2026-03-31
c001099,2026-01-25,2026-01-25
c001099,2026-01-25,2026-02-07
c001099,2026-01-25,2026-03-09
c001100,2026-01-25,2026-01-25
c001100,2026-01-25,2026-02-11
c001100,2026-01-25,2026-03-21
c001101,2026-01-25,2026-01-25
c001101,2026-01-25,2026-02-05
c001101,2026-01-25,2026-03-08
c001101,2026-01-25,2026-03-22
c001102,2026-01-25,2026-01-25
c001102,2026-01-25,2026-02-03
c001102,2026-01-25,2026-02-14
c001102,2026-01-25,2026-02-25
c001102,2026-01-25,2026-03-12
c001103,2026-01-25,2026-01-25
c001103,2026-01-25,2026-02-04
c001103,2026-01-25,2026-02-12
c001103,2026-01-25,2026-03-03
c001104,2026-01-25,2026-01-25
c001104,2026-01-25,2026-02-04
c001104,2026-01-25,2026-03-01
c001104,2026-01-25,2026-03-08
c001104,2026-01-25,2026-04-12
c001105,2026-01-25,2026-01-25
c001105,2026-01-25,2026-02-09
c001106,2026-01-25,2026-01-25
c001106,2026-01-25,2026-02-21
c001106,2026-01-25,2026-03-13
c001107,2026-01-25,2026-01-25
c001107,2026-01-25,2026-02-03
c001107,2026-01-25,2026-02-09
c001107,2026-01-25,2026-02-16
c001107,2026-01-25,2026-03-06
c001107,2026-01-25,2026-03-12
c001107,2026-01-25,2026-03-20
c001108,2026-01-25,2026-01-25
c001108,2026-01-25,2026-02-07
c001108,2026-01-25,2026-02-20
c001108,2026-01-25,2026-03-19
c001108,2026-01-25,2026-03-25
c001108,2026-01-25,2026-04-06
c001109,2026-01-25,2026-01-25
c001109,2026-01-25,2026-02-17
c001109,2026-01-25,2026-03-23
c001110,2026-01-25,2026-01-25
c001110,2026-01-25,2026-02-21
c001110,2026-01-25,2026-03-20
c001111,2026-01-25,2026-01-25
c001111,2026-01-25,2026-02-06
c001111,2026-01-25,2026-02-12
c001111,2026-01-25,2026-03-01
c001111,2026-01-25,2026-03-13
c001112,2026-01-25,2026-01-25
c001112,2026-01-25,2026-02-03
c001112,2026-01-25,2026-02-13
c001112,2026-01-25,2026-02-21
c001112,2026-01-25,2026-02-22
c001112,2026-01-25,2026-03-03
c001112,2026-01-25,2026-04-18
c001113,2026-01-25,2026-01-25
c001113,2026-01-25,2026-02-03
c001114,2026-01-25,2026-01-25
c001114,2026-01-25,2026-02-06
c001114,2026-01-25,2026-03-01
c001114,2026-01-25,2026-03-31
c001115,2026-01-25,2026-01-25
c001115,2026-01-25,2026-02-25
c001115,2026-01-25,2026-03-07
c001116,2026-01-25,2026-01-25
c001116,2026-01-25,2026-02-12
c001116,2026-01-25,2026-04-15
c001117,2026-01-25,2026-01-25
c001117,2026-01-25,2026-03-01
c001117,2026-01-25,2026-03-12
c001117,2026-01-25,2026-03-29
c001118,2026-01-25,2026-01-25
c001118,2026-01-25,2026-03-01
c001118,2026-01-25,2026-04-04
c001118,2026-01-25,2026-04-08
c001119,2026-01-25,2026-01-25
c001119,2026-01-25,2026-02-17
c001120,2026-01-25,2026-01-25
c001120,2026-01-25,2026-02-04
c001120,2026-01-25,2026-02-10
c001120,2026-01-25,2026-03-05
c001120,2026-01-25,2026-03-14
c001120,2026-01-25,2026-04-09
c001121,2026-01-25,2026-01-25
c001121,2026-01-25,2026-02-16
c001121,2026-01-25,2026-02-27
c001121,2026-01-25,2026-03-12
c001121,2026-01-25,2026-03-17
c001121,2026-01-25,2026-04-09
c001122,2026-01-25,2026-01-25
c001122,2026-01-25,2026-02-03
c001123,2026-01-25,2026-01-25
c001123,2026-01-25,2026-02-07
c001123,2026-01-25,2026-02-11
c001123,2026-01-25,2026-02-16
c001124,2026-01-25,2026-01-25
c001124,2026-01-25,2026-02-18
c001124,2026-01-25,2026-02-26
c001125,2026-01-25,2026-01-25
c001125,2026-01-25,2026-04-17
c001126,2026-01-25,2026-01-25
c001126,2026-01-25,2026-02-13
c001126,2026-01-25,2026-02-18
c001126,2026-01-25,2026-03-10
c001127,2026-01-25,2026-01-25
c001127,2026-01-25,2026-02-07
c001127,2026-01-25,2026-02-09
c001127,2026-01-25,2026-02-19
c001127,2026-01-25,2026-03-15
c001128,2026-01-25,2026-01-25
c001128,2026-01-25,2026-02-01
c001128,2026-01-25,2026-02-23
c001128,2026-01-25,2026-03-12
c001129,2026-01-25,2026-01-25
c001129,2026-01-25,2026-02-18
c001129,2026-01-25,2026-03-25
c001129,2026-01-25,2026-04-24
c001130,2026-01-25,2026-01-25
c001130,2026-01-25,2026-02-03
c001130,2026-01-25,2026-02-19
c001131,2026-01-25,2026-01-25
c001131,2026-01-25,2026-02-05
c001131,2026-01-25,2026-02-08
c001131,2026-01-25,2026-03-31
c001132,2026-01-25,2026-01-25
c001132,2026-01-25,2026-02-02
c001132,2026-01-25,2026-02-10
c001132,2026-01-25,2026-03-03
c001133,2026-01-25,2026-01-25
c001133,2026-01-25,2026-02-02
c001133,2026-01-25,2026-02-09
c001133,2026-01-25,2026-03-15
c001134,2026-01-25,2026-01-25
c001134,2026-01-25,2026-02-06
c001134,2026-01-25,2026-02-23
c001134,2026-01-25,2026-03-24
c001135,2026-01-25,2026-01-25
c001135,2026-01-25,2026-02-16
c001135,2026-01-25,2026-03-24
c001136,2026-01-25,2026-01-25
c001136,2026-01-25,2026-02-12
c001136,2026-01-25,2026-02-15
c001136,2026-01-25,2026-03-02
c001137,2026-01-25,2026-01-25
c001137,2026-01-25,2026-02-01
c001138,2026-01-25,2026-01-25
c001138,2026-01-25,2026-02-05
c001138,2026-01-25,2026-02-18
c001138,2026-01-25,2026-03-26
c001139,2026-01-25,2026-01-25
c001140,2026-01-25,2026-01-25
c001140,2026-01-25,2026-02-14
c001140,2026-01-25,2026-02-18
c001140,2026-01-25,2026-03-12
c001141,2026-01-25,2026-01-25
c001141,2026-01-25,2026-02-04
c001141,2026-01-25,2026-03-15
c001142,2026-01-25,2026-01-25
c001142,2026-01-25,2026-02-26
c001143,2026-01-25,2026-01-25
c001143,2026-01-25,2026-02-03
c001143,2026-01-25,2026-02-14
c001143,2026-01-25,2026-02-16
c001143,2026-01-25,2026-02-22
c001144,2026-01-25,2026-01-25
c001144,2026-01-25,2026-02-05
c001144,2026-01-25,2026-02-18
c001144,2026-01-25,2026-03-08
c001144,2026-01-25,2026-03-24
c001145,2026-01-25,2026-01-25
c001145,2026-01-25,2026-02-01
c001145,2026-01-25,2026-02-12
c001145,2026-01-25,2026-02-15
c001145,2026-01-25,2026-04-01
c001146,2026-01-25,2026-01-25
c001146,2026-01-25,2026-02-05
c001146,2026-01-25,2026-03-06
c001146,2026-01-25,2026-03-15
c001146,2026-01-25,2026-03-25
c001147,2026-01-25,2026-01-25
c001147,2026-01-25,2026-02-02
c001147,2026-01-25,2026-03-06
c001147,2026-01-25,2026-04-04
c001148,2026-01-25,2026-01-25
c001148,2026-01-25,2026-02-06
c001148,2026-01-25,2026-04-07
c001149,2026-01-25,2026-01-25
c001149,2026-01-25,2026-02-07
c001150,2026-01-25,2026-01-25
c001150,2026-01-25,2026-02-02
c001150,2026-01-25,2026-02-11
c001150,2026-01-25,2026-02-16
c001151,2026-01-25,2026-01-25
c001151,2026-01-25,2026-04-04
c001151,2026-01-25,2026-04-06
c001152,2026-01-25,2026-01-25
c001152,2026-01-25,2026-02-04
c001152,2026-01-25,2026-02-10
c001152,2026-01-25,2026-03-08
c001152,2026-01-25,2026-03-23
c001153,2026-02-01,2026-02-01
c001153,2026-02-01,2026-02-09
c001153,2026-02-01,2026-02-15
c001153,2026-02-01,2026-02-22
c001154,2026-02-01,2026-02-01
c001154,2026-02-01,2026-03-01
c001155,2026-02-01,2026-02-01
c001155,2026-02-01,2026-02-09
c001155,2026-02-01,2026-03-02
c001156,2026-02-01,2026-02-01
c001156,2026-02-01,2026-03-08
c001156,2026-02-01,2026-04-10
c001156,2026-02-01,2026-04-25
c001157,2026-02-01,2026-02-01
c001157,2026-02-01,2026-02-09
c001157,2026-02-01,2026-03-08
c001157,2026-02-01,2026-03-21
c001157,2026-02-01,2026-04-04
c001158,2026-02-01,2026-02-01
c001158,2026-02-01,2026-02-25
c001158,2026-02-01,2026-04-27
c001159,2026-02-01,2026-02-01
c001159,2026-02-01,2026-02-21
c001159,2026-02-01,2026-04-04
c001160,2026-02-01,2026-02-01
c001160,2026-02-01,2026-02-11
c001160,2026-02-01,2026-02-17
c001160,2026-02-01,2026-04-16
c001161,2026-02-01,2026-02-01
c001161,2026-02-01,2026-02-16
c001161,2026-02-01,2026-02-28
c001161,2026-02-01,2026-03-09
c001161,2026-02-01,2026-04-03
c001162,2026-02-01,2026-02-01
c001162,2026-02-01,2026-02-18
c001162,2026-02-01,2026-02-23
c001163,2026-02-01,2026-02-01
c001163,2026-02-01,2026-02-15
c001163,2026-02-01,2026-03-22
c001163,2026-02-01,2026-04-09
c001164,2026-02-01,2026-02-01
c001164,2026-02-01,2026-02-11
c001164,2026-02-01,2026-02-18
c001164,2026-02-01,2026-03-07
c001164,2026-02-01,2026-03-15
c001165,2026-02-01,2026-02-01
c001165,2026-02-01,2026-02-09
c001165,2026-02-01,2026-02-19
c001165,2026-02-01,2026-02-23
c001165,2026-02-01,2026-03-02
c001165,2026-02-01,2026-03-10
c001166,2026-02-01,2026-02-01
c001166,2026-02-01,2026-02-18
c001166,2026-02-01,2026-03-04
c001166,2026-02-01,2026-03-14
c001166,2026-02-01,2026-04-30
c001167,2026-02-01,2026-02-01
c001167,2026-02-01,2026-02-16
c001167,2026-02-01,2026-03-13
c001167,2026-02-01,2026-03-27
c001168,2026-02-01,2026-02-01
c001169,2026-02-01,2026-02-01
c001169,2026-02-01,2026-02-09
c001169,2026-02-01,2026-03-21
c001170,2026-02-01,2026-02-01
c001170,2026-02-01,2026-02-14
c001170,2026-02-01,2026-02-15
c001170,2026-02-01,2026-04-12
c001171,2026-02-01,2026-02-01
c001171,2026-02-01,2026-02-13
c001171,2026-02-01,2026-03-01
c001171,2026-02-01,2026-03-12
c001171,2026-02-01,2026-04-24
c001172,2026-02-01,2026-02-01
c001172,2026-02-01,2026-02-10
c001172,2026-02-01,2026-02-19
c001172,2026-02-01,2026-03-14
c001172,2026-02-01,2026-03-21
c001172,2026-02-01,2026-04-24
c001173,2026-02-01,2026-02-01
c001173,2026-02-01,2026-02-17
c001173,2026-02-01,2026-03-09
c001174,2026-02-01,2026-02-01
c001174,2026-02-01,2026-02-12
c001174,2026-02-01,2026-04-15
c001175,2026-02-01,2026-02-01
c001175,2026-02-01,2026-02-19
c001175,2026-02-01,2026-02-22
c001176,2026-02-01,2026-02-01
c001176,2026-02-01,2026-02-14
c001176,2026-02-01,2026-02-15
c001176,2026-02-01,2026-03-15
c001177,2026-02-01,2026-02-01
c001177,2026-02-01,2026-02-08
c001177,2026-02-01,2026-02-25
c001178,2026-02-01,2026-02-01
c001178,2026-02-01,2026-02-13
c001178,2026-02-01,2026-02-23
c001178,2026-02-01,2026-03-12
c001179,2026-02-01,2026-02-01
c001179,2026-02-01,2026-02-19
c001179,2026-02-01,2026-02-27
c001180,2026-02-01,2026-02-01
c001180,2026-02-01,2026-02-08
c001180,2026-02-01,2026-02-22
c001180,2026-02-01,2026-04-18
c001181,2026-02-01,2026-02-01
c001181,2026-02-01,2026-02-13
c001181,2026-02-01,2026-03-05
c001181,2026-02-01,2026-03-10
c001181,2026-02-01,2026-03-29
c001182,2026-02-01,2026-02-01
c001182,2026-02-01,2026-02-09
c001182,2026-02-01,2026-02-21
c001182,2026-02-01,2026-03-02
c001183,2026-02-01,2026-02-01
c001183,2026-02-01,2026-02-11
c001183,2026-02-01,2026-03-11
c001183,2026-02-01,2026-03-17
c001183,2026-02-01,2026-03-23
c001183,2026-02-01,2026-03-29
c001183,2026-02-01,2026-04-19
c001184,2026-02-01,2026-02-01
c001184,2026-02-01,2026-02-14
c001184,2026-02-01,2026-02-22
c001184,2026-02-01,2026-03-12
c001185,2026-02-01,2026-02-01
c001185,2026-02-01,2026-02-12
c001186,2026-02-01,2026-02-01
c001186,2026-02-01,2026-02-20
c001186,2026-02-01,2026-03-20
c001187,2026-02-01,2026-02-01
c001187,2026-02-01,2026-02-14
c001187,2026-02-01,2026-02-15
c001187,2026-02-01,2026-03-13
c001187,2026-02-01,2026-03-31
c001187,2026-02-01,2026-04-19
c001188,2026-02-01,2026-02-01
c001188,2026-02-01,2026-02-14
c001188,2026-02-01,2026-02-18
c001188,2026-02-01,2026-03-01
c001188,2026-02-01,2026-05-02
c001189,2026-02-01,2026-02-01
c001189,2026-02-01,2026-02-13
c001189,2026-02-01,2026-02-21
c001189,2026-02-01,2026-03-31
c001190,2026-02-01,2026-02-01
c001190,2026-02-01,2026-02-08
c001190,2026-02-01,2026-02-17
c001190,2026-02-01,2026-03-13
c001190,2026-02-01,2026-03-20
c001191,2026-02-01,2026-02-01
c001191,2026-02-01,2026-02-20
c001191,2026-02-01,2026-02-27
c001191,2026-02-01,2026-03-29
c001192,2026-02-01,2026-02-01
c001192,2026-02-01,2026-02-14
c001192,2026-02-01,2026-02-28
c001192,2026-02-01,2026-03-01
c001192,2026-02-01,2026-04-26
c001193,2026-02-01,2026-02-01
c001193,2026-02-01,2026-03-07
c001194,2026-02-01,2026-02-01
c001194,2026-02-01,2026-02-11
c001194,2026-02-01,2026-02-24
c001194,2026-02-01,2026-03-03
c001194,2026-02-01,2026-04-14
c001195,2026-02-01,2026-02-01
c001195,2026-02-01,2026-03-03
c001195,2026-02-01,2026-03-08
c001195,2026-02-01,2026-03-21
c001195,2026-02-01,2026-03-28
c001195,2026-02-01,2026-04-19
c001196,2026-02-01,2026-02-01
c001196,2026-02-01,2026-03-18
c001197,2026-02-01,2026-02-01
c001197,2026-02-01,2026-02-19
c001197,2026-02-01,2026-03-26
c001197,2026-02-01,2026-04-14
c001197,2026-02-01,2026-04-25
c001198,2026-02-01,2026-02-01
c001198,2026-02-01,2026-02-25
c001198,2026-02-01,2026-04-02
c001199,2026-02-01,2026-02-01
c001199,2026-02-01,2026-02-21
c001199,2026-02-01,2026-03-03
c001200,2026-02-01,2026-02-01
c001201,2026-02-01,2026-02-01
c001201,2026-02-01,2026-02-23
c001201,2026-02-01,2026-03-27
c001202,2026-02-01,2026-02-01
c001202,2026-02-01,2026-02-09
c001202,2026-02-01,2026-02-24
c001203,2026-02-01,2026-02-01
c001203,2026-02-01,2026-04-06
c001204,2026-02-01,2026-02-01
c001204,2026-02-01,2026-04-02
c001204,2026-02-01,2026-04-22
c001205,2026-02-01,2026-02-01
c001205,2026-02-01,2026-02-14
c001205,2026-02-01,2026-02-18
c001205,2026-02-01,2026-02-24
c001205,2026-02-01,2026-03-05
c001205,2026-02-01,2026-03-14
c001205,2026-02-01,2026-03-24
c001206,2026-02-01,2026-02-01
c001206,2026-02-01,2026-02-24
c001206,2026-02-01,2026-03-14
c001207,2026-02-01,2026-02-01
c001207,2026-02-01,2026-02-16
c001207,2026-02-01,2026-02-28
c001207,2026-02-01,2026-04-08
c001208,2026-02-01,2026-02-01
c001208,2026-02-01,2026-02-14
c001208,2026-02-01,2026-02-20
c001208,2026-02-01,2026-03-07
c001209,2026-02-01,2026-02-01
c001209,2026-02-01,2026-02-20
c001209,2026-02-01,2026-02-23
c001210,2026-02-01,2026-02-01
c001210,2026-02-01,2026-02-24
c001210,2026-02-01,2026-05-01
c001211,2026-02-01,2026-02-01
c001211,2026-02-01,2026-02-12
c001211,2026-02-01,2026-02-20
c001212,2026-02-01,2026-02-01
c001212,2026-02-01,2026-02-08
c001212,2026-02-01,2026-03-07
c001213,2026-02-01,2026-02-01
c001213,2026-02-01,2026-02-21
c001213,2026-02-01,2026-03-23
c001214,2026-02-01,2026-02-01
c001215,2026-02-01,2026-02-01
c001215,2026-02-01,2026-04-14
c001216,2026-02-01,2026-02-01
c001216,2026-02-01,2026-02-13
c001216,2026-02-01,2026-02-16
c001216,2026-02-01,2026-03-10
c001216,2026-02-01,2026-03-27
c001217,2026-02-01,2026-02-01
c001218,2026-02-01,2026-02-01
c001218,2026-02-01,2026-02-11
c001218,2026-02-01,2026-02-17
c001218,2026-02-01,2026-02-27
c001218,2026-02-01,2026-03-04
c001219,2026-02-01,2026-02-01
c001219,2026-02-01,2026-02-10
c001219,2026-02-01,2026-02-17
c001219,2026-02-01,2026-03-05
c001219,2026-02-01,2026-03-21
c001220,2026-02-01,2026-02-01
c001220,2026-02-01,2026-02-17
c001220,2026-02-01,2026-02-27
c001220,2026-02-01,2026-03-24
c001221,2026-02-01,2026-02-01
c001221,2026-02-01,2026-02-19
c001221,2026-02-01,2026-02-28
c001221,2026-02-01,2026-03-11
c001221,2026-02-01,2026-03-19
c001221,2026-02-01,2026-04-21
c001222,2026-02-01,2026-02-01
c001222,2026-02-01,2026-02-12
c001222,2026-02-01,2026-03-02
c001222,2026-02-01,2026-03-13
c001223,2026-02-01,2026-02-01
c001223,2026-02-01,2026-02-21
c001224,2026-02-01,2026-02-01
c001224,2026-02-01,2026-02-18
c001224,2026-02-01,2026-03-05
c001224,2026-02-01,2026-04-07
c001225,2026-02-01,2026-02-01
c001225,2026-02-01,2026-02-18
c001226,2026-02-01,2026-02-01
c001226,2026-02-01,2026-02-14
c001226,2026-02-01,2026-03-23
c001227,2026-02-01,2026-02-01
c001227,2026-02-01,2026-02-11
c001227,2026-02-01,2026-02-16
c001228,2026-02-01,2026-02-01
c001228,2026-02-01,2026-02-27
c001229,2026-02-01,2026-02-01
c001229,2026-02-01,2026-02-15
c001229,2026-02-01,2026-03-15
c001230,2026-02-01,2026-02-01
c001230,2026-02-01,2026-03-29
c001231,2026-02-01,2026-02-01
c001231,2026-02-01,2026-02-13
c001231,2026-02-01,2026-02-27
c001231,2026-02-01,2026-03-26
c001231,2026-02-01,2026-03-30
c001232,2026-02-01,2026-02-01
c001232,2026-02-01,2026-02-17
c001232,2026-02-01,2026-03-03
c001232,2026-02-01,2026-03-18
c001232,2026-02-01,2026-04-02
c001232,2026-02-01,2026-04-11
c001233,2026-02-01,2026-02-01
c001233,2026-02-01,2026-02-13
c001233,2026-02-01,2026-02-20
c001233,2026-02-01,2026-03-12
c001233,2026-02-01,2026-04-01
c001233,2026-02-01,2026-04-10
c001234,2026-02-01,2026-02-01
c001234,2026-02-01,2026-02-22
c001234,2026-02-01,2026-03-20
c001234,2026-02-01,2026-04-23
c001235,2026-02-01,2026-02-01
c001235,2026-02-01,2026-02-19
c001235,2026-02-01,2026-03-12
c001236,2026-02-01,2026-02-01
c001237,2026-02-01,2026-02-01
c001237,2026-02-01,2026-02-08
c001237,2026-02-01,2026-03-12
c001238,2026-02-01,2026-02-01
c001238,2026-02-01,2026-02-14
c001238,2026-02-01,2026-02-20
c001238,2026-02-01,2026-02-24
c001238,2026-02-01,2026-03-05
c001238,2026-02-01,2026-03-13
c001239,2026-02-01,2026-02-01
c001239,2026-02-01,2026-02-12
c001239,2026-02-01,2026-02-24
c001239,2026-02-01,2026-03-08
c001240,2026-02-01,2026-02-01
c001240,2026-02-01,2026-02-20
c001240,2026-02-01,2026-04-20
c001241,2026-02-01,2026-02-01
c001241,2026-02-01,2026-03-07
c001242,2026-02-01,2026-02-01
c001242,2026-02-01,2026-02-11
c001242,2026-02-01,2026-02-15
c001242,2026-02-01,2026-03-01
c001243,2026-02-01,2026-02-01
c001243,2026-02-01,2026-02-20
c001243,2026-02-01,2026-03-04
c001243,2026-02-01,2026-03-08
c001243,2026-02-01,2026-04-11
c001244,2026-02-01,2026-02-01
c001244,2026-02-01,2026-02-14
c001245,2026-02-01,2026-02-01
c001245,2026-02-01,2026-02-16
c001245,2026-02-01,2026-02-23
c001245,2026-02-01,2026-03-12
c001246,2026-02-01,2026-02-01
c001246,2026-02-01,2026-03-03
c001246,2026-02-01,2026-03-14
c001247,2026-02-01,2026-02-01
c001247,2026-02-01,2026-02-11
c001247,2026-02-01,2026-02-17
c001248,2026-02-01,2026-02-01
c001249,2026-02-01,2026-02-01
c001249,2026-02-01,2026-03-10
c001250,2026-02-01,2026-02-01
c001250,2026-02-01,2026-02-08
c001251,2026-02-01,2026-02-01
c001251,2026-02-01,2026-02-21
c001251,2026-02-01,2026-02-24
c001251,2026-02-01,2026-03-04
c001251,2026-02-01,2026-04-13
c001251,2026-02-01,2026-05-01
c001252,2026-02-01,2026-02-01
c001252,2026-02-01,2026-02-12
c001252,2026-02-01,2026-04-26
c001253,2026-02-01,2026-02-01
c001253,2026-02-01,2026-02-19
c001253,2026-02-01,2026-04-01
c001254,2026-02-01,2026-02-01
c001254,2026-02-01,2026-02-15
c001254,2026-02-01,2026-03-03
c001255,2026-02-01,2026-02-01
c001255,2026-02-01,2026-02-14
c001255,2026-02-01,2026-02-20
c001255,2026-02-01,2026-03-07
c001255,2026-02-01,2026-03-23
c001255,2026-02-01,2026-04-30
c001256,2026-02-01,2026-02-01
c001256,2026-02-01,2026-02-17
c001256,2026-02-01,2026-03-24
c001257,2026-02-01,2026-02-01
c001257,2026-02-01,2026-02-09
c001257,2026-02-01,2026-02-23
c001257,2026-02-01,2026-03-19
c001258,2026-02-01,2026-02-01
c001258,2026-02-01,2026-02-12
c001258,2026-02-01,2026-02-25
c001258,2026-02-01,2026-03-16
c001258,2026-02-01,2026-04-10
c001258,2026-02-01,2026-04-30
c001259,2026-02-01,2026-02-01
c001259,2026-02-01,2026-02-09
c001259,2026-02-01,2026-02-15
c001259,2026-02-01,2026-03-08
c001260,2026-02-01,2026-02-01
c001260,2026-02-01,2026-03-18
c001261,2026-02-01,2026-02-01
c001261,2026-02-01,2026-02-14
c001261,2026-02-01,2026-02-17
c001261,2026-02-01,2026-02-27
c001261,2026-02-01,2026-03-06
c001261,2026-02-01,2026-03-29
c001262,2026-02-01,2026-02-01
c001262,2026-02-01,2026-03-06
c001263,2026-02-01,2026-02-01
c001263,2026-02-01,2026-02-24
c001264,2026-02-01,2026-02-01
c001264,2026-02-01,2026-02-18
c001264,2026-02-01,2026-03-03
c001264,2026-02-01,2026-03-17
c001264,2026-02-01,2026-04-04
c001265,2026-02-01,2026-02-01
c001265,2026-02-01,2026-02-12
c001265,2026-02-01,2026-02-22
c001266,2026-02-01,2026-02-01
c001266,2026-02-01,2026-02-27
c001267,2026-02-01,2026-02-01
c001267,2026-02-01,2026-02-21
c001267,2026-02-01,2026-03-25
c001268,2026-02-01,2026-02-01
c001268,2026-02-01,2026-03-13
c001268,2026-02-01,2026-04-07
c001268,2026-02-01,2026-04-22
c001269,2026-02-01,2026-02-01
c001269,2026-02-01,2026-02-23
c001269,2026-02-01,2026-03-22
c001269,2026-02-01,2026-04-03
c001270,2026-02-01,2026-02-01
c001270,2026-02-01,2026-02-10
c001270,2026-02-01,2026-02-26
c001270,2026-02-01,2026-03-08
c001270,2026-02-01,2026-04-01
c001271,2026-02-01,2026-02-01
c001271,2026-02-01,2026-02-10
c001271,2026-02-01,2026-02-16
c001271,2026-02-01,2026-03-20
c001272,2026-02-01,2026-02-01
c001272,2026-02-01,2026-02-11
c001272,2026-02-01,2026-02-21
c001272,2026-02-01,2026-02-27
c001272,2026-02-01,2026-03-02
c001272,2026-02-01,2026-04-15
c001273,2026-02-01,2026-02-01
c001273,2026-02-01,2026-03-05
c001273,2026-02-01,2026-03-23
c001273,2026-02-01,2026-04-04
c001274,2026-02-01,2026-02-01
c001274,2026-02-01,2026-02-14
c001274,2026-02-01,2026-02-15
c001274,2026-02-01,2026-03-02
c001275,2026-02-01,2026-02-01
c001275,2026-02-01,2026-02-18
c001276,2026-02-01,2026-02-01
c001276,2026-02-01,2026-02-14
c001276,2026-02-01,2026-02-23
c001276,2026-02-01,2026-03-20
c001276,2026-02-01,2026-04-26
c001277,2026-02-01,2026-02-01
c001277,2026-02-01,2026-02-18
c001277,2026-02-01,2026-02-26
c001277,2026-02-01,2026-03-01
c001277,2026-02-01,2026-03-11
c001278,2026-02-01,2026-02-01
c001278,2026-02-01,2026-02-11
c001278,2026-02-01,2026-03-12
c001279,2026-02-01,2026-02-01
c001279,2026-02-01,2026-02-11
c001279,2026-02-01,2026-02-28
c001279,2026-02-01,2026-03-13
c001279,2026-02-01,2026-03-22
c001280,2026-02-01,2026-02-01
c001280,2026-02-01,2026-02-09
c001280,2026-02-01,2026-02-26
c001281,2026-02-01,2026-02-01
c001281,2026-02-01,2026-02-20
c001281,2026-02-01,2026-02-23
c001281,2026-02-01,2026-03-18
c001282,2026-02-01,2026-02-01
c001282,2026-02-01,2026-02-11
c001282,2026-02-01,2026-03-04
c001282,2026-02-01,2026-03-30
c001282,2026-02-01,2026-04-19
c001282,2026-02-01,2026-05-01
c001283,2026-02-01,2026-02-01
c001283,2026-02-01,2026-02-08
c001283,2026-02-01,2026-02-22
c001283,2026-02-01,2026-03-02
c001283,2026-02-01,2026-04-14
c001284,2026-02-01,2026-02-01
c001284,2026-02-01,2026-02-15
c001284,2026-02-01,2026-03-11
c001285,2026-02-01,2026-02-01
c001285,2026-02-01,2026-02-17
c001285,2026-02-01,2026-02-26
c001285,2026-02-01,2026-03-01
c001285,2026-02-01,2026-03-11
c001285,2026-02-01,2026-03-15
c001286,2026-02-01,2026-02-01
c001286,2026-02-01,2026-02-14
c001286,2026-02-01,2026-02-25
c001286,2026-02-01,2026-03-02
c001286,2026-02-01,2026-03-10
c001286,2026-02-01,2026-03-22
c001287,2026-02-01,2026-02-01
c001287,2026-02-01,2026-02-15
c001287,2026-02-01,2026-02-28
c001288,2026-02-01,2026-02-01
c001288,2026-02-01,2026-02-13
c001288,2026-02-01,2026-02-26
c001288,2026-02-01,2026-03-04
c001289,2026-02-01,2026-02-01
c001289,2026-02-01,2026-02-13
c001289,2026-02-01,2026-02-28
c001289,2026-02-01,2026-04-17
c001289,2026-02-01,2026-04-28
c001290,2026-02-01,2026-02-01
c001290,2026-02-01,2026-02-11
c001290,2026-02-01,2026-03-03
c001291,2026-02-01,2026-02-01
c001291,2026-02-01,2026-02-21
c001291,2026-02-01,2026-02-23
c001291,2026-02-01,2026-03-08
c001292,2026-02-01,2026-02-01
c001292,2026-02-01,2026-02-14
c001292,2026-02-01,2026-02-15
c001292,2026-02-01,2026-03-12
c001293,2026-02-01,2026-02-01
c001293,2026-02-01,2026-02-09
c001293,2026-02-01,2026-02-23
c001293,2026-02-01,2026-03-11
c001293,2026-02-01,2026-03-17
c001293,2026-02-01,2026-03-29
c001294,2026-02-01,2026-02-01
c001294,2026-02-01,2026-02-14
c001294,2026-02-01,2026-02-26
c001294,2026-02-01,2026-03-10
c001294,2026-02-01,2026-04-05
c001294,2026-02-01,2026-04-18
c001295,2026-02-01,2026-02-01
c001295,2026-02-01,2026-02-12
c001295,2026-02-01,2026-02-18
c001295,2026-02-01,2026-03-08
c001296,2026-02-01,2026-02-01
c001296,2026-02-01,2026-02-14
c001296,2026-02-01,2026-02-17
c001296,2026-02-01,2026-03-04
c001296,2026-02-01,2026-04-07
c001297,2026-02-01,2026-02-01
c001297,2026-02-01,2026-02-08
c001297,2026-02-01,2026-03-20
c001298,2026-02-01,2026-02-01
c001298,2026-02-01,2026-02-13
c001298,2026-02-01,2026-03-30
c001299,2026-02-01,2026-02-01
c001299,2026-02-01,2026-02-09
c001299,2026-02-01,2026-02-18
c001299,2026-02-01,2026-03-17
c001299,2026-02-01,2026-04-03
c001300,2026-02-01,2026-02-01
c001300,2026-02-01,2026-02-14
c001300,2026-02-01,2026-02-17
c001300,2026-02-01,2026-02-22
c001300,2026-02-01,2026-03-01
c001301,2026-02-01,2026-02-01
c001301,2026-02-01,2026-03-13
c001302,2026-02-01,2026-02-01
c001302,2026-02-01,2026-02-14
c001302,2026-02-01,2026-02-22
c001302,2026-02-01,2026-03-01
c001302,2026-02-01,2026-03-18
c001303,2026-02-01,2026-02-01
c001303,2026-02-01,2026-02-11
c001303,2026-02-01,2026-02-25
c001304,2026-02-01,2026-02-01
c001304,2026-02-01,2026-02-08
c001304,2026-02-01,2026-04-16
c001305,2026-02-01,2026-02-01
c001305,2026-02-01,2026-02-08
c001305,2026-02-01,2026-03-04
c001306,2026-02-01,2026-02-01
c001306,2026-02-01,2026-02-17
c001306,2026-02-01,2026-02-26
c001306,2026-02-01,2026-03-17
c001306,2026-02-01,2026-04-11
c001306,2026-02-01,2026-04-20
c001307,2026-02-01,2026-02-01
c001307,2026-02-01,2026-03-13
c001307,2026-02-01,2026-04-08
c001308,2026-02-01,2026-02-01
c001308,2026-02-01,2026-02-17
c001308,2026-02-01,2026-02-27
c001308,2026-02-01,2026-03-04
c001308,2026-02-01,2026-03-25
c001309,2026-02-01,2026-02-01
c001309,2026-02-01,2026-02-12
c001309,2026-02-01,2026-02-27
c001309,2026-02-01,2026-04-26
c001310,2026-02-01,2026-02-01
c001310,2026-02-01,2026-02-09
c001310,2026-02-01,2026-02-16
c001310,2026-02-01,2026-02-27
c001310,2026-02-01,2026-03-06
c001311,2026-02-01,2026-02-01
c001311,2026-02-01,2026-02-13
c001311,2026-02-01,2026-02-19
c001311,2026-02-01,2026-02-23
c001311,2026-02-01,2026-03-13
c001311,2026-02-01,2026-03-24
c001312,2026-02-01,2026-02-01
c001312,2026-02-01,2026-02-15
c001312,2026-02-01,2026-03-07
c001312,2026-02-01,2026-03-08
c001312,2026-02-01,2026-04-28
c001313,2026-02-01,2026-02-01
c001313,2026-02-01,2026-02-14
c001313,2026-02-01,2026-02-23
c001313,2026-02-01,2026-03-01
c001313,2026-02-01,2026-03-09
c001313,2026-02-01,2026-04-03
c001314,2026-02-01,2026-02-01
c001314,2026-02-01,2026-02-09
c001314,2026-02-01,2026-02-15
c001314,2026-02-01,2026-02-22
c001314,2026-02-01,2026-03-02
c001314,2026-02-01,2026-03-23
c001314,2026-02-01,2026-04-13
c001315,2026-02-01,2026-02-01
c001315,2026-02-01,2026-02-15
c001316,2026-02-01,2026-02-01
c001316,2026-02-01,2026-02-08
c001316,2026-02-01,2026-02-18
c001317,2026-02-01,2026-02-01
c001317,2026-02-01,2026-02-18
c001317,2026-02-01,2026-04-20
c001318,2026-02-01,2026-02-01
c001318,2026-02-01,2026-02-13
c001318,2026-02-01,2026-03-01
c001318,2026-02-01,2026-03-21
c001319,2026-02-01,2026-02-01
c001319,2026-02-01,2026-02-17
c001320,2026-02-01,2026-02-01
c001320,2026-02-01,2026-02-13
c001320,2026-02-01,2026-02-16
c001320,2026-02-01,2026-03-11
c001320,2026-02-01,2026-03-26
c001321,2026-02-01,2026-02-01
c001321,2026-02-01,2026-02-19
c001321,2026-02-01,2026-02-23
c001322,2026-02-01,2026-02-01
c001322,2026-02-01,2026-02-14
c001322,2026-02-01,2026-02-26
c001322,2026-02-01,2026-04-27
c001323,2026-02-01,2026-02-01
c001323,2026-02-01,2026-02-09
c001323,2026-02-01,2026-02-23
c001323,2026-02-01,2026-03-05
c001323,2026-02-01,2026-03-10
c001323,2026-02-01,2026-04-03
c001323,2026-02-01,2026-04-20
c001324,2026-02-01,2026-02-01
c001324,2026-02-01,2026-02-09
c001324,2026-02-01,2026-04-12
c001324,2026-02-01,2026-04-19
c001325,2026-02-01,2026-02-01
c001325,2026-02-01,2026-02-12
c001326,2026-02-01,2026-02-01
c001326,2026-02-01,2026-02-14
c001326,2026-02-01,2026-02-20
c001327,2026-02-01,2026-02-01
c001327,2026-02-01,2026-02-12
c001327,2026-02-01,2026-02-22
c001327,2026-02-01,2026-03-02
c001327,2026-02-01,2026-03-11
c001327,2026-02-01,2026-03-20
c001328,2026-02-01,2026-02-01
c001328,2026-02-01,2026-02-11
c001328,2026-02-01,2026-02-18
c001329,2026-02-01,2026-02-01
c001329,2026-02-01,2026-03-03
c001329,2026-02-01,2026-04-04
c001330,2026-02-01,2026-02-01
c001330,2026-02-01,2026-03-01
c001330,2026-02-01,2026-03-12
c001331,2026-02-01,2026-02-01
c001331,2026-02-01,2026-02-08
c001331,2026-02-01,2026-02-27
c001331,2026-02-01,2026-03-07
c001331,2026-02-01,2026-03-17
c001331,2026-02-01,2026-04-11
c001332,2026-02-01,2026-02-01
c001332,2026-02-01,2026-02-09
c001333,2026-02-01,2026-02-01
c001333,2026-02-01,2026-02-20
c001333,2026-02-01,2026-02-27
c001333,2026-02-01,2026-03-11
c001334,2026-02-01,2026-02-01
c001334,2026-02-01,2026-02-08
c001334,2026-02-01,2026-02-23
c001334,2026-02-01,2026-03-13
c001334,2026-02-01,2026-03-26
c001335,2026-02-01,2026-02-01
c001335,2026-02-01,2026-02-14
c001335,2026-02-01,2026-02-22
c001336,2026-02-01,2026-02-01
c001336,2026-02-01,2026-02-18
c001336,2026-02-01,2026-02-26
c001336,2026-02-01,2026-03-13
c001337,2026-02-01,2026-02-01
c001337,2026-02-01,2026-02-12
c001337,2026-02-01,2026-02-16
c001337,2026-02-01,2026-03-01
c001337,2026-02-01,2026-03-24
c001338,2026-02-01,2026-02-01
c001338,2026-02-01,2026-02-08
c001338,2026-02-01,2026-02-16
c001338,2026-02-01,2026-02-22
c001338,2026-02-01,2026-03-04
c001339,2026-02-01,2026-02-01
c001339,2026-02-01,2026-02-15
c001339,2026-02-01,2026-03-07
c001339,2026-02-01,2026-03-22
c001339,2026-02-01,2026-04-20
c001340,2026-02-01,2026-02-01
c001340,2026-02-01,2026-02-25
c001340,2026-02-01,2026-03-27
c001341,2026-02-01,2026-02-01
c001341,2026-02-01,2026-02-25
c001341,2026-02-01,2026-03-01
c001341,2026-02-01,2026-03-13
c001341,2026-02-01,2026-03-28
c001342,2026-02-01,2026-02-01
c001342,2026-02-01,2026-02-17
c001342,2026-02-01,2026-03-11
c001343,2026-02-01,2026-02-01
c001343,2026-02-01,2026-02-18
c001343,2026-02-01,2026-02-22
c001343,2026-02-01,2026-03-05
c001344,2026-02-01,2026-02-01
c001344,2026-02-01,2026-02-08
c001344,2026-02-01,2026-02-15
c001344,2026-02-01,2026-02-26
c001344,2026-02-01,2026-03-01
c001344,2026-02-01,2026-03-08
c001345,2026-02-01,2026-02-01
c001345,2026-02-01,2026-02-10
c001345,2026-02-01,2026-02-17
c001345,2026-02-01,2026-03-02
c001345,2026-02-01,2026-03-25
c001346,2026-02-01,2026-02-01
c001346,2026-02-01,2026-02-15
c001346,2026-02-01,2026-03-10
c001347,2026-02-01,2026-02-01
c001347,2026-02-01,2026-02-14
c001347,2026-02-01,2026-03-24
c001348,2026-02-01,2026-02-01
c001348,2026-02-01,2026-02-09
c001348,2026-02-01,2026-03-07
c001349,2026-02-01,2026-02-01
c001349,2026-02-01,2026-02-16
c001349,2026-02-01,2026-03-12
c001349,2026-02-01,2026-04-21
c001350,2026-02-01,2026-02-01
c001350,2026-02-01,2026-03-08
c001350,2026-02-01,2026-03-27
c001351,2026-02-01,2026-02-01
c001351,2026-02-01,2026-02-11
c001351,2026-02-01,2026-02-15
c001351,2026-02-01,2026-03-05
c001352,2026-02-01,2026-02-01
c001352,2026-02-01,2026-02-13
c001352,2026-02-01,2026-03-21
c001353,2026-02-01,2026-02-01
c001353,2026-02-01,2026-02-09
c001353,2026-02-01,2026-04-09
c001354,2026-02-01,2026-02-01
c001355,2026-02-01,2026-02-01
c001355,2026-02-01,2026-02-14
c001355,2026-02-01,2026-02-28
c001355,2026-02-01,2026-03-06
c001355,2026-02-01,2026-03-29
c001355,2026-02-01,2026-04-10
c001355,2026-02-01,2026-04-23
c001356,2026-02-01,2026-02-01
c001356,2026-02-01,2026-02-12
c001356,2026-02-01,2026-02-18
c001356,2026-02-01,2026-02-26
c001356,2026-02-01,2026-03-02
c001357,2026-02-01,2026-02-01
c001357,2026-02-01,2026-02-11
c001357,2026-02-01,2026-02-23
c001357,2026-02-01,2026-03-12
c001357,2026-02-01,2026-03-17
c001357,2026-02-01,2026-04-03
c001358,2026-02-01,2026-02-01
c001358,2026-02-01,2026-02-28
c001358,2026-02-01,2026-03-01
c001358,2026-02-01,2026-03-11
c001359,2026-02-01,2026-02-01
c001359,2026-02-01,2026-02-09
c001359,2026-02-01,2026-02-15
c001359,2026-02-01,2026-02-25
c001360,2026-02-01,2026-02-01
c001360,2026-02-01,2026-02-13
c001360,2026-02-01,2026-03-01
c001360,2026-02-01,2026-03-21
c001360,2026-02-01,2026-04-14
c001361,2026-02-01,2026-02-01
c001361,2026-02-01,2026-02-14
c001361,2026-02-01,2026-02-28
c001361,2026-02-01,2026-03-09
c001361,2026-02-01,2026-03-22
c001362,2026-02-01,2026-02-01
c001362,2026-02-01,2026-02-19
c001362,2026-02-01,2026-03-31
c001363,2026-02-01,2026-02-01
c001363,2026-02-01,2026-02-09
c001363,2026-02-01,2026-02-18
c001363,2026-02-01,2026-03-10
c001364,2026-02-01,2026-02-01
c001364,2026-02-01,2026-02-12
c001364,2026-02-01,2026-03-28
c001365,2026-02-01,2026-02-01
c001365,2026-02-01,2026-02-11
c001365,2026-02-01,2026-02-19
c001365,2026-02-01,2026-02-26
c001365,2026-02-01,2026-03-21
c001366,2026-02-01,2026-02-01
c001366,2026-02-01,2026-02-13
c001366,2026-02-01,2026-02-18
c001366,2026-02-01,2026-03-01
c001366,2026-02-01,2026-03-29
c001367,2026-02-01,2026-02-01
c001367,2026-02-01,2026-02-10
c001367,2026-02-01,2026-02-19
c001367,2026-02-01,2026-03-27
c001368,2026-02-01,2026-02-01
c001368,2026-02-01,2026-02-13
c001368,2026-02-01,2026-02-21
c001369,2026-02-01,2026-02-01
c001369,2026-02-01,2026-02-12
c001370,2026-02-01,2026-02-01
c001370,2026-02-01,2026-02-10
c001370,2026-02-01,2026-02-27
c001370,2026-02-01,2026-03-27
c001370,2026-02-01,2026-04-26
c001371,2026-02-01,2026-02-01
c001371,2026-02-01,2026-02-10
c001371,2026-02-01,2026-02-21
c001372,2026-02-01,2026-02-01
c001372,2026-02-01,2026-02-28
c001372,2026-02-01,2026-03-05
c001372,2026-02-01,2026-03-14
c001373,2026-02-01,2026-02-01
c001373,2026-02-01,2026-02-12
c001373,2026-02-01,2026-02-17
c001373,2026-02-01,2026-02-23
c001373,2026-02-01,2026-03-03
c001373,2026-02-01,2026-04-06
c001374,2026-02-01,2026-02-01
c001374,2026-02-01,2026-02-18
c001375,2026-02-01,2026-02-01
c001375,2026-02-01,2026-02-15
c001376,2026-02-01,2026-02-01
c001376,2026-02-01,2026-02-13
c001376,2026-02-01,2026-02-25
c001376,2026-02-01,2026-03-23
c001376,2026-02-01,2026-04-15
c001377,2026-02-01,2026-02-01
c001377,2026-02-01,2026-04-18
c001378,2026-02-01,2026-02-01
c001378,2026-02-01,2026-02-13
c001378,2026-02-01,2026-03-11
c001379,2026-02-01,2026-02-01
c001379,2026-02-01,2026-02-14
c001379,2026-02-01,2026-02-20
c001380,2026-02-01,2026-02-01
c001380,2026-02-01,2026-03-03
c001381,2026-02-01,2026-02-01
c001381,2026-02-01,2026-02-10
c001381,2026-02-01,2026-03-04
c001382,2026-02-01,2026-02-01
c001382,2026-02-01,2026-02-11
c001382,2026-02-01,2026-03-13
c001382,2026-02-01,2026-04-15
c001383,2026-02-01,2026-02-01
c001383,2026-02-01,2026-02-08
c001383,2026-02-01,2026-02-19
c001383,2026-02-01,2026-02-28
c001383,2026-02-01,2026-03-19
c001383,2026-02-01,2026-03-22
c001383,2026-02-01,2026-04-06
c001384,2026-02-01,2026-02-01
c001384,2026-02-01,2026-02-08
c001384,2026-02-01,2026-02-18
c001384,2026-02-01,2026-03-03
c001384,2026-02-01,2026-03-31
c001384,2026-02-01,2026-04-28
c001385,2026-02-01,2026-02-01
c001385,2026-02-01,2026-02-10
c001385,2026-02-01,2026-03-09
c001385,2026-02-01,2026-03-27
c001385,2026-02-01,2026-04-11
c001386,2026-02-01,2026-02-01
c001386,2026-02-01,2026-02-08
c001386,2026-02-01,2026-02-25
c001386,2026-02-01,2026-03-03
c001386,2026-02-01,2026-03-14
c001386,2026-02-01,2026-03-15
c001387,2026-02-01,2026-02-01
c001387,2026-02-01,2026-02-14
c001388,2026-02-01,2026-02-01
c001388,2026-02-01,2026-02-20
c001388,2026-02-01,2026-02-25
c001388,2026-02-01,2026-03-30
c001389,2026-02-01,2026-02-01
c001389,2026-02-01,2026-02-10
c001389,2026-02-01,2026-03-29
c001390,2026-02-01,2026-02-01
c001390,2026-02-01,2026-02-14
c001391,2026-02-01,2026-02-01
c001391,2026-02-01,2026-02-14
c001391,2026-02-01,2026-02-25
c001392,2026-02-01,2026-02-01
c001392,2026-02-01,2026-02-14
c001392,2026-02-01,2026-02-16
c001392,2026-02-01,2026-03-02
c001392,2026-02-01,2026-03-18
c001392,2026-02-01,2026-04-01
c001393,2026-02-01,2026-02-01
c001393,2026-02-01,2026-02-16
c001393,2026-02-01,2026-02-27
c001393,2026-02-01,2026-03-07
c001394,2026-02-01,2026-02-01
c001394,2026-02-01,2026-02-13
c001395,2026-02-01,2026-02-01
c001395,2026-02-01,2026-02-10
c001395,2026-02-01,2026-02-19
c001395,2026-02-01,2026-03-02
c001396,2026-02-01,2026-02-01
c001396,2026-02-01,2026-02-09
c001396,2026-02-01,2026-03-03
c001396,2026-02-01,2026-03-13
c001397,2026-02-01,2026-02-01
c001397,2026-02-01,2026-02-11
c001398,2026-02-01,2026-02-01
c001398,2026-02-01,2026-02-15
c001398,2026-02-01,2026-02-27
c001398,2026-02-01,2026-03-26
c001398,2026-02-01,2026-04-02
c001398,2026-02-01,2026-04-20
c001399,2026-02-01,2026-02-01
c001399,2026-02-01,2026-02-20
c001400,2026-02-01,2026-02-01
c001400,2026-02-01,2026-02-09
c001400,2026-02-01,2026-03-02
c001400,2026-02-01,2026-03-29
c001400,2026-02-01,2026-04-13
c001401,2026-02-01,2026-02-01
c001401,2026-02-01,2026-02-10
c001401,2026-02-01,2026-02-25
c001401,2026-02-01,2026-03-23
c001402,2026-02-01,2026-02-01
c001402,2026-02-01,2026-02-18
c001402,2026-02-01,2026-02-24
c001402,2026-02-01,2026-04-24
c001403,2026-02-01,2026-02-01
c001403,2026-02-01,2026-02-28
c001403,2026-02-01,2026-03-12
c001403,2026-02-01,2026-03-29
c001404,2026-02-01,2026-02-01
c001404,2026-02-01,2026-02-09
c001404,2026-02-01,2026-03-06
c001404,2026-02-01,2026-03-15
c001405,2026-02-01,2026-02-01
c001405,2026-02-01,2026-02-15
c001405,2026-02-01,2026-03-14
c001405,2026-02-01,2026-03-26
c001406,2026-02-01,2026-02-01
c001406,2026-02-01,2026-02-09
c001406,2026-02-01,2026-02-21
c001406,2026-02-01,2026-02-28
c001407,2026-02-01,2026-02-01
c001407,2026-02-01,2026-02-24
c001407,2026-02-01,2026-03-20
c001407,2026-02-01,2026-04-14
c001408,2026-02-01,2026-02-01
c001408,2026-02-01,2026-02-08
c001408,2026-02-01,2026-03-05
c001409,2026-02-01,2026-02-01
c001409,2026-02-01,2026-02-15
c001409,2026-02-01,2026-03-09
c001409,2026-02-01,2026-03-20
c001410,2026-02-01,2026-02-01
c001410,2026-02-01,2026-02-13
c001410,2026-02-01,2026-02-20
c001410,2026-02-01,2026-02-28
c001410,2026-02-01,2026-03-12
c001410,2026-02-01,2026-03-28
c001411,2026-02-01,2026-02-01
c001411,2026-02-01,2026-02-09
c001411,2026-02-01,2026-03-06
c001411,2026-02-01,2026-03-17
c001411,2026-02-01,2026-04-04
c001412,2026-02-01,2026-02-01
c001413,2026-02-01,2026-02-01
c001413,2026-02-01,2026-02-10
c001413,2026-02-01,2026-02-18
c001413,2026-02-01,2026-03-04
c001413,2026-02-01,2026-04-03
c001414,2026-02-01,2026-02-01
c001414,2026-02-01,2026-02-13
c001414,2026-02-01,2026-04-11
c001415,2026-02-01,2026-02-01
c001415,2026-02-01,2026-02-10
c001415,2026-02-01,2026-02-17
c001415,2026-02-01,2026-02-25
c001415,2026-02-01,2026-03-06
c001415,2026-02-01,2026-03-29
c001416,2026-02-01,2026-02-01
c001416,2026-02-01,2026-03-13
c001416,2026-02-01,2026-03-28
c001417,2026-02-01,2026-02-01
c001417,2026-02-01,2026-02-12
c001418,2026-02-01,2026-02-01
c001418,2026-02-01,2026-02-20
c001418,2026-02-01,2026-02-25
c001418,2026-02-01,2026-03-27
c001418,2026-02-01,2026-04-16
c001419,2026-02-01,2026-02-01
c001419,2026-02-01,2026-03-03
c001419,2026-02-01,2026-04-23
c001420,2026-02-01,2026-02-01
c001420,2026-02-01,2026-02-13
c001420,2026-02-01,2026-02-25
c001420,2026-02-01,2026-03-22
c001421,2026-02-01,2026-02-01
c001421,2026-02-01,2026-02-08
c001421,2026-02-01,2026-03-17
c001422,2026-02-01,2026-02-01
c001422,2026-02-01,2026-02-08
c001422,2026-02-01,2026-02-25
c001422,2026-02-01,2026-03-21
c001422,2026-02-01,2026-04-18
c001423,2026-02-01,2026-02-01
c001423,2026-02-01,2026-02-08
c001423,2026-02-01,2026-02-21
c001423,2026-02-01,2026-03-31
c001424,2026-02-01,2026-02-01
c001424,2026-02-01,2026-02-10
c001424,2026-02-01,2026-02-22
c001424,2026-02-01,2026-03-04
c001425,2026-02-01,2026-02-01
c001425,2026-02-01,2026-02-14
c001425,2026-02-01,2026-02-22
c001425,2026-02-01,2026-03-04
c001425,2026-02-01,2026-03-27
c001425,2026-02-01,2026-04-15
c001426,2026-02-01,2026-02-01
c001426,2026-02-01,2026-03-05
c001426,2026-02-01,2026-03-20
c001426,2026-02-01,2026-03-30
c001426,2026-02-01,2026-04-23
c001427,2026-02-01,2026-02-01
c001428,2026-02-01,2026-02-01
c001428,2026-02-01,2026-02-21
c001428,2026-02-01,2026-02-25
c001428,2026-02-01,2026-04-30
c001429,2026-02-01,2026-02-01
c001429,2026-02-01,2026-02-12
c001429,2026-02-01,2026-02-16
c001429,2026-02-01,2026-03-06
c001429,2026-02-01,2026-03-11
c001429,2026-02-01,2026-03-28
c001429,2026-02-01,2026-04-04
c001430,2026-02-01,2026-02-01
c001430,2026-02-01,2026-02-25
c001430,2026-02-01,2026-03-03
c001431,2026-02-01,2026-02-01
c001431,2026-02-01,2026-02-13
c001431,2026-02-01,2026-02-23
c001431,2026-02-01,2026-04-18
c001432,2026-02-01,2026-02-01
c001433,2026-02-01,2026-02-01
c001433,2026-02-01,2026-02-14
c001433,2026-02-01,2026-03-06
c001433,2026-02-01,2026-03-10
c001434,2026-02-01,2026-02-01
c001434,2026-02-01,2026-02-13
c001434,2026-02-01,2026-04-03
c001435,2026-02-01,2026-02-01
c001435,2026-02-01,2026-02-10
c001435,2026-02-01,2026-05-02
c001436,2026-02-01,2026-02-01
c001436,2026-02-01,2026-02-14
c001436,2026-02-01,2026-02-20
c001436,2026-02-01,2026-03-15
c001436,2026-02-01,2026-03-26
c001437,2026-02-01,2026-02-01
c001437,2026-02-01,2026-02-13
c001437,2026-02-01,2026-02-15
c001437,2026-02-01,2026-04-30
c001438,2026-02-01,2026-02-01
c001438,2026-02-01,2026-02-08
c001438,2026-02-01,2026-02-18
c001438,2026-02-01,2026-03-29
c001439,2026-02-01,2026-02-01
c001439,2026-02-01,2026-02-16
c001439,2026-02-01,2026-03-14
c001439,2026-02-01,2026-03-19
c001440,2026-02-01,2026-02-01
c001440,2026-02-01,2026-02-19
c001440,2026-02-01,2026-02-22
c001441,2026-02-01,2026-02-01
c001441,2026-02-01,2026-02-11
c001441,2026-02-01,2026-02-16
c001441,2026-02-01,2026-02-26
c001442,2026-02-01,2026-02-01
c001442,2026-02-01,2026-02-08
c001442,2026-02-01,2026-02-25
c001442,2026-02-01,2026-03-20
c001443,2026-02-01,2026-02-01
c001443,2026-02-01,2026-02-21
c001443,2026-02-01,2026-02-26
c001443,2026-02-01,2026-03-04
c001443,2026-02-01,2026-03-17
c001444,2026-02-01,2026-02-01
c001444,2026-02-01,2026-02-16
c001444,2026-02-01,2026-03-06
c001445,2026-02-01,2026-02-01
c001445,2026-02-01,2026-03-21
c001445,2026-02-01,2026-04-23
c001446,2026-02-01,2026-02-01
c001446,2026-02-01,2026-02-21
c001446,2026-02-01,2026-02-22
c001447,2026-02-01,2026-02-01
c001447,2026-02-01,2026-02-25
c001447,2026-02-01,2026-03-22
c001448,2026-02-01,2026-02-01
c001448,2026-02-01,2026-03-06
c001449,2026-02-01,2026-02-01
c001449,2026-02-01,2026-02-14
c001449,2026-02-01,2026-02-16
c001449,2026-02-01,2026-03-15
c001450,2026-02-01,2026-02-01
c001450,2026-02-01,2026-03-01
c001450,2026-02-01,2026-03-17
c001450,2026-02-01,2026-04-16
c001451,2026-02-01,2026-02-01
c001451,2026-02-01,2026-02-10
c001451,2026-02-01,2026-02-26
c001451,2026-02-01,2026-03-10
c001452,2026-02-01,2026-02-01
c001452,2026-02-01,2026-02-14
c001452,2026-02-01,2026-04-14
c001452,2026-02-01,2026-04-19
c001453,2026-02-01,2026-02-01
c001453,2026-02-01,2026-02-26
c001453,2026-02-01,2026-03-31
c001454,2026-02-01,2026-02-01
c001454,2026-02-01,2026-02-16
c001454,2026-02-01,2026-02-27
c001455,2026-02-01,2026-02-01
c001455,2026-02-01,2026-02-10
c001455,2026-02-01,2026-02-17
c001455,2026-02-01,2026-02-28
c001455,2026-02-01,2026-04-12
c001456,2026-02-01,2026-02-01
c001457,2026-02-01,2026-02-01
c001457,2026-02-01,2026-02-09
c001458,2026-02-01,2026-02-01
c001458,2026-02-01,2026-02-19
c001458,2026-02-01,2026-02-26
c001458,2026-02-01,2026-03-14
c001458,2026-02-01,2026-04-24
c001459,2026-02-01,2026-02-01
c001459,2026-02-01,2026-02-19
c001459,2026-02-01,2026-03-14
c001460,2026-02-01,2026-02-01
c001460,2026-02-01,2026-02-20
c001460,2026-02-01,2026-02-26
c001460,2026-02-01,2026-03-21
c001460,2026-02-01,2026-04-23
c001461,2026-02-01,2026-02-01
c001461,2026-02-01,2026-02-09
c001461,2026-02-01,2026-05-01
c001462,2026-02-01,2026-02-01
c001462,2026-02-01,2026-02-17
c001462,2026-02-01,2026-03-07
c001462,2026-02-01,2026-03-28
c001462,2026-02-01,2026-04-25
c001463,2026-02-01,2026-02-01
c001463,2026-02-01,2026-02-13
c001463,2026-02-01,2026-02-19
c001463,2026-02-01,2026-02-25
c001463,2026-02-01,2026-03-07
c001463,2026-02-01,2026-03-16
c001463,2026-02-01,2026-03-25
c001463,2026-02-01,2026-04-05
c001464,2026-02-08,2026-02-08
c001465,2026-02-08,2026-02-08
c001465,2026-02-08,2026-02-18
c001465,2026-02-08,2026-02-27
c001466,2026-02-08,2026-02-08
c001466,2026-02-08,2026-02-15
c001466,2026-02-08,2026-03-04
c001466,2026-02-08,2026-03-28
c001466,2026-02-08,2026-04-05
c001466,2026-02-08,2026-04-13
c001467,2026-02-08,2026-02-08
c001467,2026-02-08,2026-03-21
c001468,2026-02-08,2026-02-08
c001468,2026-02-08,2026-03-02
c001469,2026-02-08,2026-02-08
c001469,2026-02-08,2026-02-18
c001469,2026-02-08,2026-02-22
c001469,2026-02-08,2026-03-02
c001469,2026-02-08,2026-03-29
c001470,2026-02-08,2026-02-08
c001470,2026-02-08,2026-02-17
c001470,2026-02-08,2026-02-24
c001471,2026-02-08,2026-02-08
c001471,2026-02-08,2026-02-21
c001472,2026-02-08,2026-02-08
c001472,2026-02-08,2026-03-23
c001473,2026-02-08,2026-02-08
c001473,2026-02-08,2026-02-21
c001473,2026-02-08,2026-03-05
c001473,2026-02-08,2026-03-15
c001474,2026-02-08,2026-02-08
c001474,2026-02-08,2026-02-16
c001475,2026-02-08,2026-02-08
c001475,2026-02-08,2026-03-26
c001476,2026-02-08,2026-02-08
c001476,2026-02-08,2026-02-15
c001476,2026-02-08,2026-04-14
c001477,2026-02-08,2026-02-08
c001477,2026-02-08,2026-02-15
c001477,2026-02-08,2026-03-01
c001477,2026-02-08,2026-03-16
c001477,2026-02-08,2026-03-29
c001478,2026-02-08,2026-02-08
c001478,2026-02-08,2026-02-20
c001478,2026-02-08,2026-02-26
c001478,2026-02-08,2026-03-12
c001478,2026-02-08,2026-03-26
c001479,2026-02-08,2026-02-08
c001479,2026-02-08,2026-02-23
c001479,2026-02-08,2026-03-03
c001479,2026-02-08,2026-03-23
c001480,2026-02-08,2026-02-08
c001480,2026-02-08,2026-02-19
c001480,2026-02-08,2026-02-22
c001480,2026-02-08,2026-03-07
c001480,2026-02-08,2026-03-08
c001480,2026-02-08,2026-03-31
c001481,2026-02-08,2026-02-08
c001481,2026-02-08,2026-02-15
c001481,2026-02-08,2026-04-26
c001482,2026-02-08,2026-02-08
c001482,2026-02-08,2026-02-21
c001482,2026-02-08,2026-03-13
c001483,2026-02-08,2026-02-08
c001483,2026-02-08,2026-02-18
c001483,2026-02-08,2026-02-24
c001484,2026-02-08,2026-02-08
c001484,2026-02-08,2026-02-21
c001484,2026-02-08,2026-03-03
c001484,2026-02-08,2026-03-19
c001484,2026-02-08,2026-03-29
c001484,2026-02-08,2026-04-17
c001485,2026-02-08,2026-02-08
c001485,2026-02-08,2026-02-16
c001485,2026-02-08,2026-02-24
c001485,2026-02-08,2026-03-16
c001486,2026-02-08,2026-02-08
c001486,2026-02-08,2026-02-15
c001486,2026-02-08,2026-03-06
c001486,2026-02-08,2026-03-14
c001487,2026-02-08,2026-02-08
c001487,2026-02-08,2026-03-05
c001487,2026-02-08,2026-04-13
c001488,2026-02-08,2026-02-08
c001488,2026-02-08,2026-03-19
c001489,2026-02-08,2026-02-08
c001489,2026-02-08,2026-02-25
c001489,2026-02-08,2026-03-10
c001489,2026-02-08,2026-04-25
c001490,2026-02-08,2026-02-08
c001490,2026-02-08,2026-02-25
c001490,2026-02-08,2026-03-02
c001490,2026-02-08,2026-03-10
c001490,2026-02-08,2026-04-02
c001491,2026-02-08,2026-02-08
c001491,2026-02-08,2026-02-24
c001491,2026-02-08,2026-03-05
c001491,2026-02-08,2026-03-10
c001491,2026-02-08,2026-03-15
c001491,2026-02-08,2026-04-09
c001492,2026-02-08,2026-02-08
c001492,2026-02-08,2026-02-19
c001492,2026-02-08,2026-03-03
c001492,2026-02-08,2026-03-16
c001492,2026-02-08,2026-04-18
c001493,2026-02-08,2026-02-08
c001494,2026-02-08,2026-02-08
c001494,2026-02-08,2026-02-17
c001494,2026-02-08,2026-02-22
c001495,2026-02-08,2026-02-08
c001495,2026-02-08,2026-03-01
c001495,2026-02-08,2026-03-19
c001495,2026-02-08,2026-03-28
c001495,2026-02-08,2026-04-14
c001496,2026-02-08,2026-02-08
c001496,2026-02-08,2026-02-23
c001496,2026-02-08,2026-03-05
c001496,2026-02-08,2026-03-26
c001497,2026-02-08,2026-02-08
c001497,2026-02-08,2026-02-23
c001497,2026-02-08,2026-03-07
c001497,2026-02-08,2026-04-21
c001498,2026-02-08,2026-02-08
c001498,2026-02-08,2026-02-15
c001498,2026-02-08,2026-03-10
c001498,2026-02-08,2026-04-09
c001499,2026-02-08,2026-02-08
c001499,2026-02-08,2026-04-02
c001500,2026-02-08,2026-02-08
c001500,2026-02-08,2026-02-18
c001500,2026-02-08,2026-02-22
c001500,2026-02-08,2026-03-07
c001500,2026-02-08,2026-03-10
c001500,2026-02-08,2026-04-16
c001501,2026-02-08,2026-02-08
c001502,2026-02-08,2026-02-08
c001502,2026-02-08,2026-02-15
c001502,2026-02-08,2026-03-17
c001503,2026-02-08,2026-02-08
c001503,2026-02-08,2026-02-16
c001503,2026-02-08,2026-04-07
c001504,2026-02-08,2026-02-08
c001504,2026-02-08,2026-02-19
c001504,2026-02-08,2026-03-17
c001504,2026-02-08,2026-04-14
c001504,2026-02-08,2026-04-26
c001505,2026-02-08,2026-02-08
c001505,2026-02-08,2026-03-01
c001506,2026-02-08,2026-02-08
c001506,2026-02-08,2026-02-20
c001506,2026-02-08,2026-03-04
c001506,2026-02-08,2026-03-24
c001507,2026-02-08,2026-02-08
c001507,2026-02-08,2026-02-27
c001507,2026-02-08,2026-04-12
c001508,2026-02-08,2026-02-08
c001508,2026-02-08,2026-02-28
c001509,2026-02-08,2026-02-08
c001509,2026-02-08,2026-02-19
c001509,2026-02-08,2026-04-02
c001510,2026-02-08,2026-02-08
c001510,2026-02-08,2026-02-19
c001511,2026-02-08,2026-02-08
c001511,2026-02-08,2026-02-19
c001511,2026-02-08,2026-02-27
c001511,2026-02-08,2026-04-04
c001511,2026-02-08,2026-04-25
c001512,2026-02-08,2026-02-08
c001512,2026-02-08,2026-02-26
c001512,2026-02-08,2026-03-01
c001512,2026-02-08,2026-03-08
c001512,2026-02-08,2026-03-31
c001513,2026-02-08,2026-02-08
c001513,2026-02-08,2026-02-15
c001513,2026-02-08,2026-03-06
c001513,2026-02-08,2026-04-28
c001514,2026-02-08,2026-02-08
c001514,2026-02-08,2026-02-17
c001514,2026-02-08,2026-03-30
c001515,2026-02-08,2026-02-08
c001515,2026-02-08,2026-02-22
c001516,2026-02-08,2026-02-08
c001516,2026-02-08,2026-04-05
c001517,2026-02-08,2026-02-08
c001517,2026-02-08,2026-02-16
c001517,2026-02-08,2026-03-13
c001518,2026-02-08,2026-02-08
c001518,2026-02-08,2026-02-20
c001518,2026-02-08,2026-03-24
c001519,2026-02-08,2026-02-08
c001519,2026-02-08,2026-02-20
c001519,2026-02-08,2026-02-25
c001519,2026-02-08,2026-03-02
c001519,2026-02-08,2026-03-22
c001520,2026-02-08,2026-02-08
c001520,2026-02-08,2026-03-04
c001520,2026-02-08,2026-04-02
c001521,2026-02-08,2026-02-08
c001521,2026-02-08,2026-02-22
c001521,2026-02-08,2026-03-04
c001521,2026-02-08,2026-04-07
c001522,2026-02-08,2026-02-08
c001522,2026-02-08,2026-03-10
c001522,2026-02-08,2026-03-24
c001523,2026-02-08,2026-02-08
c001523,2026-02-08,2026-03-24
c001524,2026-02-08,2026-02-08
c001524,2026-02-08,2026-02-23
c001524,2026-02-08,2026-03-13
c001524,2026-02-08,2026-03-18
c001524,2026-02-08,2026-03-29
c001524,2026-02-08,2026-04-18
c001525,2026-02-08,2026-02-08
c001525,2026-02-08,2026-02-25
c001525,2026-02-08,2026-03-09
c001525,2026-02-08,2026-03-22
c001526,2026-02-08,2026-02-08
c001526,2026-02-08,2026-02-15
c001526,2026-02-08,2026-03-12
c001526,2026-02-08,2026-03-20
c001526,2026-02-08,2026-04-04
c001526,2026-02-08,2026-04-12
c001527,2026-02-08,2026-02-08
c001527,2026-02-08,2026-03-01
c001528,2026-02-08,2026-02-08
c001528,2026-02-08,2026-02-18
c001529,2026-02-08,2026-02-08
c001529,2026-02-08,2026-02-15
c001529,2026-02-08,2026-02-23
c001529,2026-02-08,2026-04-22
c001530,2026-02-08,2026-02-08
c001530,2026-02-08,2026-02-20
c001530,2026-02-08,2026-02-24
c001530,2026-02-08,2026-05-02
c001531,2026-02-08,2026-02-08
c001531,2026-02-08,2026-03-27
c001531,2026-02-08,2026-04-13
c001532,2026-02-08,2026-02-08
c001532,2026-02-08,2026-04-11
c001532,2026-02-08,2026-04-25
c001533,2026-02-08,2026-02-08
c001533,2026-02-08,2026-03-11
c001534,2026-02-08,2026-02-08
c001534,2026-02-08,2026-02-20
c001534,2026-02-08,2026-03-04
c001534,2026-02-08,2026-03-12
c001534,2026-02-08,2026-04-15
c001535,2026-02-08,2026-02-08
c001535,2026-02-08,2026-02-19
c001535,2026-02-08,2026-02-28
c001535,2026-02-08,2026-03-01
c001535,2026-02-08,2026-03-11
c001535,2026-02-08,2026-03-20
c001535,2026-02-08,2026-04-08
c001536,2026-02-08,2026-02-08
c001536,2026-02-08,2026-02-16
c001536,2026-02-08,2026-02-25
c001536,2026-02-08,2026-03-28
c001537,2026-02-08,2026-02-08
c001537,2026-02-08,2026-02-28
c001537,2026-02-08,2026-03-03
c001537,2026-02-08,2026-03-19
c001538,2026-02-08,2026-02-08
c001538,2026-02-08,2026-02-18
c001538,2026-02-08,2026-03-02
c001538,2026-02-08,2026-03-11
c001538,2026-02-08,2026-03-27
c001539,2026-02-08,2026-02-08
c001539,2026-02-08,2026-02-21
c001539,2026-02-08,2026-03-13
c001540,2026-02-08,2026-02-08
c001540,2026-02-08,2026-02-26
c001540,2026-02-08,2026-03-08
c001540,2026-02-08,2026-03-17
c001541,2026-02-08,2026-02-08
c001541,2026-02-08,2026-02-21
c001541,2026-02-08,2026-02-26
c001541,2026-02-08,2026-03-22
c001542,2026-02-08,2026-02-08
c001542,2026-02-08,2026-02-18
c001542,2026-02-08,2026-02-22
c001542,2026-02-08,2026-03-10
c001542,2026-02-08,2026-03-21
c001542,2026-02-08,2026-04-26
c001543,2026-02-08,2026-02-08
c001543,2026-02-08,2026-02-16
c001543,2026-02-08,2026-02-23
c001544,2026-02-08,2026-02-08
c001544,2026-02-08,2026-02-19
c001544,2026-02-08,2026-03-13
c001544,2026-02-08,2026-03-18
c001545,2026-02-08,2026-02-08
c001545,2026-02-08,2026-02-20
c001545,2026-02-08,2026-03-10
c001545,2026-02-08,2026-04-05
c001546,2026-02-08,2026-02-08
c001547,2026-02-08,2026-02-08
c001547,2026-02-08,2026-02-19
c001548,2026-02-08,2026-02-08
c001548,2026-02-08,2026-02-21
c001548,2026-02-08,2026-03-10
c001548,2026-02-08,2026-03-20
c001549,2026-02-08,2026-02-08
c001549,2026-02-08,2026-02-27
c001549,2026-02-08,2026-03-02
c001549,2026-02-08,2026-04-14
c001549,2026-02-08,2026-04-26
c001549,2026-02-08,2026-05-05
c001550,2026-02-08,2026-02-08
c001550,2026-02-08,2026-02-19
c001551,2026-02-08,2026-02-08
c001551,2026-02-08,2026-03-03
c001551,2026-02-08,2026-03-25
c001552,2026-02-08,2026-02-08
c001552,2026-02-08,2026-02-23
c001552,2026-02-08,2026-03-07
c001553,2026-02-08,2026-02-08
c001553,2026-02-08,2026-02-21
c001553,2026-02-08,2026-03-09
c001553,2026-02-08,2026-03-24
c001553,2026-02-08,2026-03-30
c001554,2026-02-08,2026-02-08
c001554,2026-02-08,2026-02-18
c001554,2026-02-08,2026-03-07
c001554,2026-02-08,2026-04-04
c001554,2026-02-08,2026-04-18
c001555,2026-02-08,2026-02-08
c001555,2026-02-08,2026-02-28
c001555,2026-02-08,2026-04-04
c001556,2026-02-08,2026-02-08
c001556,2026-02-08,2026-02-19
c001556,2026-02-08,2026-02-28
c001556,2026-02-08,2026-03-03
c001557,2026-02-08,2026-02-08
c001557,2026-02-08,2026-02-15
c001557,2026-02-08,2026-02-28
c001557,2026-02-08,2026-03-02
c001558,2026-02-08,2026-02-08
c001558,2026-02-08,2026-02-23
c001558,2026-02-08,2026-03-09
c001558,2026-02-08,2026-03-20
c001558,2026-02-08,2026-03-22
c001558,2026-02-08,2026-04-28
c001559,2026-02-08,2026-02-08
c001559,2026-02-08,2026-02-19
c001559,2026-02-08,2026-03-21
c001559,2026-02-08,2026-03-27
c001560,2026-02-08,2026-02-08
c001560,2026-02-08,2026-04-10
c001561,2026-02-08,2026-02-08
c001561,2026-02-08,2026-02-27
c001561,2026-02-08,2026-03-04
c001561,2026-02-08,2026-03-16
c001562,2026-02-08,2026-02-08
c001562,2026-02-08,2026-02-19
c001562,2026-02-08,2026-03-19
c001563,2026-02-08,2026-02-08
c001563,2026-02-08,2026-02-15
c001563,2026-02-08,2026-03-25
c001563,2026-02-08,2026-04-11
c001564,2026-02-08,2026-02-08
c001564,2026-02-08,2026-02-20
c001564,2026-02-08,2026-03-07
c001564,2026-02-08,2026-03-12
c001564,2026-02-08,2026-04-05
c001564,2026-02-08,2026-04-21
c001565,2026-02-08,2026-02-08
c001565,2026-02-08,2026-02-15
c001565,2026-02-08,2026-02-27
c001565,2026-02-08,2026-03-02
c001566,2026-02-08,2026-02-08
c001566,2026-02-08,2026-02-21
c001566,2026-02-08,2026-02-28
c001566,2026-02-08,2026-03-28
c001567,2026-02-08,2026-02-08
c001567,2026-02-08,2026-02-17
c001567,2026-02-08,2026-03-21
c001567,2026-02-08,2026-04-30
c001568,2026-02-08,2026-02-08
c001568,2026-02-08,2026-03-16
c001568,2026-02-08,2026-04-01
c001568,2026-02-08,2026-04-16
c001568,2026-02-08,2026-05-07
c001569,2026-02-08,2026-02-08
c001569,2026-02-08,2026-02-22
c001569,2026-02-08,2026-03-04
c001569,2026-02-08,2026-03-17
c001570,2026-02-08,2026-02-08
c001570,2026-02-08,2026-02-21
c001571,2026-02-08,2026-02-08
c001571,2026-02-08,2026-02-21
c001571,2026-02-08,2026-03-05
c001572,2026-02-08,2026-02-08
c001572,2026-02-08,2026-04-29
c001573,2026-02-08,2026-02-08
c001573,2026-02-08,2026-02-19
c001573,2026-02-08,2026-02-22
c001573,2026-02-08,2026-03-05
c001573,2026-02-08,2026-04-24
c001574,2026-02-08,2026-02-08
c001574,2026-02-08,2026-02-27
c001574,2026-02-08,2026-03-06
c001574,2026-02-08,2026-03-23
c001575,2026-02-08,2026-02-08
c001575,2026-02-08,2026-02-17
c001575,2026-02-08,2026-02-25
c001575,2026-02-08,2026-04-05
c001576,2026-02-08,2026-02-08
c001576,2026-02-08,2026-02-16
c001576,2026-02-08,2026-02-22
c001576,2026-02-08,2026-03-21
c001576,2026-02-08,2026-04-17
c001577,2026-02-08,2026-02-08
c001577,2026-02-08,2026-02-16
c001578,2026-02-08,2026-02-08
c001578,2026-02-08,2026-02-19
c001578,2026-02-08,2026-03-23
c001578,2026-02-08,2026-04-30
c001579,2026-02-08,2026-02-08
c001579,2026-02-08,2026-02-27
c001579,2026-02-08,2026-03-02
c001579,2026-02-08,2026-03-10
c001579,2026-02-08,2026-03-20
c001579,2026-02-08,2026-04-22
c001580,2026-02-08,2026-02-08
c001580,2026-02-08,2026-02-25
c001581,2026-02-08,2026-02-08
c001581,2026-02-08,2026-02-17
c001581,2026-02-08,2026-03-04
c001581,2026-02-08,2026-03-28
c001582,2026-02-08,2026-02-08
c001582,2026-02-08,2026-02-17
c001582,2026-02-08,2026-03-27
c001582,2026-02-08,2026-03-30
c001583,2026-02-08,2026-02-08
c001583,2026-02-08,2026-03-27
c001584,2026-02-08,2026-02-08
c001584,2026-02-08,2026-03-23
c001585,2026-02-08,2026-02-08
c001585,2026-02-08,2026-03-06
c001585,2026-02-08,2026-03-17
c001585,2026-02-08,2026-03-24
c001586,2026-02-08,2026-02-08
c001586,2026-02-08,2026-02-21
c001586,2026-02-08,2026-03-21
c001586,2026-02-08,2026-04-24
c001587,2026-02-08,2026-02-08
c001587,2026-02-08,2026-02-15
c001587,2026-02-08,2026-04-24
c001588,2026-02-08,2026-02-08
c001588,2026-02-08,2026-02-18
c001588,2026-02-08,2026-03-06
c001588,2026-02-08,2026-03-12
c001589,2026-02-08,2026-02-08
c001589,2026-02-08,2026-02-17
c001589,2026-02-08,2026-02-27
c001589,2026-02-08,2026-03-12
c001589,2026-02-08,2026-03-18
c001590,2026-02-08,2026-02-08
c001590,2026-02-08,2026-02-20
c001590,2026-02-08,2026-04-24
c001591,2026-02-08,2026-02-08
c001592,2026-02-08,2026-02-08
c001592,2026-02-08,2026-02-24
c001592,2026-02-08,2026-03-12
c001593,2026-02-08,2026-02-08
c001593,2026-02-08,2026-02-25
c001593,2026-02-08,2026-03-19
c001593,2026-02-08,2026-04-04
c001594,2026-02-08,2026-02-08
c001594,2026-02-08,2026-02-19
c001595,2026-02-08,2026-02-08
c001595,2026-02-08,2026-02-24
c001595,2026-02-08,2026-03-06
c001595,2026-02-08,2026-03-26
c001596,2026-02-08,2026-02-08
c001596,2026-02-08,2026-02-19
c001596,2026-02-08,2026-02-24
c001596,2026-02-08,2026-03-31
c001597,2026-02-08,2026-02-08
c001597,2026-02-08,2026-02-21
c001597,2026-02-08,2026-02-25
c001597,2026-02-08,2026-03-22
c001598,2026-02-08,2026-02-08
c001598,2026-02-08,2026-02-27
c001598,2026-02-08,2026-03-02
c001598,2026-02-08,2026-03-17
c001598,2026-02-08,2026-04-24
c001598,2026-02-08,2026-05-02
c001599,2026-02-08,2026-02-08
c001599,2026-02-08,2026-02-16
c001600,2026-02-08,2026-02-08
c001600,2026-02-08,2026-02-21
c001600,2026-02-08,2026-03-12
c001601,2026-02-08,2026-02-08
c001601,2026-02-08,2026-02-15
c001601,2026-02-08,2026-02-22
c001601,2026-02-08,2026-03-10
c001602,2026-02-08,2026-02-08
c001602,2026-02-08,2026-02-16
c001602,2026-02-08,2026-03-02
c001603,2026-02-08,2026-02-08
c001603,2026-02-08,2026-04-06
c001604,2026-02-08,2026-02-08
c001604,2026-02-08,2026-02-15
c001604,2026-02-08,2026-02-22
c001604,2026-02-08,2026-03-28
c001605,2026-02-08,2026-02-08
c001605,2026-02-08,2026-02-17
c001605,2026-02-08,2026-02-22
c001605,2026-02-08,2026-03-20
c001606,2026-02-08,2026-02-08
c001606,2026-02-08,2026-02-28
c001606,2026-02-08,2026-03-06
c001607,2026-02-08,2026-02-08
c001608,2026-02-08,2026-02-08
c001608,2026-02-08,2026-02-19
c001608,2026-02-08,2026-03-09
c001609,2026-02-08,2026-02-08
c001609,2026-02-08,2026-03-10
c001609,2026-02-08,2026-03-16
c001610,2026-02-08,2026-02-08
c001610,2026-02-08,2026-03-14
c001610,2026-02-08,2026-03-29
c001611,2026-02-08,2026-02-08
c001611,2026-02-08,2026-02-21
c001611,2026-02-08,2026-02-22
c001611,2026-02-08,2026-03-18
c001611,2026-02-08,2026-03-30
c001611,2026-02-08,2026-04-15
c001612,2026-02-08,2026-02-08
c001612,2026-02-08,2026-02-16
c001612,2026-02-08,2026-02-23
c001612,2026-02-08,2026-03-09
c001612,2026-02-08,2026-03-21
c001612,2026-02-08,2026-04-03
c001613,2026-02-08,2026-02-08
c001613,2026-02-08,2026-02-19
c001613,2026-02-08,2026-04-02
c001614,2026-02-08,2026-02-08
c001614,2026-02-08,2026-02-18
c001614,2026-02-08,2026-02-26
c001614,2026-02-08,2026-03-24
c001615,2026-02-08,2026-02-08
c001615,2026-02-08,2026-02-17
c001615,2026-02-08,2026-03-04
c001615,2026-02-08,2026-04-08
c001615,2026-02-08,2026-04-24
c001616,2026-02-08,2026-02-08
c001616,2026-02-08,2026-02-17
c001616,2026-02-08,2026-02-27
c001617,2026-02-08,2026-02-08
c001617,2026-02-08,2026-02-15
c001617,2026-02-08,2026-02-27
c001617,2026-02-08,2026-03-03
c001617,2026-02-08,2026-03-14
c001617,2026-02-08,2026-03-27
c001617,2026-02-08,2026-04-04
c001618,2026-02-08,2026-02-08
c001618,2026-02-08,2026-02-18
c001619,2026-02-08,2026-02-08
c001620,2026-02-08,2026-02-08
c001620,2026-02-08,2026-02-23
c001620,2026-02-08,2026-03-13
c001620,2026-02-08,2026-03-18
c001620,2026-02-08,2026-03-22
c001621,2026-02-08,2026-02-08
c001621,2026-02-08,2026-03-02
c001621,2026-02-08,2026-03-12
c001621,2026-02-08,2026-04-05
c001621,2026-02-08,2026-04-21
c001622,2026-02-08,2026-02-08
c001622,2026-02-08,2026-02-17
c001622,2026-02-08,2026-02-28
c001623,2026-02-08,2026-02-08
c001623,2026-02-08,2026-02-21
c001623,2026-02-08,2026-02-26
c001623,2026-02-08,2026-03-19
c001623,2026-02-08,2026-04-02
c001623,2026-02-08,2026-04-29
c001624,2026-02-08,2026-02-08
c001624,2026-02-08,2026-02-25
c001624,2026-02-08,2026-03-05
c001624,2026-02-08,2026-03-27
c001624,2026-02-08,2026-04-11
c001625,2026-02-08,2026-02-08
c001625,2026-02-08,2026-02-16
c001625,2026-02-08,2026-03-19
c001625,2026-02-08,2026-03-28
c001626,2026-02-08,2026-02-08
c001626,2026-02-08,2026-03-12
c001626,2026-02-08,2026-03-27
c001627,2026-02-08,2026-02-08
c001627,2026-02-08,2026-02-16
c001627,2026-02-08,2026-03-05
c001627,2026-02-08,2026-05-07
c001628,2026-02-08,2026-02-08
c001628,2026-02-08,2026-02-21
c001628,2026-02-08,2026-03-21
c001628,2026-02-08,2026-04-13
c001629,2026-02-08,2026-02-08
c001629,2026-02-08,2026-03-06
c001630,2026-02-08,2026-02-08
c001630,2026-02-08,2026-03-14
c001631,2026-02-08,2026-02-08
c001631,2026-02-08,2026-02-18
c001631,2026-02-08,2026-02-23
c001631,2026-02-08,2026-03-16
c001631,2026-02-08,2026-04-14
c001632,2026-02-08,2026-02-08
c001632,2026-02-08,2026-02-18
c001632,2026-02-08,2026-03-12
c001633,2026-02-08,2026-02-08
c001633,2026-02-08,2026-02-19
c001633,2026-02-08,2026-02-22
c001633,2026-02-08,2026-03-12
c001633,2026-02-08,2026-04-12
c001634,2026-02-08,2026-02-08
c001634,2026-02-08,2026-02-19
c001634,2026-02-08,2026-02-22
c001634,2026-02-08,2026-03-11
c001634,2026-02-08,2026-03-25
c001635,2026-02-08,2026-02-08
c001635,2026-02-08,2026-03-09
c001636,2026-02-08,2026-02-08
c001636,2026-02-08,2026-02-17
c001636,2026-02-08,2026-03-09
c001636,2026-02-08,2026-03-18
c001636,2026-02-08,2026-05-05
c001637,2026-02-08,2026-02-08
c001638,2026-02-08,2026-02-08
c001638,2026-02-08,2026-02-21
c001638,2026-02-08,2026-03-05
c001638,2026-02-08,2026-03-09
c001638,2026-02-08,2026-04-03
c001639,2026-02-08,2026-02-08
c001639,2026-02-08,2026-02-27
c001639,2026-02-08,2026-03-08
c001639,2026-02-08,2026-03-21
c001639,2026-02-08,2026-04-21
c001639,2026-02-08,2026-05-01
c001640,2026-02-08,2026-02-08
c001640,2026-02-08,2026-02-24
c001640,2026-02-08,2026-03-02
c001640,2026-02-08,2026-03-12
c001640,2026-02-08,2026-04-05
c001641,2026-02-08,2026-02-08
c001641,2026-02-08,2026-02-15
c001641,2026-02-08,2026-02-24
c001641,2026-02-08,2026-03-03
c001641,2026-02-08,2026-04-22
c001642,2026-02-08,2026-02-08
c001642,2026-02-08,2026-02-20
c001642,2026-02-08,2026-02-24
c001643,2026-02-08,2026-02-08
c001643,2026-02-08,2026-03-12
c001643,2026-02-08,2026-03-28
c001644,2026-02-08,2026-02-08
c001644,2026-02-08,2026-02-18
c001644,2026-02-08,2026-03-01
c001645,2026-02-08,2026-02-08
c001645,2026-02-08,2026-02-16
c001645,2026-02-08,2026-03-14
c001645,2026-02-08,2026-03-17
c001645,2026-02-08,2026-04-28
c001646,2026-02-08,2026-02-08
c001646,2026-02-08,2026-03-06
c001646,2026-02-08,2026-04-02
c001647,2026-02-08,2026-02-08
c001647,2026-02-08,2026-02-19
c001647,2026-02-08,2026-02-27
c001647,2026-02-08,2026-03-13
c001647,2026-02-08,2026-03-17
c001648,2026-02-08,2026-02-08
c001648,2026-02-08,2026-03-30
c001649,2026-02-08,2026-02-08
c001649,2026-02-08,2026-03-12
c001649,2026-02-08,2026-03-26
c001649,2026-02-08,2026-04-12
c001650,2026-02-08,2026-02-08
c001650,2026-02-08,2026-02-28
c001650,2026-02-08,2026-03-09
c001650,2026-02-08,2026-03-19
c001650,2026-02-08,2026-04-13
c001651,2026-02-08,2026-02-08
c001651,2026-02-08,2026-02-19
c001651,2026-02-08,2026-02-24
c001652,2026-02-08,2026-02-08
c001652,2026-02-08,2026-02-18
c001652,2026-02-08,2026-02-24
c001652,2026-02-08,2026-03-04
c001652,2026-02-08,2026-04-18
c001652,2026-02-08,2026-05-09
c001653,2026-02-15,2026-02-15
c001653,2026-02-15,2026-02-25
c001654,2026-02-15,2026-02-15
c001654,2026-02-15,2026-02-24
c001654,2026-02-15,2026-03-05
c001654,2026-02-15,2026-03-14
c001655,2026-02-15,2026-02-15
c001655,2026-02-15,2026-02-26
c001655,2026-02-15,2026-04-26
c001656,2026-02-15,2026-02-15
c001656,2026-02-15,2026-02-23
c001656,2026-02-15,2026-03-11
c001656,2026-02-15,2026-03-17
c001656,2026-02-15,2026-03-24
c001657,2026-02-15,2026-02-15
c001657,2026-02-15,2026-03-30
c001658,2026-02-15,2026-02-15
c001659,2026-02-15,2026-02-15
c001659,2026-02-15,2026-02-27
c001659,2026-02-15,2026-04-04
c001659,2026-02-15,2026-04-25
c001660,2026-02-15,2026-02-15
c001660,2026-02-15,2026-02-24
c001660,2026-02-15,2026-03-21
c001661,2026-02-15,2026-02-15
c001661,2026-02-15,2026-02-28
c001661,2026-02-15,2026-03-11
c001661,2026-02-15,2026-03-16
c001661,2026-02-15,2026-04-27
c001662,2026-02-15,2026-02-15
c001662,2026-02-15,2026-02-28
c001662,2026-02-15,2026-03-05
c001663,2026-02-15,2026-02-15
c001663,2026-02-15,2026-04-14
c001664,2026-02-15,2026-02-15
c001664,2026-02-15,2026-03-11
c001664,2026-02-15,2026-04-15
c001665,2026-02-15,2026-02-15
c001665,2026-02-15,2026-02-25
c001665,2026-02-15,2026-03-04
c001665,2026-02-15,2026-03-11
c001665,2026-02-15,2026-03-27
c001666,2026-02-15,2026-02-15
c001666,2026-02-15,2026-02-26
c001666,2026-02-15,2026-03-08
c001666,2026-02-15,2026-03-16
c001666,2026-02-15,2026-03-31
c001666,2026-02-15,2026-04-29
c001667,2026-02-15,2026-02-15
c001667,2026-02-15,2026-02-24
c001667,2026-02-15,2026-03-13
c001667,2026-02-15,2026-03-20
c001668,2026-02-15,2026-02-15
c001668,2026-02-15,2026-03-04
c001669,2026-02-15,2026-02-15
c001669,2026-02-15,2026-03-02
c001669,2026-02-15,2026-03-24
c001670,2026-02-15,2026-02-15
c001670,2026-02-15,2026-04-26
c001671,2026-02-15,2026-02-15
c001671,2026-02-15,2026-03-19
c001672,2026-02-15,2026-02-15
c001672,2026-02-15,2026-02-22
c001672,2026-02-15,2026-03-08
c001673,2026-02-15,2026-02-15
c001673,2026-02-15,2026-03-02
c001674,2026-02-15,2026-02-15
c001674,2026-02-15,2026-03-09
c001674,2026-02-15,2026-04-13
c001675,2026-02-15,2026-02-15
c001675,2026-02-15,2026-03-02
c001675,2026-02-15,2026-03-15
c001675,2026-02-15,2026-03-30
c001676,2026-02-15,2026-02-15
c001676,2026-02-15,2026-02-22
c001676,2026-02-15,2026-03-02
c001676,2026-02-15,2026-03-20
c001676,2026-02-15,2026-04-17
c001677,2026-02-15,2026-02-15
c001677,2026-02-15,2026-03-04
c001678,2026-02-15,2026-02-15
c001678,2026-02-15,2026-02-27
c001678,2026-02-15,2026-03-06
c001678,2026-02-15,2026-04-10
c001678,2026-02-15,2026-04-15
c001679,2026-02-15,2026-02-15
c001679,2026-02-15,2026-04-04
c001679,2026-02-15,2026-04-07
c001679,2026-02-15,2026-04-16
c001680,2026-02-15,2026-02-15
c001680,2026-02-15,2026-03-05
c001680,2026-02-15,2026-03-11
c001680,2026-02-15,2026-03-17
c001681,2026-02-15,2026-02-15
c001681,2026-02-15,2026-02-28
c001681,2026-02-15,2026-03-20
c001681,2026-02-15,2026-03-25
c001681,2026-02-15,2026-04-14
c001682,2026-02-15,2026-02-15
c001682,2026-02-15,2026-04-10
c001682,2026-02-15,2026-04-22
c001683,2026-02-15,2026-02-15
c001683,2026-02-15,2026-02-28
c001683,2026-02-15,2026-03-09
c001683,2026-02-15,2026-04-25
c001683,2026-02-15,2026-05-02
c001684,2026-02-15,2026-02-15
c001684,2026-02-15,2026-03-01
c001684,2026-02-15,2026-03-11
c001684,2026-02-15,2026-05-03
c001685,2026-02-15,2026-02-15
c001685,2026-02-15,2026-03-19
c001686,2026-02-15,2026-02-15
c001686,2026-02-15,2026-02-22
c001686,2026-02-15,2026-03-02
c001686,2026-02-15,2026-04-26
c001687,2026-02-15,2026-02-15
c001687,2026-02-15,2026-02-25
c001687,2026-02-15,2026-03-03
c001687,2026-02-15,2026-03-16
c001688,2026-02-15,2026-02-15
c001688,2026-02-15,2026-02-28
c001688,2026-02-15,2026-03-07
c001688,2026-02-15,2026-03-28
c001688,2026-02-15,2026-04-11
c001688,2026-02-15,2026-05-11
c001689,2026-02-15,2026-02-15
c001689,2026-02-15,2026-03-01
c001689,2026-02-15,2026-03-12
c001689,2026-02-15,2026-03-25
c001690,2026-02-15,2026-02-15
c001690,2026-02-15,2026-03-09
c001691,2026-02-15,2026-02-15
c001691,2026-02-15,2026-03-02
c001691,2026-02-15,2026-04-06
c001692,2026-02-15,2026-02-15
c001692,2026-02-15,2026-02-26
c001692,2026-02-15,2026-03-19
c001692,2026-02-15,2026-03-24
c001693,2026-02-15,2026-02-15
c001693,2026-02-15,2026-02-24
c001693,2026-02-15,2026-03-04
c001694,2026-02-15,2026-02-15
c001694,2026-02-15,2026-04-14
c001695,2026-02-15,2026-02-15
c001695,2026-02-15,2026-02-24
c001695,2026-02-15,2026-03-09
c001695,2026-02-15,2026-04-05
c001696,2026-02-15,2026-02-15
c001696,2026-02-15,2026-03-02
c001697,2026-02-15,2026-02-15
c001697,2026-02-15,2026-02-25
c001697,2026-02-15,2026-03-15
c001697,2026-02-15,2026-04-26
c001697,2026-02-15,2026-05-07
c001698,2026-02-15,2026-02-15
c001698,2026-02-15,2026-03-02
c001699,2026-02-15,2026-02-15
c001699,2026-02-15,2026-02-28
c001699,2026-02-15,2026-03-24
c001700,2026-02-15,2026-02-15
c001700,2026-02-15,2026-02-25
c001700,2026-02-15,2026-03-21
c001700,2026-02-15,2026-04-03
c001700,2026-02-15,2026-04-06
c001701,2026-02-15,2026-02-15
c001701,2026-02-15,2026-02-27
c001701,2026-02-15,2026-03-06
c001701,2026-02-15,2026-03-21
c001701,2026-02-15,2026-05-01
c001702,2026-02-15,2026-02-15
c001702,2026-02-15,2026-04-15
c001703,2026-02-15,2026-02-15
c001703,2026-02-15,2026-03-16
c001703,2026-02-15,2026-04-13
c001704,2026-02-15,2026-02-15
c001704,2026-02-15,2026-03-02
c001705,2026-02-15,2026-02-15
c001705,2026-02-15,2026-02-24
c001705,2026-02-15,2026-03-12
c001706,2026-02-15,2026-02-15
c001706,2026-02-15,2026-02-22
c001706,2026-02-15,2026-03-11
c001706,2026-02-15,2026-03-16
c001706,2026-02-15,2026-03-25
c001707,2026-02-15,2026-02-15
c001707,2026-02-15,2026-02-27
c001707,2026-02-15,2026-03-07
c001708,2026-02-15,2026-02-15
c001708,2026-02-15,2026-02-27
c001708,2026-02-15,2026-03-21
c001709,2026-02-15,2026-02-15
c001709,2026-02-15,2026-02-23
c001709,2026-02-15,2026-03-21
c001710,2026-02-15,2026-02-15
c001710,2026-02-15,2026-02-28
c001710,2026-02-15,2026-03-07
c001710,2026-02-15,2026-03-21
c001710,2026-02-15,2026-04-11
c001711,2026-02-15,2026-02-15
c001711,2026-02-15,2026-02-24
c001711,2026-02-15,2026-03-07
c001711,2026-02-15,2026-03-14
c001711,2026-02-15,2026-03-25
c001711,2026-02-15,2026-04-17
c001712,2026-02-15,2026-02-15
c001712,2026-02-15,2026-03-05
c001712,2026-02-15,2026-03-16
c001712,2026-02-15,2026-03-25
c001713,2026-02-15,2026-02-15
c001713,2026-02-15,2026-02-23
c001713,2026-02-15,2026-03-04
c001713,2026-02-15,2026-03-29
c001714,2026-02-15,2026-02-15
c001714,2026-02-15,2026-03-20
c001715,2026-02-15,2026-02-15
c001715,2026-02-15,2026-02-25
c001716,2026-02-15,2026-02-15
c001716,2026-02-15,2026-03-05
c001716,2026-02-15,2026-03-18
c001716,2026-02-15,2026-04-01
c001716,2026-02-15,2026-04-14
c001717,2026-02-15,2026-02-15
c001717,2026-02-15,2026-02-27
c001717,2026-02-15,2026-03-06
c001718,2026-02-15,2026-02-15
c001718,2026-02-15,2026-02-25
c001719,2026-02-15,2026-02-15
c001719,2026-02-15,2026-02-28
c001719,2026-02-15,2026-03-07
c001719,2026-02-15,2026-03-29
c001720,2026-02-15,2026-02-15
c001720,2026-02-15,2026-03-04
c001720,2026-02-15,2026-03-10
c001720,2026-02-15,2026-04-04
c001720,2026-02-15,2026-04-15
c001721,2026-02-15,2026-02-15
c001721,2026-02-15,2026-02-24
c001721,2026-02-15,2026-03-26
c001722,2026-02-15,2026-02-15
c001722,2026-02-15,2026-02-26
c001723,2026-02-15,2026-02-15
c001723,2026-02-15,2026-03-06
c001724,2026-02-15,2026-02-15
c001724,2026-02-15,2026-03-05
c001724,2026-02-15,2026-03-13
c001724,2026-02-15,2026-03-17
c001724,2026-02-15,2026-04-11
c001725,2026-02-15,2026-02-15
c001725,2026-02-15,2026-02-28
c001725,2026-02-15,2026-03-26
c001726,2026-02-15,2026-02-15
c001726,2026-02-15,2026-02-25
c001726,2026-02-15,2026-03-15
c001726,2026-02-15,2026-03-27
c001726,2026-02-15,2026-03-30
c001726,2026-02-15,2026-05-05
c001727,2026-02-15,2026-02-15
c001728,2026-02-15,2026-02-15
c001728,2026-02-15,2026-03-02
c001729,2026-02-15,2026-02-15
c001729,2026-02-15,2026-04-15
c001729,2026-02-15,2026-05-12
c001730,2026-02-15,2026-02-15
c001730,2026-02-15,2026-02-24
c001730,2026-02-15,2026-03-04
c001730,2026-02-15,2026-03-20
c001730,2026-02-15,2026-04-02
c001731,2026-02-15,2026-02-15
c001731,2026-02-15,2026-02-27
c001732,2026-02-15,2026-02-15
c001732,2026-02-15,2026-02-24
c001732,2026-02-15,2026-03-01
c001732,2026-02-15,2026-03-11
c001732,2026-02-15,2026-03-18
c001733,2026-02-15,2026-02-15
c001733,2026-02-15,2026-03-01
c001733,2026-02-15,2026-03-22
c001734,2026-02-15,2026-02-15
c001735,2026-02-15,2026-02-15
c001735,2026-02-15,2026-02-24
c001735,2026-02-15,2026-03-06
c001735,2026-02-15,2026-04-05
c001735,2026-02-15,2026-04-15
c001736,2026-02-15,2026-02-15
c001736,2026-02-15,2026-02-22
c001736,2026-02-15,2026-03-06
c001736,2026-02-15,2026-03-16
c001736,2026-02-15,2026-04-03
c001737,2026-02-15,2026-02-15
c001737,2026-02-15,2026-03-05
c001737,2026-02-15,2026-03-16
c001737,2026-02-15,2026-04-02
c001738,2026-02-15,2026-02-15
c001738,2026-02-15,2026-03-16
c001738,2026-02-15,2026-04-04
c001738,2026-02-15,2026-04-12
c001738,2026-02-15,2026-05-11
c001739,2026-02-15,2026-02-15
c001739,2026-02-15,2026-02-23
c001739,2026-02-15,2026-04-11
c001739,2026-02-15,2026-04-28
c001740,2026-02-15,2026-02-15
c001740,2026-02-15,2026-02-23
c001740,2026-02-15,2026-03-13
c001740,2026-02-15,2026-03-17
c001740,2026-02-15,2026-04-04
c001741,2026-02-15,2026-02-15
c001741,2026-02-15,2026-02-24
c001741,2026-02-15,2026-04-04
c001742,2026-02-15,2026-02-15
c001742,2026-02-15,2026-02-23
c001742,2026-02-15,2026-03-04
c001742,2026-02-15,2026-03-12
c001742,2026-02-15,2026-04-30
c001743,2026-02-15,2026-02-15
c001743,2026-02-15,2026-02-25
c001743,2026-02-15,2026-03-28
c001743,2026-02-15,2026-04-14
c001744,2026-02-15,2026-02-15
c001744,2026-02-15,2026-02-25
c001744,2026-02-15,2026-03-11
c001744,2026-02-15,2026-04-04
c001744,2026-02-15,2026-05-06
c001745,2026-02-15,2026-02-15
c001745,2026-02-15,2026-02-25
c001745,2026-02-15,2026-03-06
c001745,2026-02-15,2026-05-06
c001746,2026-02-15,2026-02-15
c001746,2026-02-15,2026-02-25
c001746,2026-02-15,2026-03-12
c001746,2026-02-15,2026-03-21
c001746,2026-02-15,2026-05-05
c001747,2026-02-15,2026-02-15
c001747,2026-02-15,2026-02-24
c001747,2026-02-15,2026-03-02
c001747,2026-02-15,2026-03-20
c001747,2026-02-15,2026-03-31
c001747,2026-02-15,2026-04-05
c001748,2026-02-15,2026-02-15
c001748,2026-02-15,2026-02-24
c001748,2026-02-15,2026-03-16
c001748,2026-02-15,2026-03-26
c001749,2026-02-15,2026-02-15
c001749,2026-02-15,2026-02-26
c001749,2026-02-15,2026-03-02
c001749,2026-02-15,2026-03-26
c001749,2026-02-15,2026-03-31
c001750,2026-02-15,2026-02-15
c001750,2026-02-15,2026-02-26
c001750,2026-02-15,2026-03-06
c001750,2026-02-15,2026-04-30
c001750,2026-02-15,2026-05-08
c001751,2026-02-15,2026-02-15
c001751,2026-02-15,2026-02-26
c001751,2026-02-15,2026-03-07
c001751,2026-02-15,2026-04-09
c001751,2026-02-15,2026-05-12
c001752,2026-02-15,2026-02-15
c001752,2026-02-15,2026-02-26
c001752,2026-02-15,2026-03-18
c001752,2026-02-15,2026-04-01
c001752,2026-02-15,2026-04-10
c001753,2026-02-15,2026-02-15
c001753,2026-02-15,2026-02-22
c001753,2026-02-15,2026-03-01
c001753,2026-02-15,2026-03-08
c001753,2026-02-15,2026-04-04
c001753,2026-02-15,2026-05-09
c001754,2026-02-15,2026-02-15
c001754,2026-02-15,2026-02-27
c001754,2026-02-15,2026-03-27
c001754,2026-02-15,2026-03-29
c001754,2026-02-15,2026-04-29
c001755,2026-02-15,2026-02-15
c001755,2026-02-15,2026-03-20
c001755,2026-02-15,2026-04-23
c001756,2026-02-15,2026-02-15
c001756,2026-02-15,2026-02-23
c001756,2026-02-15,2026-03-21
c001756,2026-02-15,2026-04-11
c001756,2026-02-15,2026-04-16
c001756,2026-02-15,2026-05-01
c001757,2026-02-15,2026-02-15
c001757,2026-02-15,2026-02-26
c001757,2026-02-15,2026-03-16
c001758,2026-02-15,2026-02-15
c001758,2026-02-15,2026-02-23
c001758,2026-02-15,2026-03-06
c001758,2026-02-15,2026-04-01
c001759,2026-02-15,2026-02-15
c001759,2026-02-15,2026-02-24
c001759,2026-02-15,2026-03-03
c001759,2026-02-15,2026-03-08
c001759,2026-02-15,2026-04-03
c001759,2026-02-15,2026-04-25
c001759,2026-02-15,2026-05-02
c001760,2026-02-15,2026-02-15
c001760,2026-02-15,2026-02-22
c001760,2026-02-15,2026-03-02
c001760,2026-02-15,2026-03-13
c001761,2026-02-15,2026-02-15
c001761,2026-02-15,2026-03-30
c001762,2026-02-15,2026-02-15
c001762,2026-02-15,2026-02-22
c001762,2026-02-15,2026-03-01
c001762,2026-02-15,2026-04-03
c001762,2026-02-15,2026-04-12
c001762,2026-02-15,2026-05-11
c001763,2026-02-15,2026-02-15
c001763,2026-02-15,2026-03-20
c001764,2026-02-15,2026-02-15
c001764,2026-02-15,2026-02-25
c001764,2026-02-15,2026-03-06
c001764,2026-02-15,2026-04-16
c001765,2026-02-15,2026-02-15
c001765,2026-02-15,2026-02-28
c001765,2026-02-15,2026-03-06
c001765,2026-02-15,2026-03-24
c001766,2026-02-15,2026-02-15
c001766,2026-02-15,2026-03-05
c001766,2026-02-15,2026-04-06
c001767,2026-02-15,2026-02-15
c001767,2026-02-15,2026-03-07
c001767,2026-02-15,2026-03-20
c001768,2026-02-15,2026-02-15
c001768,2026-02-15,2026-03-07
c001768,2026-02-15,2026-04-23
c001769,2026-02-15,2026-02-15
c001769,2026-02-15,2026-02-25
c001769,2026-02-15,2026-03-04
c001769,2026-02-15,2026-04-23
c001769,2026-02-15,2026-05-05
c001770,2026-02-15,2026-02-15
c001770,2026-02-15,2026-02-26
c001770,2026-02-15,2026-03-02
c001770,2026-02-15,2026-03-11
c001770,2026-02-15,2026-03-21
c001770,2026-02-15,2026-03-24
c001771,2026-02-15,2026-02-15
c001771,2026-02-15,2026-03-02
c001771,2026-02-15,2026-04-21
c001772,2026-02-15,2026-02-15
c001772,2026-02-15,2026-03-11
c001772,2026-02-15,2026-03-26
c001772,2026-02-15,2026-04-03
c001772,2026-02-15,2026-04-16
c001773,2026-02-15,2026-02-15
c001773,2026-02-15,2026-03-02
c001774,2026-02-15,2026-02-15
c001774,2026-02-15,2026-02-26
c001774,2026-02-15,2026-03-27
c001774,2026-02-15,2026-04-05
c001775,2026-02-15,2026-02-15
c001775,2026-02-15,2026-02-23
c001775,2026-02-15,2026-03-12
c001776,2026-02-15,2026-02-15
c001776,2026-02-15,2026-02-26
c001776,2026-02-15,2026-03-05
c001776,2026-02-15,2026-03-13
c001776,2026-02-15,2026-03-18
c001777,2026-02-15,2026-02-15
c001777,2026-02-15,2026-02-24
c001777,2026-02-15,2026-03-01
c001777,2026-02-15,2026-03-09
c001777,2026-02-15,2026-04-01
c001777,2026-02-15,2026-05-15
c001778,2026-02-15,2026-02-15
c001778,2026-02-15,2026-02-23
c001778,2026-02-15,2026-03-18
c001778,2026-02-15,2026-03-29
c001779,2026-02-15,2026-02-15
c001779,2026-02-15,2026-03-20
c001779,2026-02-15,2026-04-25
c001779,2026-02-15,2026-04-27
c001780,2026-02-15,2026-02-15
c001780,2026-02-15,2026-02-27
c001780,2026-02-15,2026-03-06
c001780,2026-02-15,2026-03-13
c001780,2026-02-15,2026-03-19
c001780,2026-02-15,2026-04-10
c001781,2026-02-15,2026-02-15
c001781,2026-02-15,2026-03-07
c001781,2026-02-15,2026-03-14
c001781,2026-02-15,2026-03-22
c001781,2026-02-15,2026-05-08
c001782,2026-02-15,2026-02-15
c001782,2026-02-15,2026-02-28
c001782,2026-02-15,2026-03-13
c001782,2026-02-15,2026-04-29
c001783,2026-02-15,2026-02-15
c001783,2026-02-15,2026-03-21
c001783,2026-02-15,2026-03-29
c001784,2026-02-15,2026-02-15
c001784,2026-02-15,2026-02-24
c001784,2026-02-15,2026-04-07
c001784,2026-02-15,2026-04-30
c001785,2026-02-15,2026-02-15
c001785,2026-02-15,2026-03-06
c001785,2026-02-15,2026-03-20
c001785,2026-02-15,2026-03-25
c001786,2026-02-15,2026-02-15
c001786,2026-02-15,2026-02-24
c001786,2026-02-15,2026-03-18
c001787,2026-02-15,2026-02-15
c001787,2026-02-15,2026-04-09
c001787,2026-02-15,2026-04-20
c001788,2026-02-15,2026-02-15
c001788,2026-02-15,2026-02-25
c001788,2026-02-15,2026-03-01
c001788,2026-02-15,2026-03-28
c001788,2026-02-15,2026-04-01
c001789,2026-02-15,2026-02-15
c001789,2026-02-15,2026-03-14
c001789,2026-02-15,2026-04-01
c001790,2026-02-15,2026-02-15
c001790,2026-02-15,2026-02-25
c001790,2026-02-15,2026-03-04
c001790,2026-02-15,2026-03-19
c001790,2026-02-15,2026-03-23
c001790,2026-02-15,2026-04-09
c001790,2026-02-15,2026-04-24
c001790,2026-02-15,2026-05-07
c001791,2026-02-15,2026-02-15
c001791,2026-02-15,2026-03-03
c001791,2026-02-15,2026-03-16
c001791,2026-02-15,2026-03-29
c001791,2026-02-15,2026-05-01
c001792,2026-02-15,2026-02-15
c001792,2026-02-15,2026-02-27
c001792,2026-02-15,2026-03-02
c001792,2026-02-15,2026-03-14
c001792,2026-02-15,2026-03-29
c001792,2026-02-15,2026-05-06
c001793,2026-02-15,2026-02-15
c001793,2026-02-15,2026-03-20
c001793,2026-02-15,2026-03-29
c001793,2026-02-15,2026-04-08
c001794,2026-02-15,2026-02-15
c001794,2026-02-15,2026-02-25
c001794,2026-02-15,2026-03-17
c001794,2026-02-15,2026-04-02
c001795,2026-02-15,2026-02-15
c001795,2026-02-15,2026-03-11
c001795,2026-02-15,2026-04-03
c001796,2026-02-15,2026-02-15
c001796,2026-02-15,2026-03-18
c001796,2026-02-15,2026-04-01
c001796,2026-02-15,2026-04-24
c001797,2026-02-15,2026-02-15
c001797,2026-02-15,2026-02-26
c001798,2026-02-15,2026-02-15
c001798,2026-02-15,2026-03-15
c001798,2026-02-15,2026-04-07
c001799,2026-02-15,2026-02-15
c001799,2026-02-15,2026-02-27
c001799,2026-02-15,2026-03-03
c001799,2026-02-15,2026-03-13
c001800,2026-02-15,2026-02-15
c001800,2026-02-15,2026-02-27
c001800,2026-02-15,2026-04-13
c001801,2026-02-15,2026-02-15
c001801,2026-02-15,2026-02-25
c001801,2026-02-15,2026-03-14
c001801,2026-02-15,2026-03-17
c001802,2026-02-15,2026-02-15
c001802,2026-02-15,2026-02-25
c001802,2026-02-15,2026-03-03
c001802,2026-02-15,2026-03-24
c001803,2026-02-15,2026-02-15
c001803,2026-02-15,2026-03-06
c001803,2026-02-15,2026-05-05
c001804,2026-02-15,2026-02-15
c001804,2026-02-15,2026-02-27
c001805,2026-02-15,2026-02-15
c001805,2026-02-15,2026-02-24
c001805,2026-02-15,2026-03-23
c001805,2026-02-15,2026-04-03
c001806,2026-02-15,2026-02-15
c001806,2026-02-15,2026-02-26
c001806,2026-02-15,2026-03-03
c001806,2026-02-15,2026-03-12
c001806,2026-02-15,2026-04-22
c001806,2026-02-15,2026-05-13
c001807,2026-02-15,2026-02-15
c001807,2026-02-15,2026-02-23
c001807,2026-02-15,2026-03-07
c001807,2026-02-15,2026-03-13
c001807,2026-02-15,2026-05-04
c001808,2026-02-15,2026-02-15
c001808,2026-02-15,2026-02-26
c001808,2026-02-15,2026-03-26
c001808,2026-02-15,2026-04-01
c001808,2026-02-15,2026-05-16
c001809,2026-02-15,2026-02-15
c001809,2026-02-15,2026-02-23
c001810,2026-02-15,2026-02-15
c001810,2026-02-15,2026-03-28
c001810,2026-02-15,2026-04-03
c001810,2026-02-15,2026-04-29
c001810,2026-02-15,2026-05-16
c001811,2026-02-15,2026-02-15
c001811,2026-02-15,2026-02-25
c001812,2026-02-15,2026-02-15
c001812,2026-02-15,2026-03-07
c001812,2026-02-15,2026-03-10
c001812,2026-02-15,2026-03-22
c001813,2026-02-15,2026-02-15
c001813,2026-02-15,2026-02-28
c001813,2026-02-15,2026-03-07
c001813,2026-02-15,2026-04-06
c001814,2026-02-15,2026-02-15
c001814,2026-02-15,2026-03-07
c001815,2026-02-15,2026-02-15
c001815,2026-02-15,2026-05-03
c001815,2026-02-15,2026-05-12
c001816,2026-02-15,2026-02-15
c001816,2026-02-15,2026-02-24
c001816,2026-02-15,2026-05-12
c001817,2026-02-15,2026-02-15
c001817,2026-02-15,2026-02-27
c001817,2026-02-15,2026-03-20
c001817,2026-02-15,2026-03-23
c001818,2026-02-15,2026-02-15
c001818,2026-02-15,2026-02-27
c001818,2026-02-15,2026-03-01
c001818,2026-02-15,2026-03-08
c001818,2026-02-15,2026-03-25
c001818,2026-02-15,2026-04-04
c001818,2026-02-15,2026-04-08
c001819,2026-02-15,2026-02-15
c001819,2026-02-15,2026-02-23
c001819,2026-02-15,2026-03-07
c001819,2026-02-15,2026-03-18
c001819,2026-02-15,2026-03-24
c001820,2026-02-15,2026-02-15
c001820,2026-02-15,2026-04-30
c001821,2026-02-15,2026-02-15
c001821,2026-02-15,2026-02-28
c001821,2026-02-15,2026-03-12
c001821,2026-02-15,2026-04-07
c001822,2026-02-15,2026-02-15
c001822,2026-02-15,2026-03-13
c001822,2026-02-15,2026-03-19
c001822,2026-02-15,2026-03-28
c001822,2026-02-15,2026-03-29
c001822,2026-02-15,2026-04-10
c001823,2026-02-15,2026-02-15
c001824,2026-02-15,2026-02-15
c001824,2026-02-15,2026-02-22
c001824,2026-02-15,2026-03-07
c001824,2026-02-15,2026-03-08
c001824,2026-02-15,2026-03-24
c001824,2026-02-15,2026-04-06
c001824,2026-02-15,2026-04-26
c001825,2026-02-15,2026-02-15
c001825,2026-02-15,2026-03-01
c001826,2026-02-15,2026-02-15
c001826,2026-02-15,2026-02-28
c001826,2026-02-15,2026-03-12
c001826,2026-02-15,2026-04-01
c001827,2026-02-15,2026-02-15
c001827,2026-02-15,2026-02-26
c001827,2026-02-15,2026-03-01
c001827,2026-02-15,2026-03-13
c001828,2026-02-15,2026-02-15
c001828,2026-02-15,2026-02-22
c001828,2026-02-15,2026-03-30
c001829,2026-02-15,2026-02-15
c001829,2026-02-15,2026-02-26
c001829,2026-02-15,2026-03-19
c001830,2026-02-15,2026-02-15
c001830,2026-02-15,2026-03-04
c001831,2026-02-15,2026-02-15
c001831,2026-02-15,2026-02-28
c001831,2026-02-15,2026-03-04
c001831,2026-02-15,2026-03-12
c001831,2026-02-15,2026-03-25
c001831,2026-02-15,2026-03-29
c001831,2026-02-15,2026-04-06
c001832,2026-02-15,2026-02-15
c001832,2026-02-15,2026-03-20
c001832,2026-02-15,2026-04-01
c001833,2026-02-15,2026-02-15
c001833,2026-02-15,2026-02-25
c001833,2026-02-15,2026-03-08
c001833,2026-02-15,2026-03-20
c001833,2026-02-15,2026-04-15
c001833,2026-02-15,2026-04-28
c001834,2026-02-15,2026-02-15
c001834,2026-02-15,2026-02-27
c001834,2026-02-15,2026-03-27
c001835,2026-02-15,2026-02-15
c001835,2026-02-15,2026-03-26
c001836,2026-02-15,2026-02-15
c001836,2026-02-15,2026-02-26
c001836,2026-02-15,2026-03-06
c001836,2026-02-15,2026-03-09
c001836,2026-02-15,2026-03-15
c001836,2026-02-15,2026-04-03
c001837,2026-02-15,2026-02-15
c001837,2026-02-15,2026-02-24
c001837,2026-02-15,2026-03-09
c001838,2026-02-15,2026-02-15
c001838,2026-02-15,2026-03-04
c001838,2026-02-15,2026-04-09
c001839,2026-02-15,2026-02-15
c001840,2026-02-15,2026-02-15
c001840,2026-02-15,2026-03-09
c001840,2026-02-15,2026-04-03
c001840,2026-02-15,2026-04-16
c001841,2026-02-15,2026-02-15
c001841,2026-02-15,2026-03-05
c001841,2026-02-15,2026-03-31
c001841,2026-02-15,2026-05-06
c001841,2026-02-15,2026-05-14
c001842,2026-02-15,2026-02-15
c001842,2026-02-15,2026-03-07
c001842,2026-02-15,2026-03-08
c001842,2026-02-15,2026-03-17
c001842,2026-02-15,2026-03-30
c001843,2026-02-15,2026-02-15
c001843,2026-02-15,2026-03-07
c001843,2026-02-15,2026-03-31
c001844,2026-02-15,2026-02-15
c001844,2026-02-15,2026-03-02
c001844,2026-02-15,2026-03-12
c001845,2026-02-15,2026-02-15
c001845,2026-02-15,2026-02-22
c001845,2026-02-15,2026-03-06
c001846,2026-02-15,2026-02-15
c001846,2026-02-15,2026-03-29
c001847,2026-02-15,2026-02-15
c001847,2026-02-15,2026-02-26
c001847,2026-02-15,2026-03-21
c001847,2026-02-15,2026-03-30
c001847,2026-02-15,2026-05-11
c001848,2026-02-15,2026-02-15
c001848,2026-02-15,2026-02-27
c001848,2026-02-15,2026-03-07
c001848,2026-02-15,2026-03-28
c001849,2026-02-15,2026-02-15
c001850,2026-02-15,2026-02-15
c001850,2026-02-15,2026-02-28
c001850,2026-02-15,2026-03-25
c001850,2026-02-15,2026-04-03
c001851,2026-02-15,2026-02-15
c001851,2026-02-15,2026-02-26
c001851,2026-02-15,2026-03-15
c001852,2026-02-15,2026-02-15
c001852,2026-02-15,2026-03-01
c001852,2026-02-15,2026-04-04
c001853,2026-02-15,2026-02-15
c001853,2026-02-15,2026-02-24
c001853,2026-02-15,2026-03-02
c001853,2026-02-15,2026-03-27
c001854,2026-02-15,2026-02-15
c001854,2026-02-15,2026-03-07
c001855,2026-02-15,2026-02-15
c001855,2026-02-15,2026-04-16
c001855,2026-02-15,2026-05-10
c001856,2026-02-15,2026-02-15
c001856,2026-02-15,2026-02-27
c001856,2026-02-15,2026-03-10
c001856,2026-02-15,2026-03-26
c001856,2026-02-15,2026-04-23
c001857,2026-02-15,2026-02-15
c001857,2026-02-15,2026-03-03
c001858,2026-02-15,2026-02-15
c001858,2026-02-15,2026-02-27
c001858,2026-02-15,2026-03-06
c001858,2026-02-15,2026-03-08
c001858,2026-02-15,2026-03-21
c001858,2026-02-15,2026-05-05
c001859,2026-02-15,2026-02-15
c001859,2026-02-15,2026-02-25
c001859,2026-02-15,2026-04-08
c001860,2026-02-15,2026-02-15
c001860,2026-02-15,2026-03-06
c001860,2026-02-15,2026-03-14
c001861,2026-02-15,2026-02-15
c001861,2026-02-15,2026-02-27
c001861,2026-02-15,2026-03-04
c001861,2026-02-15,2026-03-23
c001861,2026-02-15,2026-04-01
c001861,2026-02-15,2026-04-11
c001861,2026-02-15,2026-04-16
c001861,2026-02-15,2026-05-13
c001862,2026-02-15,2026-02-15
c001862,2026-02-15,2026-03-03
c001862,2026-02-15,2026-04-13
c001863,2026-02-15,2026-02-15
c001863,2026-02-15,2026-02-24
c001863,2026-02-15,2026-03-09
c001863,2026-02-15,2026-03-17
c001863,2026-02-15,2026-04-06
c001864,2026-02-15,2026-02-15
c001864,2026-02-15,2026-02-24
c001864,2026-02-15,2026-03-07
c001864,2026-02-15,2026-03-14
c001864,2026-02-15,2026-04-04
c001865,2026-02-15,2026-02-15
c001865,2026-02-15,2026-03-04
c001865,2026-02-15,2026-03-09
c001866,2026-02-15,2026-02-15
c001866,2026-02-15,2026-02-25
c001867,2026-02-15,2026-02-15
c001867,2026-02-15,2026-03-22
c001868,2026-02-15,2026-02-15
c001868,2026-02-15,2026-05-05
c001869,2026-02-15,2026-02-15
c001869,2026-02-15,2026-03-11
c001870,2026-02-22,2026-02-22
c001870,2026-02-22,2026-03-11
c001871,2026-02-22,2026-02-22
c001871,2026-02-22,2026-03-12
c001871,2026-02-22,2026-03-28
c001872,2026-02-22,2026-02-22
c001872,2026-02-22,2026-03-03
c001872,2026-02-22,2026-03-16
c001873,2026-02-22,2026-02-22
c001873,2026-02-22,2026-03-06
c001873,2026-02-22,2026-03-11
c001874,2026-02-22,2026-02-22
c001874,2026-02-22,2026-03-19
c001874,2026-02-22,2026-03-28
c001875,2026-02-22,2026-02-22
c001875,2026-02-22,2026-03-13
c001875,2026-02-22,2026-05-18
c001876,2026-02-22,2026-02-22
c001876,2026-02-22,2026-03-01
c001876,2026-02-22,2026-03-13
c001876,2026-02-22,2026-03-20
c001877,2026-02-22,2026-02-22
c001877,2026-02-22,2026-03-05
c001877,2026-02-22,2026-03-11
c001877,2026-02-22,2026-03-23
c001878,2026-02-22,2026-02-22
c001878,2026-02-22,2026-03-12
c001878,2026-02-22,2026-03-16
c001878,2026-02-22,2026-04-27
c001879,2026-02-22,2026-02-22
c001879,2026-02-22,2026-03-23
c001880,2026-02-22,2026-02-22
c001880,2026-02-22,2026-03-08
c001881,2026-02-22,2026-02-22
c001882,2026-02-22,2026-02-22
c001882,2026-02-22,2026-03-01
c001882,2026-02-22,2026-03-17
c001882,2026-02-22,2026-05-19
c001883,2026-02-22,2026-02-22
c001883,2026-02-22,2026-03-10
c001883,2026-02-22,2026-03-16
c001883,2026-02-22,2026-04-03
c001883,2026-02-22,2026-04-08
c001884,2026-02-22,2026-02-22
c001884,2026-02-22,2026-03-18
c001884,2026-02-22,2026-03-26
c001884,2026-02-22,2026-04-10
c001884,2026-02-22,2026-04-21
c001884,2026-02-22,2026-05-14
c001885,2026-02-22,2026-02-22
c001885,2026-02-22,2026-03-04
c001885,2026-02-22,2026-03-13
c001885,2026-02-22,2026-04-01
c001886,2026-02-22,2026-02-22
c001886,2026-02-22,2026-03-04
c001887,2026-02-22,2026-02-22
c001887,2026-02-22,2026-03-02
c001887,2026-02-22,2026-03-09
c001887,2026-02-22,2026-03-24
c001887,2026-02-22,2026-04-04
c001888,2026-02-22,2026-02-22
c001888,2026-02-22,2026-03-07
c001889,2026-02-22,2026-02-22
c001889,2026-02-22,2026-03-07
c001889,2026-02-22,2026-03-18
c001889,2026-02-22,2026-04-16
c001890,2026-02-22,2026-02-22
c001890,2026-02-22,2026-04-06
c001891,2026-02-22,2026-02-22
c001891,2026-02-22,2026-03-01
c001891,2026-02-22,2026-03-12
c001891,2026-02-22,2026-04-05
c001892,2026-02-22,2026-02-22
c001892,2026-02-22,2026-03-05
c001892,2026-02-22,2026-04-16
c001892,2026-02-22,2026-04-23
c001893,2026-02-22,2026-02-22
c001893,2026-02-22,2026-03-06
c001893,2026-02-22,2026-03-09
c001893,2026-02-22,2026-04-01
c001893,2026-02-22,2026-04-08
c001894,2026-02-22,2026-02-22
c001894,2026-02-22,2026-03-11
c001894,2026-02-22,2026-03-30
c001895,2026-02-22,2026-02-22
c001895,2026-02-22,2026-03-08
c001895,2026-02-22,2026-03-19
c001895,2026-02-22,2026-04-16
c001896,2026-02-22,2026-02-22
c001896,2026-02-22,2026-03-10
c001896,2026-02-22,2026-03-24
c001896,2026-02-22,2026-04-03
c001896,2026-02-22,2026-04-13
c001897,2026-02-22,2026-02-22
c001897,2026-02-22,2026-04-26
c001898,2026-02-22,2026-02-22
c001898,2026-02-22,2026-03-02
c001898,2026-02-22,2026-03-14
c001898,2026-02-22,2026-03-30
c001899,2026-02-22,2026-02-22
c001899,2026-02-22,2026-03-04
c001899,2026-02-22,2026-04-11
c001899,2026-02-22,2026-04-13
c001900,2026-02-22,2026-02-22
c001900,2026-02-22,2026-03-01
c001900,2026-02-22,2026-03-30
c001900,2026-02-22,2026-04-07
c001900,2026-02-22,2026-04-29
c001901,2026-02-22,2026-02-22
c001901,2026-02-22,2026-03-01
c001901,2026-02-22,2026-03-09
c001902,2026-02-22,2026-02-22
c001902,2026-02-22,2026-03-06
c001902,2026-02-22,2026-03-13
c001902,2026-02-22,2026-03-19
c001902,2026-02-22,2026-03-22
c001903,2026-02-22,2026-02-22
c001903,2026-02-22,2026-03-12
c001903,2026-02-22,2026-04-11
c001904,2026-02-22,2026-02-22
c001904,2026-02-22,2026-03-07
c001904,2026-02-22,2026-03-17
c001904,2026-02-22,2026-04-02
c001904,2026-02-22,2026-04-17
c001904,2026-02-22,2026-05-14
c001905,2026-02-22,2026-02-22
c001905,2026-02-22,2026-03-01
c001905,2026-02-22,2026-03-14
c001905,2026-02-22,2026-04-22
c001906,2026-02-22,2026-02-22
c001906,2026-02-22,2026-03-02
c001906,2026-02-22,2026-03-09
c001906,2026-02-22,2026-03-16
c001907,2026-02-22,2026-02-22
c001907,2026-02-22,2026-03-06
c001907,2026-02-22,2026-03-14
c001907,2026-02-22,2026-04-09
c001907,2026-02-22,2026-05-03
c001908,2026-02-22,2026-02-22
c001908,2026-02-22,2026-03-03
c001908,2026-02-22,2026-03-21
c001909,2026-02-22,2026-02-22
c001909,2026-02-22,2026-03-09
c001909,2026-02-22,2026-04-09
c001909,2026-02-22,2026-04-24
c001909,2026-02-22,2026-05-18
c001910,2026-02-22,2026-02-22
c001910,2026-02-22,2026-03-12
c001910,2026-02-22,2026-03-16
c001910,2026-02-22,2026-03-25
c001910,2026-02-22,2026-04-22
c001911,2026-02-22,2026-02-22
c001911,2026-02-22,2026-04-08
c001911,2026-02-22,2026-04-15
c001912,2026-02-22,2026-02-22
c001912,2026-02-22,2026-03-01
c001912,2026-02-22,2026-03-18
c001912,2026-02-22,2026-04-02
c001912,2026-02-22,2026-05-19
c001913,2026-02-22,2026-02-22
c001913,2026-02-22,2026-03-03
c001913,2026-02-22,2026-03-13
c001913,2026-02-22,2026-03-20
c001914,2026-02-22,2026-02-22
c001914,2026-02-22,2026-03-05
c001914,2026-02-22,2026-03-15
c001914,2026-02-22,2026-04-09
c001914,2026-02-22,2026-04-13
c001915,2026-02-22,2026-02-22
c001915,2026-02-22,2026-03-10
c001915,2026-02-22,2026-03-16
c001916,2026-02-22,2026-02-22
c001916,2026-02-22,2026-03-10
c001917,2026-02-22,2026-02-22
c001917,2026-02-22,2026-03-01
c001917,2026-02-22,2026-05-03
c001918,2026-02-22,2026-02-22
c001918,2026-02-22,2026-03-03
c001918,2026-02-22,2026-04-14
c001919,2026-02-22,2026-02-22
c001919,2026-02-22,2026-03-07
c001919,2026-02-22,2026-03-15
c001919,2026-02-22,2026-03-25
c001919,2026-02-22,2026-05-11
c001920,2026-02-22,2026-02-22
c001920,2026-02-22,2026-03-01
c001920,2026-02-22,2026-03-13
c001920,2026-02-22,2026-04-17
c001921,2026-02-22,2026-02-22
c001921,2026-02-22,2026-03-12
c001921,2026-02-22,2026-05-02
c001922,2026-02-22,2026-02-22
c001922,2026-02-22,2026-03-01
c001922,2026-02-22,2026-05-05
c001922,2026-02-22,2026-05-11
c001923,2026-02-22,2026-02-22
c001923,2026-02-22,2026-03-01
c001923,2026-02-22,2026-03-24
c001923,2026-02-22,2026-05-05
c001924,2026-02-22,2026-02-22
c001924,2026-02-22,2026-03-03
c001924,2026-02-22,2026-03-08
c001924,2026-02-22,2026-03-30
c001925,2026-02-22,2026-02-22
c001925,2026-02-22,2026-03-07
c001926,2026-02-22,2026-02-22
c001926,2026-02-22,2026-03-05
c001926,2026-02-22,2026-03-15
c001926,2026-02-22,2026-03-29
c001927,2026-02-22,2026-02-22
c001927,2026-02-22,2026-03-10
c001927,2026-02-22,2026-03-17
c001927,2026-02-22,2026-03-27
c001927,2026-02-22,2026-04-09
c001927,2026-02-22,2026-04-25
c001928,2026-02-22,2026-02-22
c001928,2026-02-22,2026-03-06
c001928,2026-02-22,2026-03-18
c001928,2026-02-22,2026-03-26
c001928,2026-02-22,2026-04-08
c001929,2026-02-22,2026-02-22
c001929,2026-02-22,2026-03-08
c001929,2026-02-22,2026-04-13
c001929,2026-02-22,2026-05-15
c001930,2026-02-22,2026-02-22
c001930,2026-02-22,2026-03-07
c001930,2026-02-22,2026-03-16
c001930,2026-02-22,2026-04-01
c001930,2026-02-22,2026-05-12
c001931,2026-02-22,2026-02-22
c001931,2026-02-22,2026-04-04
c001932,2026-02-22,2026-02-22
c001932,2026-02-22,2026-03-07
c001932,2026-02-22,2026-03-24
c001932,2026-02-22,2026-04-07
c001932,2026-02-22,2026-04-23
c001933,2026-02-22,2026-02-22
c001933,2026-02-22,2026-03-06
c001933,2026-02-22,2026-03-12
c001933,2026-02-22,2026-03-15
c001933,2026-02-22,2026-04-14
c001933,2026-02-22,2026-04-22
c001933,2026-02-22,2026-04-27
c001934,2026-02-22,2026-02-22
c001934,2026-02-22,2026-03-10
c001934,2026-02-22,2026-03-23
c001934,2026-02-22,2026-03-30
c001934,2026-02-22,2026-04-28
c001935,2026-02-22,2026-02-22
c001935,2026-02-22,2026-03-05
c001935,2026-02-22,2026-03-09
c001935,2026-02-22,2026-03-19
c001935,2026-02-22,2026-03-22
c001935,2026-02-22,2026-03-29
c001936,2026-02-22,2026-02-22
c001936,2026-02-22,2026-03-04
c001936,2026-02-22,2026-03-12
c001936,2026-02-22,2026-03-16
c001936,2026-02-22,2026-03-31
c001936,2026-02-22,2026-04-14
c001936,2026-02-22,2026-04-23
c001937,2026-02-22,2026-02-22
c001937,2026-02-22,2026-03-12
c001937,2026-02-22,2026-03-17
c001937,2026-02-22,2026-04-04
c001938,2026-02-22,2026-02-22
c001938,2026-02-22,2026-03-05
c001938,2026-02-22,2026-03-11
c001938,2026-02-22,2026-03-15
c001939,2026-02-22,2026-02-22
c001939,2026-02-22,2026-03-03
c001939,2026-02-22,2026-03-11
c001940,2026-02-22,2026-02-22
c001940,2026-02-22,2026-03-15
c001940,2026-02-22,2026-04-16
c001941,2026-02-22,2026-02-22
c001941,2026-02-22,2026-03-03
c001941,2026-02-22,2026-03-20
c001941,2026-02-22,2026-03-30
c001942,2026-02-22,2026-02-22
c001942,2026-02-22,2026-03-04
c001942,2026-02-22,2026-03-18
c001942,2026-02-22,2026-03-23
c001942,2026-02-22,2026-05-20
c001943,2026-02-22,2026-02-22
c001943,2026-02-22,2026-03-04
c001943,2026-02-22,2026-03-10
c001943,2026-02-22,2026-03-15
c001943,2026-02-22,2026-03-25
c001944,2026-02-22,2026-02-22
c001944,2026-02-22,2026-03-13
c001944,2026-02-22,2026-04-24
c001945,2026-02-22,2026-02-22
c001945,2026-02-22,2026-03-07
c001945,2026-02-22,2026-03-19
c001945,2026-02-22,2026-03-30
c001945,2026-02-22,2026-04-13
c001946,2026-02-22,2026-02-22
c001946,2026-02-22,2026-03-06
c001946,2026-02-22,2026-03-19
c001946,2026-02-22,2026-03-25
c001946,2026-02-22,2026-04-10
c001946,2026-02-22,2026-05-15
c001947,2026-02-22,2026-02-22
c001947,2026-02-22,2026-03-27
c001947,2026-02-22,2026-04-22
c001948,2026-02-22,2026-02-22
c001948,2026-02-22,2026-03-06
c001948,2026-02-22,2026-03-14
c001948,2026-02-22,2026-03-27
c001949,2026-02-22,2026-02-22
c001949,2026-02-22,2026-03-13
c001949,2026-02-22,2026-03-21
c001949,2026-02-22,2026-03-27
c001949,2026-02-22,2026-04-09
c001950,2026-02-22,2026-02-22
c001950,2026-02-22,2026-03-24
c001950,2026-02-22,2026-05-09
c001951,2026-02-22,2026-02-22
c001951,2026-02-22,2026-03-04
c001951,2026-02-22,2026-03-31
c001951,2026-02-22,2026-04-23
c001951,2026-02-22,2026-05-23
c001952,2026-02-22,2026-02-22
c001952,2026-02-22,2026-03-05
c001952,2026-02-22,2026-03-24
c001952,2026-02-22,2026-04-11
c001953,2026-02-22,2026-02-22
c001953,2026-02-22,2026-03-05
c001954,2026-02-22,2026-02-22
c001954,2026-02-22,2026-03-19
c001954,2026-02-22,2026-04-22
c001955,2026-02-22,2026-02-22
c001955,2026-02-22,2026-03-14
c001955,2026-02-22,2026-03-24
c001955,2026-02-22,2026-03-29
c001955,2026-02-22,2026-04-21
c001956,2026-02-22,2026-02-22
c001956,2026-02-22,2026-03-12
c001956,2026-02-22,2026-03-18
c001956,2026-02-22,2026-03-24
c001956,2026-02-22,2026-04-09
c001956,2026-02-22,2026-05-05
c001957,2026-02-22,2026-02-22
c001957,2026-02-22,2026-03-06
c001957,2026-02-22,2026-03-10
c001957,2026-02-22,2026-03-21
c001957,2026-02-22,2026-04-11
c001957,2026-02-22,2026-04-15
c001958,2026-02-22,2026-02-22
c001958,2026-02-22,2026-03-07
c001958,2026-02-22,2026-03-14
c001958,2026-02-22,2026-05-12
c001959,2026-02-22,2026-02-22
c001959,2026-02-22,2026-03-12
c001959,2026-02-22,2026-05-22
c001960,2026-02-22,2026-02-22
c001960,2026-02-22,2026-03-16
c001960,2026-02-22,2026-03-23
c001961,2026-02-22,2026-02-22
c001962,2026-02-22,2026-02-22
c001962,2026-02-22,2026-03-05
c001962,2026-02-22,2026-03-13
c001962,2026-02-22,2026-03-26
c001962,2026-02-22,2026-04-02
c001962,2026-02-22,2026-04-24
c001963,2026-02-22,2026-02-22
c001963,2026-02-22,2026-03-05
c001963,2026-02-22,2026-03-09
c001963,2026-02-22,2026-03-19
c001963,2026-02-22,2026-04-07
c001963,2026-02-22,2026-04-24
c001964,2026-02-22,2026-02-22
c001964,2026-02-22,2026-03-10
c001964,2026-02-22,2026-03-28
c001964,2026-02-22,2026-04-08
c001964,2026-02-22,2026-05-11
c001965,2026-02-22,2026-02-22
c001965,2026-02-22,2026-03-20
c001965,2026-02-22,2026-03-28
c001965,2026-02-22,2026-04-11
c001965,2026-02-22,2026-04-18
c001966,2026-02-22,2026-02-22
c001966,2026-02-22,2026-03-09
c001966,2026-02-22,2026-03-31
c001966,2026-02-22,2026-05-01
c001967,2026-02-22,2026-02-22
c001967,2026-02-22,2026-03-05
c001967,2026-02-22,2026-04-24
c001968,2026-02-22,2026-02-22
c001968,2026-02-22,2026-03-04
c001968,2026-02-22,2026-04-26
c001969,2026-02-22,2026-02-22
c001969,2026-02-22,2026-03-22
c001969,2026-02-22,2026-03-30
c001969,2026-02-22,2026-04-13
c001970,2026-02-22,2026-02-22
c001970,2026-02-22,2026-03-07
c001970,2026-02-22,2026-03-10
c001971,2026-02-22,2026-02-22
c001971,2026-02-22,2026-04-25
c001971,2026-02-22,2026-05-05
c001972,2026-02-22,2026-02-22
c001972,2026-02-22,2026-03-27
c001972,2026-02-22,2026-05-18
c001973,2026-02-22,2026-02-22
c001973,2026-02-22,2026-03-18
c001973,2026-02-22,2026-04-05
c001974,2026-02-22,2026-02-22
c001974,2026-02-22,2026-03-18
c001974,2026-02-22,2026-04-09
c001974,2026-02-22,2026-04-22
c001975,2026-02-22,2026-02-22
c001975,2026-02-22,2026-03-08
c001975,2026-02-22,2026-04-03
c001976,2026-02-22,2026-02-22
c001977,2026-02-22,2026-02-22
c001977,2026-02-22,2026-03-04
c001977,2026-02-22,2026-03-12
c001977,2026-02-22,2026-03-28
c001977,2026-02-22,2026-04-08
c001978,2026-02-22,2026-02-22
c001978,2026-02-22,2026-03-01
c001978,2026-02-22,2026-04-02
c001978,2026-02-22,2026-04-10
c001978,2026-02-22,2026-04-23
c001978,2026-02-22,2026-05-02
c001979,2026-02-22,2026-02-22
c001979,2026-02-22,2026-04-02
c001979,2026-02-22,2026-04-14
c001980,2026-02-22,2026-02-22
c001980,2026-02-22,2026-03-04
c001980,2026-02-22,2026-03-13
c001980,2026-02-22,2026-04-28
c001981,2026-02-22,2026-02-22
c001981,2026-02-22,2026-03-15
c001981,2026-02-22,2026-04-02
c001982,2026-02-22,2026-02-22
c001982,2026-02-22,2026-03-05
c001982,2026-02-22,2026-03-08
c001982,2026-02-22,2026-05-01
c001983,2026-02-22,2026-02-22
c001983,2026-02-22,2026-03-05
c001983,2026-02-22,2026-03-17
c001983,2026-02-22,2026-05-04
c001984,2026-02-22,2026-02-22
c001984,2026-02-22,2026-03-07
c001984,2026-02-22,2026-03-13
c001984,2026-02-22,2026-04-04
c001984,2026-02-22,2026-04-25
c001985,2026-02-22,2026-02-22
c001985,2026-02-22,2026-03-05
c001985,2026-02-22,2026-03-18
c001985,2026-02-22,2026-04-09
c001985,2026-02-22,2026-05-02
c001986,2026-02-22,2026-02-22
c001986,2026-02-22,2026-03-08
c001986,2026-02-22,2026-03-26
c001986,2026-02-22,2026-04-25
c001987,2026-02-22,2026-02-22
c001987,2026-02-22,2026-03-01
c001987,2026-02-22,2026-03-10
c001987,2026-02-22,2026-03-20
c001987,2026-02-22,2026-04-09
c001988,2026-02-22,2026-02-22
c001988,2026-02-22,2026-03-07
c001988,2026-02-22,2026-04-27
c001989,2026-02-22,2026-02-22
c001989,2026-02-22,2026-04-13
c001990,2026-02-22,2026-02-22
c001990,2026-02-22,2026-03-09
c001990,2026-02-22,2026-03-31
c001990,2026-02-22,2026-04-25
c001991,2026-02-22,2026-02-22
c001991,2026-02-22,2026-03-18
c001991,2026-02-22,2026-03-30
c001991,2026-02-22,2026-04-21
c001992,2026-02-22,2026-02-22
c001992,2026-02-22,2026-03-06
c001992,2026-02-22,2026-03-30
c001993,2026-02-22,2026-02-22
c001993,2026-02-22,2026-03-08
c001993,2026-02-22,2026-03-24
c001994,2026-02-22,2026-02-22
c001994,2026-02-22,2026-03-06
c001994,2026-02-22,2026-03-18
c001995,2026-02-22,2026-02-22
c001995,2026-02-22,2026-03-02
c001995,2026-02-22,2026-03-13
c001995,2026-02-22,2026-03-27
c001995,2026-02-22,2026-04-21
c001996,2026-02-22,2026-02-22
c001996,2026-02-22,2026-03-05
c001997,2026-02-22,2026-02-22
c001997,2026-02-22,2026-03-02
c001997,2026-02-22,2026-03-10
c001997,2026-02-22,2026-04-16
c001997,2026-02-22,2026-04-24
c001998,2026-02-22,2026-02-22
c001998,2026-02-22,2026-03-26
c001998,2026-02-22,2026-04-01
c001999,2026-02-22,2026-02-22
c001999,2026-02-22,2026-03-14
c001999,2026-02-22,2026-04-13
c002000,2026-02-22,2026-02-22
c002000,2026-02-22,2026-03-28
c002000,2026-02-22,2026-04-19
c002001,2026-02-22,2026-02-22
c002001,2026-02-22,2026-03-09
c002001,2026-02-22,2026-03-19
c002001,2026-02-22,2026-04-11
c002002,2026-02-22,2026-02-22
c002002,2026-02-22,2026-03-13
c002002,2026-02-22,2026-03-19
c002002,2026-02-22,2026-03-28
c002002,2026-02-22,2026-04-04
c002003,2026-02-22,2026-02-22
c002003,2026-02-22,2026-03-21
c002003,2026-02-22,2026-04-08
c002003,2026-02-22,2026-05-11
c002004,2026-02-22,2026-02-22
c002004,2026-02-22,2026-03-05
c002005,2026-02-22,2026-02-22
c002005,2026-02-22,2026-03-08
c002005,2026-02-22,2026-04-01
c002005,2026-02-22,2026-05-20
c002006,2026-02-22,2026-02-22
c002006,2026-02-22,2026-03-09
c002006,2026-02-22,2026-03-31
c002007,2026-02-22,2026-02-22
c002007,2026-02-22,2026-03-06
c002007,2026-02-22,2026-03-18
c002008,2026-02-22,2026-02-22
c002008,2026-02-22,2026-03-30
c002008,2026-02-22,2026-05-11
c002009,2026-02-22,2026-02-22
c002009,2026-02-22,2026-03-06
c002009,2026-02-22,2026-03-11
c002010,2026-02-22,2026-02-22
c002010,2026-02-22,2026-03-10
c002010,2026-02-22,2026-03-21
c002010,2026-02-22,2026-03-30
c002010,2026-02-22,2026-04-25
c002011,2026-02-22,2026-02-22
c002011,2026-02-22,2026-03-04
c002011,2026-02-22,2026-03-12
c002011,2026-02-22,2026-03-19
c002011,2026-02-22,2026-04-05
c002012,2026-02-22,2026-02-22
c002012,2026-02-22,2026-03-06
c002012,2026-02-22,2026-03-09
c002012,2026-02-22,2026-04-28
c002013,2026-02-22,2026-02-22
c002013,2026-02-22,2026-03-04
c002013,2026-02-22,2026-03-12
c002013,2026-02-22,2026-03-18
c002013,2026-02-22,2026-03-26
c002013,2026-02-22,2026-04-17
c002013,2026-02-22,2026-05-15
c002014,2026-02-22,2026-02-22
c002014,2026-02-22,2026-04-04
c002014,2026-02-22,2026-04-10
c002014,2026-02-22,2026-04-29
c002014,2026-02-22,2026-05-07
c002015,2026-02-22,2026-02-22
c002015,2026-02-22,2026-03-05
c002015,2026-02-22,2026-03-31
c002015,2026-02-22,2026-04-10
c002016,2026-02-22,2026-02-22
c002016,2026-02-22,2026-03-07
c002016,2026-02-22,2026-03-11
c002016,2026-02-22,2026-03-25
c002016,2026-02-22,2026-03-31
c002016,2026-02-22,2026-04-08
c002017,2026-02-22,2026-02-22
c002017,2026-02-22,2026-03-10
c002017,2026-02-22,2026-03-15
c002017,2026-02-22,2026-03-24
c002017,2026-02-22,2026-04-06
c002018,2026-02-22,2026-02-22
c002018,2026-02-22,2026-03-05
c002018,2026-02-22,2026-03-20
c002018,2026-02-22,2026-03-30
c002018,2026-02-22,2026-05-06
c002019,2026-02-22,2026-02-22
c002019,2026-02-22,2026-03-10
c002020,2026-02-22,2026-02-22
c002020,2026-02-22,2026-03-03
c002020,2026-02-22,2026-04-05
c002021,2026-02-22,2026-02-22
c002021,2026-02-22,2026-03-02
c002021,2026-02-22,2026-03-27
c002021,2026-02-22,2026-04-28
c002022,2026-02-22,2026-02-22
c002022,2026-02-22,2026-03-11
c002022,2026-02-22,2026-03-17
c002022,2026-02-22,2026-03-24
c002022,2026-02-22,2026-04-04
c002022,2026-02-22,2026-04-17
c002022,2026-02-22,2026-04-22
c002023,2026-02-22,2026-02-22
c002023,2026-02-22,2026-03-01
c002024,2026-02-22,2026-02-22
c002024,2026-02-22,2026-03-03
c002024,2026-02-22,2026-03-09
c002024,2026-02-22,2026-03-21
c002025,2026-02-22,2026-02-22
c002025,2026-02-22,2026-03-03
c002025,2026-02-22,2026-03-12
c002026,2026-02-22,2026-02-22
c002026,2026-02-22,2026-03-02
c002026,2026-02-22,2026-03-13
c002026,2026-02-22,2026-03-15
c002026,2026-02-22,2026-03-30
c002027,2026-02-22,2026-02-22
c002027,2026-02-22,2026-03-11
c002027,2026-02-22,2026-03-16
c002027,2026-02-22,2026-03-22
c002027,2026-02-22,2026-04-23
c002028,2026-02-22,2026-02-22
c002028,2026-02-22,2026-03-06
c002029,2026-02-22,2026-02-22
c002029,2026-02-22,2026-03-06
c002029,2026-02-22,2026-04-18
c002029,2026-02-22,2026-04-19
c002029,2026-02-22,2026-05-17
c002030,2026-02-22,2026-02-22
c002030,2026-02-22,2026-03-09
c002031,2026-02-22,2026-02-22
c002031,2026-02-22,2026-03-30
c002032,2026-02-22,2026-02-22
c002032,2026-02-22,2026-03-06
c002032,2026-02-22,2026-03-21
c002032,2026-02-22,2026-03-22
c002032,2026-02-22,2026-04-02
c002033,2026-02-22,2026-02-22
c002033,2026-02-22,2026-03-08
c002034,2026-02-22,2026-02-22
c002034,2026-02-22,2026-03-13
c002034,2026-02-22,2026-04-14
c002035,2026-02-22,2026-02-22
c002035,2026-02-22,2026-03-02
c002035,2026-02-22,2026-04-25
c002036,2026-02-22,2026-02-22
c002036,2026-02-22,2026-03-06
c002036,2026-02-22,2026-03-12
c002036,2026-02-22,2026-03-16
c002036,2026-02-22,2026-03-25
c002037,2026-02-22,2026-02-22
c002037,2026-02-22,2026-03-05
c002037,2026-02-22,2026-03-13
c002037,2026-02-22,2026-04-14
c002038,2026-02-22,2026-02-22
c002038,2026-02-22,2026-03-06
c002038,2026-02-22,2026-03-08
c002038,2026-02-22,2026-05-01
c002039,2026-02-22,2026-02-22
c002039,2026-02-22,2026-03-06
c002040,2026-02-22,2026-02-22
c002040,2026-02-22,2026-03-18
c002040,2026-02-22,2026-03-27
c002041,2026-02-22,2026-02-22
c002041,2026-02-22,2026-03-07
c002041,2026-02-22,2026-05-13
c002042,2026-02-22,2026-02-22
c002042,2026-02-22,2026-03-02
c002042,2026-02-22,2026-03-11
c002042,2026-02-22,2026-03-20
c002042,2026-02-22,2026-03-31
c002042,2026-02-22,2026-04-08
c002042,2026-02-22,2026-05-01
c002042,2026-02-22,2026-05-19
c002043,2026-02-22,2026-02-22
c002044,2026-02-22,2026-02-22
c002044,2026-02-22,2026-03-06
c002044,2026-02-22,2026-03-24
c002044,2026-02-22,2026-04-17
c002044,2026-02-22,2026-04-25
c002045,2026-02-22,2026-02-22
c002045,2026-02-22,2026-03-19
c002045,2026-02-22,2026-05-09
c002045,2026-02-22,2026-05-15
c002046,2026-02-22,2026-02-22
c002046,2026-02-22,2026-03-29
c002046,2026-02-22,2026-05-12
c002047,2026-02-22,2026-02-22
c002047,2026-02-22,2026-03-04
c002047,2026-02-22,2026-03-12
c002047,2026-02-22,2026-03-18
c002047,2026-02-22,2026-05-14
c002047,2026-02-22,2026-05-22
c002048,2026-02-22,2026-02-22
c002048,2026-02-22,2026-03-01
c002048,2026-02-22,2026-03-15
c002048,2026-02-22,2026-03-29
c002049,2026-02-22,2026-02-22
c002049,2026-02-22,2026-03-03
c002049,2026-02-22,2026-04-15
c002050,2026-02-22,2026-02-22
c002050,2026-02-22,2026-05-22
c002051,2026-02-22,2026-02-22
c002051,2026-02-22,2026-03-06
c002051,2026-02-22,2026-04-08
c002052,2026-02-22,2026-02-22
c002052,2026-02-22,2026-03-06
c002053,2026-02-22,2026-02-22
c002054,2026-02-22,2026-02-22
c002054,2026-02-22,2026-03-04
c002054,2026-02-22,2026-03-11
c002054,2026-02-22,2026-04-27
c002055,2026-02-22,2026-02-22
c002055,2026-02-22,2026-03-07
c002055,2026-02-22,2026-03-14
c002055,2026-02-22,2026-03-15
c002055,2026-02-22,2026-03-27
c002055,2026-02-22,2026-04-18
c002055,2026-02-22,2026-05-11
c002056,2026-02-22,2026-02-22
c002056,2026-02-22,2026-03-18
c002057,2026-02-22,2026-02-22
c002057,2026-02-22,2026-03-04
c002057,2026-02-22,2026-03-23
c002057,2026-02-22,2026-03-30
c002058,2026-02-22,2026-02-22
c002058,2026-02-22,2026-03-01
c002058,2026-02-22,2026-03-14
c002058,2026-02-22,2026-04-11
c002059,2026-02-22,2026-02-22
c002059,2026-02-22,2026-03-26
c002059,2026-02-22,2026-04-02
c002060,2026-02-22,2026-02-22
c002060,2026-02-22,2026-03-03
c002060,2026-02-22,2026-03-09
c002060,2026-02-22,2026-05-02
c002061,2026-02-22,2026-02-22
c002061,2026-02-22,2026-03-09
c002061,2026-02-22,2026-03-28
c002062,2026-02-22,2026-02-22
c002063,2026-02-22,2026-02-22
c002063,2026-02-22,2026-03-06
c002063,2026-02-22,2026-03-22
c002064,2026-02-22,2026-02-22
c002064,2026-02-22,2026-03-03
c002064,2026-02-22,2026-03-12
c002064,2026-02-22,2026-03-18
c002064,2026-02-22,2026-04-20
c002065,2026-02-22,2026-02-22
c002065,2026-02-22,2026-03-06
c002065,2026-02-22,2026-03-22
c002066,2026-02-22,2026-02-22
c002066,2026-02-22,2026-03-22
c002067,2026-02-22,2026-02-22
c002067,2026-02-22,2026-03-20
c002068,2026-02-22,2026-02-22
c002068,2026-02-22,2026-03-16
c002068,2026-02-22,2026-04-07
c002068,2026-02-22,2026-04-17
c002069,2026-02-22,2026-02-22
c002069,2026-02-22,2026-03-06
c002069,2026-02-22,2026-03-16
c002070,2026-02-22,2026-02-22
c002070,2026-02-22,2026-03-01
c002070,2026-02-22,2026-03-09
c002070,2026-02-22,2026-04-04
c002070,2026-02-22,2026-04-28
c002070,2026-02-22,2026-05-14
c002071,2026-02-22,2026-02-22
c002071,2026-02-22,2026-03-01
c002071,2026-02-22,2026-03-21
c002071,2026-02-22,2026-03-24
c002072,2026-02-22,2026-02-22
c002072,2026-02-22,2026-03-11
c002072,2026-02-22,2026-03-20
c002072,2026-02-22,2026-04-03
c002072,2026-02-22,2026-04-14
c002073,2026-02-22,2026-02-22
c002073,2026-02-22,2026-03-04
c002074,2026-02-22,2026-02-22
c002074,2026-02-22,2026-04-09
c002074,2026-02-22,2026-04-15
c002075,2026-02-22,2026-02-22
c002075,2026-02-22,2026-03-11
c002075,2026-02-22,2026-04-11
c002075,2026-02-22,2026-05-08
c002076,2026-02-22,2026-02-22
c002076,2026-02-22,2026-03-14
c002076,2026-02-22,2026-03-27
c002076,2026-02-22,2026-05-14
c002077,2026-02-22,2026-02-22
c002077,2026-02-22,2026-03-25
c002077,2026-02-22,2026-05-07
c002078,2026-02-22,2026-02-22
c002078,2026-02-22,2026-03-03
c002078,2026-02-22,2026-03-09
c002078,2026-02-22,2026-03-18
c002079,2026-02-22,2026-02-22
c002079,2026-02-22,2026-03-08
c002079,2026-02-22,2026-05-05
c002080,2026-02-22,2026-02-22
c002080,2026-02-22,2026-03-04
c002080,2026-02-22,2026-03-09
c002080,2026-02-22,2026-05-06
c002081,2026-02-22,2026-02-22
c002081,2026-02-22,2026-03-10
c002081,2026-02-22,2026-03-15
c002082,2026-02-22,2026-02-22
c002082,2026-02-22,2026-03-13
c002082,2026-02-22,2026-04-09
c002083,2026-02-22,2026-02-22
c002083,2026-02-22,2026-03-01
c002083,2026-02-22,2026-04-05
c002084,2026-02-22,2026-02-22
c002084,2026-02-22,2026-03-25
c002084,2026-02-22,2026-05-18
c002085,2026-02-22,2026-02-22
c002085,2026-02-22,2026-03-10
c002085,2026-02-22,2026-03-15
c002085,2026-02-22,2026-03-28
c002086,2026-02-22,2026-02-22
c002086,2026-02-22,2026-03-18
c002087,2026-02-22,2026-02-22
c002087,2026-02-22,2026-03-06
c002087,2026-02-22,2026-03-08
c002087,2026-02-22,2026-03-22
c002088,2026-02-22,2026-02-22
c002088,2026-02-22,2026-03-16
c002088,2026-02-22,2026-03-23
c002088,2026-02-22,2026-04-06
c002089,2026-02-22,2026-02-22
c002089,2026-02-22,2026-03-03
c002089,2026-02-22,2026-03-17
c002089,2026-02-22,2026-04-10
c002089,2026-02-22,2026-04-16
c002089,2026-02-22,2026-04-28
c002090,2026-02-22,2026-02-22
c002090,2026-02-22,2026-03-01
c002090,2026-02-22,2026-03-08
c002090,2026-02-22,2026-03-29
c002090,2026-02-22,2026-04-11
c002091,2026-02-22,2026-02-22
c002091,2026-02-22,2026-03-13
c002091,2026-02-22,2026-03-16
c002091,2026-02-22,2026-05-02
c002092,2026-02-22,2026-02-22
c002092,2026-02-22,2026-03-12
c002092,2026-02-22,2026-03-21
c002093,2026-02-22,2026-02-22
c002093,2026-02-22,2026-03-24
c002093,2026-02-22,2026-04-11
c002093,2026-02-22,2026-04-17
c002094,2026-02-22,2026-02-22
c002094,2026-02-22,2026-03-13
c002094,2026-02-22,2026-04-01
c002094,2026-02-22,2026-05-20
c002095,2026-02-22,2026-02-22
c002095,2026-02-22,2026-03-11
c002095,2026-02-22,2026-04-11
c002096,2026-02-22,2026-02-22
c002096,2026-02-22,2026-03-24
c002097,2026-02-22,2026-02-22
c002097,2026-02-22,2026-03-06
c002097,2026-02-22,2026-03-18
c002097,2026-02-22,2026-03-22
c002098,2026-02-22,2026-02-22
c002098,2026-02-22,2026-03-04
c002098,2026-02-22,2026-03-18
c002098,2026-02-22,2026-03-28
c002099,2026-02-22,2026-02-22
c002099,2026-02-22,2026-03-10
c002099,2026-02-22,2026-03-19
c002099,2026-02-22,2026-03-25
c002099,2026-02-22,2026-04-24
c002100,2026-02-22,2026-02-22
c002100,2026-02-22,2026-03-26
c002100,2026-02-22,2026-04-14
c002100,2026-02-22,2026-04-21
c002101,2026-02-22,2026-02-22
c002101,2026-02-22,2026-03-26
c002101,2026-02-22,2026-03-29
c002101,2026-02-22,2026-04-18
c002101,2026-02-22,2026-04-30
c002102,2026-02-22,2026-02-22
c002102,2026-02-22,2026-03-07
c002102,2026-02-22,2026-03-20
c002102,2026-02-22,2026-04-06
c002103,2026-02-22,2026-02-22
c002103,2026-02-22,2026-03-03
c002103,2026-02-22,2026-03-10
c002104,2026-02-22,2026-02-22
c002104,2026-02-22,2026-05-03
c002105,2026-02-22,2026-02-22
c002105,2026-02-22,2026-03-01
c002105,2026-02-22,2026-03-22
c002105,2026-02-22,2026-04-14
c002106,2026-02-22,2026-02-22
c002106,2026-02-22,2026-03-27
c002106,2026-02-22,2026-04-11
c002107,2026-02-22,2026-02-22
c002107,2026-02-22,2026-03-19
c002107,2026-02-22,2026-03-28
c002108,2026-02-22,2026-02-22
c002108,2026-02-22,2026-04-03
c002108,2026-02-22,2026-04-22
c002109,2026-02-22,2026-02-22
c002109,2026-02-22,2026-03-03
c002109,2026-02-22,2026-03-09
c002110,2026-02-22,2026-02-22
c002110,2026-02-22,2026-03-09
c002110,2026-02-22,2026-03-18
c002111,2026-02-22,2026-02-22
c002111,2026-02-22,2026-03-05
c002112,2026-02-22,2026-02-22
c002113,2026-02-22,2026-02-22
c002113,2026-02-22,2026-03-02
c002113,2026-02-22,2026-03-10
c002113,2026-02-22,2026-03-16
c002114,2026-02-22,2026-02-22
c002114,2026-02-22,2026-03-02
c002114,2026-02-22,2026-04-14
c002115,2026-02-22,2026-02-22
c002115,2026-02-22,2026-03-20
c002115,2026-02-22,2026-03-28
c002116,2026-02-22,2026-02-22
c002116,2026-02-22,2026-03-03
c002116,2026-02-22,2026-03-21
c002117,2026-02-22,2026-02-22
c002117,2026-02-22,2026-03-01
c002117,2026-02-22,2026-03-09
c002117,2026-02-22,2026-03-19
c002117,2026-02-22,2026-04-07
c002118,2026-02-22,2026-02-22
c002119,2026-02-22,2026-02-22
c002119,2026-02-22,2026-03-06
c002120,2026-02-22,2026-02-22
c002120,2026-02-22,2026-03-05
c002120,2026-02-22,2026-03-17
c002120,2026-02-22,2026-04-08
c002121,2026-02-22,2026-02-22
c002121,2026-02-22,2026-03-13
c002121,2026-02-22,2026-03-27
c002121,2026-02-22,2026-05-14
c002122,2026-02-22,2026-02-22
c002122,2026-02-22,2026-03-01
c002122,2026-02-22,2026-03-20
c002122,2026-02-22,2026-03-22
c002122,2026-02-22,2026-04-21
c002123,2026-02-22,2026-02-22
c002123,2026-02-22,2026-03-07
c002123,2026-02-22,2026-03-11
c002123,2026-02-22,2026-04-16
c002123,2026-02-22,2026-05-01
c002124,2026-02-22,2026-02-22
c002124,2026-02-22,2026-03-12
c002125,2026-02-22,2026-02-22
c002125,2026-02-22,2026-03-05
c002125,2026-02-22,2026-03-12
c002125,2026-02-22,2026-03-26
c002125,2026-02-22,2026-04-13
c002125,2026-02-22,2026-05-12
c002126,2026-03-01,2026-03-01
c002126,2026-03-01,2026-03-17
c002126,2026-03-01,2026-03-28
c002126,2026-03-01,2026-04-01
c002126,2026-03-01,2026-04-20
c002126,2026-03-01,2026-05-05
c002127,2026-03-01,2026-03-01
c002127,2026-03-01,2026-03-10
c002128,2026-03-01,2026-03-01
c002128,2026-03-01,2026-03-08
c002128,2026-03-01,2026-04-26
c002129,2026-03-01,2026-03-01
c002129,2026-03-01,2026-03-14
c002129,2026-03-01,2026-03-18
c002129,2026-03-01,2026-03-25
c002129,2026-03-01,2026-03-30
c002130,2026-03-01,2026-03-01
c002130,2026-03-01,2026-03-09
c002130,2026-03-01,2026-03-17
c002130,2026-03-01,2026-05-23
c002131,2026-03-01,2026-03-01
c002131,2026-03-01,2026-03-08
c002131,2026-03-01,2026-03-17
c002131,2026-03-01,2026-03-25
c002131,2026-03-01,2026-04-13
c002132,2026-03-01,2026-03-01
c002132,2026-03-01,2026-03-09
c002132,2026-03-01,2026-03-23
c002132,2026-03-01,2026-04-10
c002132,2026-03-01,2026-05-10
c002133,2026-03-01,2026-03-01
c002133,2026-03-01,2026-03-08
c002133,2026-03-01,2026-04-03
c002134,2026-03-01,2026-03-01
c002134,2026-03-01,2026-03-11
c002134,2026-03-01,2026-03-17
c002134,2026-03-01,2026-04-19
c002135,2026-03-01,2026-03-01
c002135,2026-03-01,2026-03-11
c002135,2026-03-01,2026-03-21
c002135,2026-03-01,2026-04-28
c002136,2026-03-01,2026-03-01
c002136,2026-03-01,2026-03-14
c002136,2026-03-01,2026-03-15
c002136,2026-03-01,2026-04-16
c002136,2026-03-01,2026-05-06
c002137,2026-03-01,2026-03-01
c002137,2026-03-01,2026-04-07
c002138,2026-03-01,2026-03-01
c002138,2026-03-01,2026-03-14
c002138,2026-03-01,2026-03-31
c002138,2026-03-01,2026-04-17
c002139,2026-03-01,2026-03-01
c002139,2026-03-01,2026-03-15
c002139,2026-03-01,2026-03-22
c002140,2026-03-01,2026-03-01
c002140,2026-03-01,2026-03-20
c002140,2026-03-01,2026-05-05
c002140,2026-03-01,2026-05-16
c002141,2026-03-01,2026-03-01
c002141,2026-03-01,2026-03-09
c002141,2026-03-01,2026-03-26
c002142,2026-03-01,2026-03-01
c002142,2026-03-01,2026-03-08
c002143,2026-03-01,2026-03-01
c002143,2026-03-01,2026-03-13
c002143,2026-03-01,2026-03-16
c002143,2026-03-01,2026-03-30
c002143,2026-03-01,2026-04-25
c002143,2026-03-01,2026-05-10
c002143,2026-03-01,2026-05-24
c002144,2026-03-01,2026-03-01
c002144,2026-03-01,2026-03-12
c002144,2026-03-01,2026-03-20
c002144,2026-03-01,2026-04-18
c002144,2026-03-01,2026-04-26
c002145,2026-03-01,2026-03-01
c002145,2026-03-01,2026-04-01
c002145,2026-03-01,2026-05-02
c002146,2026-03-01,2026-03-01
c002146,2026-03-01,2026-03-12
c002146,2026-03-01,2026-03-21
c002147,2026-03-01,2026-03-01
c002147,2026-03-01,2026-03-10
c002147,2026-03-01,2026-03-28
c002147,2026-03-01,2026-04-08
c002147,2026-03-01,2026-04-25
c002148,2026-03-01,2026-03-01
c002148,2026-03-01,2026-03-08
c002148,2026-03-01,2026-05-28
c002149,2026-03-01,2026-03-01
c002149,2026-03-01,2026-03-28
c002150,2026-03-01,2026-03-01
c002150,2026-03-01,2026-03-08
c002150,2026-03-01,2026-03-27
c002150,2026-03-01,2026-05-20
c002151,2026-03-01,2026-03-01
c002151,2026-03-01,2026-03-20
c002152,2026-03-01,2026-03-01
c002152,2026-03-01,2026-03-10
c002152,2026-03-01,2026-03-16
c002152,2026-03-01,2026-05-27
c002153,2026-03-01,2026-03-01
c002153,2026-03-01,2026-03-08
c002153,2026-03-01,2026-03-30
c002153,2026-03-01,2026-04-06
c002154,2026-03-01,2026-03-01
c002155,2026-03-01,2026-03-01
c002155,2026-03-01,2026-03-08
c002155,2026-03-01,2026-03-24
c002155,2026-03-01,2026-04-03
c002155,2026-03-01,2026-04-17
c002156,2026-03-01,2026-03-01
c002156,2026-03-01,2026-03-27
c002156,2026-03-01,2026-04-10
c002157,2026-03-01,2026-03-01
c002157,2026-03-01,2026-03-16
c002157,2026-03-01,2026-03-25
c002157,2026-03-01,2026-04-20
c002157,2026-03-01,2026-05-04
c002158,2026-03-01,2026-03-01
c002158,2026-03-01,2026-03-25
c002158,2026-03-01,2026-04-14
c002159,2026-03-01,2026-03-01
c002159,2026-03-01,2026-03-09
c002159,2026-03-01,2026-04-14
c002159,2026-03-01,2026-04-25
c002160,2026-03-01,2026-03-01
c002160,2026-03-01,2026-03-20
c002160,2026-03-01,2026-03-28
c002161,2026-03-01,2026-03-01
c002161,2026-03-01,2026-03-14
c002161,2026-03-01,2026-04-04
c002161,2026-03-01,2026-04-17
c002162,2026-03-01,2026-03-01
c002162,2026-03-01,2026-03-26
c002162,2026-03-01,2026-04-11
c002162,2026-03-01,2026-05-15
c002162,2026-03-01,2026-05-19
c002163,2026-03-01,2026-03-01
c002163,2026-03-01,2026-03-12
c002163,2026-03-01,2026-03-27
c002163,2026-03-01,2026-05-26
c002164,2026-03-01,2026-03-01
c002164,2026-03-01,2026-03-12
c002164,2026-03-01,2026-03-20
c002164,2026-03-01,2026-04-10
c002165,2026-03-01,2026-03-01
c002165,2026-03-01,2026-03-10
c002165,2026-03-01,2026-04-28
c002165,2026-03-01,2026-05-11
c002166,2026-03-01,2026-03-01
c002166,2026-03-01,2026-03-18
c002166,2026-03-01,2026-04-07
c002166,2026-03-01,2026-04-12
c002167,2026-03-01,2026-03-01
c002167,2026-03-01,2026-03-14
c002167,2026-03-01,2026-03-24
c002168,2026-03-01,2026-03-01
c002168,2026-03-01,2026-04-07
c002168,2026-03-01,2026-04-12
c002169,2026-03-01,2026-03-01
c002169,2026-03-01,2026-03-14
c002169,2026-03-01,2026-03-25
c002170,2026-03-01,2026-03-01
c002170,2026-03-01,2026-03-13
c002170,2026-03-01,2026-03-24
c002170,2026-03-01,2026-03-29
c002170,2026-03-01,2026-04-08
c002170,2026-03-01,2026-04-24
c002171,2026-03-01,2026-03-01
c002171,2026-03-01,2026-03-13
c002172,2026-03-01,2026-03-01
c002172,2026-03-01,2026-04-18
c002172,2026-03-01,2026-04-24
c002173,2026-03-01,2026-03-01
c002173,2026-03-01,2026-03-12
c002173,2026-03-01,2026-04-01
c002173,2026-03-01,2026-04-19
c002173,2026-03-01,2026-05-27
c002174,2026-03-01,2026-03-01
c002174,2026-03-01,2026-03-09
c002174,2026-03-01,2026-03-17
c002174,2026-03-01,2026-03-24
c002174,2026-03-01,2026-04-12
c002175,2026-03-01,2026-03-01
c002175,2026-03-01,2026-03-25
c002175,2026-03-01,2026-04-06
c002175,2026-03-01,2026-04-24
c002176,2026-03-01,2026-03-01
c002176,2026-03-01,2026-03-23
c002176,2026-03-01,2026-05-19
c002177,2026-03-01,2026-03-01
c002177,2026-03-01,2026-03-20
c002178,2026-03-01,2026-03-01
c002178,2026-03-01,2026-03-09
c002178,2026-03-01,2026-03-23
c002179,2026-03-01,2026-03-01
c002179,2026-03-01,2026-03-13
c002179,2026-03-01,2026-04-11
c002180,2026-03-01,2026-03-01
c002180,2026-03-01,2026-03-13
c002180,2026-03-01,2026-03-16
c002180,2026-03-01,2026-04-04
c002180,2026-03-01,2026-04-16
c002181,2026-03-01,2026-03-01
c002181,2026-03-01,2026-03-11
c002181,2026-03-01,2026-03-21
c002182,2026-03-01,2026-03-01
c002182,2026-03-01,2026-03-10
c002182,2026-03-01,2026-03-23
c002182,2026-03-01,2026-04-06
c002182,2026-03-01,2026-04-17
c002183,2026-03-01,2026-03-01
c002183,2026-03-01,2026-03-08
c002183,2026-03-01,2026-04-05
c002183,2026-03-01,2026-05-12
c002184,2026-03-01,2026-03-01
c002184,2026-03-01,2026-05-20
c002185,2026-03-01,2026-03-01
c002185,2026-03-01,2026-03-17
c002185,2026-03-01,2026-04-04
c002186,2026-03-01,2026-03-01
c002186,2026-03-01,2026-03-21
c002186,2026-03-01,2026-04-30
c002186,2026-03-01,2026-05-25
c002187,2026-03-01,2026-03-01
c002187,2026-03-01,2026-03-09
c002187,2026-03-01,2026-03-17
c002187,2026-03-01,2026-03-24
c002187,2026-03-01,2026-04-12
c002187,2026-03-01,2026-04-25
c002188,2026-03-01,2026-03-01
c002188,2026-03-01,2026-03-08
c002188,2026-03-01,2026-03-17
c002188,2026-03-01,2026-03-23
c002188,2026-03-01,2026-04-19
c002188,2026-03-01,2026-05-02
c002188,2026-03-01,2026-05-05
c002189,2026-03-01,2026-03-01
c002189,2026-03-01,2026-05-30
c002190,2026-03-01,2026-03-01
c002190,2026-03-01,2026-03-11
c002191,2026-03-01,2026-03-01
c002191,2026-03-01,2026-03-12
c002191,2026-03-01,2026-03-21
c002191,2026-03-01,2026-03-28
c002192,2026-03-01,2026-03-01
c002192,2026-03-01,2026-03-16
c002192,2026-03-01,2026-05-17
c002193,2026-03-01,2026-03-01
c002193,2026-03-01,2026-04-23
c002193,2026-03-01,2026-05-21
c002194,2026-03-01,2026-03-01
c002194,2026-03-01,2026-03-23
c002194,2026-03-01,2026-04-02
c002195,2026-03-01,2026-03-01
c002195,2026-03-01,2026-03-18
c002195,2026-03-01,2026-04-19
c002196,2026-03-01,2026-03-01
c002196,2026-03-01,2026-04-27
c002197,2026-03-01,2026-03-01
c002197,2026-03-01,2026-03-12
c002197,2026-03-01,2026-03-27
c002197,2026-03-01,2026-03-31
c002198,2026-03-01,2026-03-01
c002198,2026-03-01,2026-03-17
c002198,2026-03-01,2026-04-08
c002198,2026-03-01,2026-05-16
c002199,2026-03-01,2026-03-01
c002199,2026-03-01,2026-03-18
c002199,2026-03-01,2026-03-27
c002199,2026-03-01,2026-04-21
c002200,2026-03-01,2026-03-01
c002200,2026-03-01,2026-03-10
c002200,2026-03-01,2026-03-23
c002200,2026-03-01,2026-04-21
c002200,2026-03-01,2026-05-22
c002201,2026-03-01,2026-03-01
c002201,2026-03-01,2026-03-13
c002201,2026-03-01,2026-04-04
c002201,2026-03-01,2026-04-05
c002202,2026-03-01,2026-03-01
c002202,2026-03-01,2026-03-12
c002203,2026-03-01,2026-03-01
c002203,2026-03-01,2026-03-10
c002203,2026-03-01,2026-03-18
c002203,2026-03-01,2026-03-31
c002203,2026-03-01,2026-04-14
c002203,2026-03-01,2026-05-13
c002204,2026-03-01,2026-03-01
c002204,2026-03-01,2026-03-21
c002204,2026-03-01,2026-04-02
c002204,2026-03-01,2026-04-06
c002204,2026-03-01,2026-04-18
c002205,2026-03-01,2026-03-01
c002205,2026-03-01,2026-05-02
c002206,2026-03-01,2026-03-01
c002206,2026-03-01,2026-03-11
c002206,2026-03-01,2026-03-28
c002206,2026-03-01,2026-04-03
c002206,2026-03-01,2026-05-11
c002207,2026-03-01,2026-03-01
c002207,2026-03-01,2026-03-31
c002207,2026-03-01,2026-04-11
c002207,2026-03-01,2026-04-23
c002208,2026-03-01,2026-03-01
c002208,2026-03-01,2026-04-14
c002209,2026-03-01,2026-03-01
c002209,2026-03-01,2026-03-13
c002209,2026-03-01,2026-03-20
c002209,2026-03-01,2026-03-26
c002209,2026-03-01,2026-04-28
c002210,2026-03-01,2026-03-01
c002210,2026-03-01,2026-04-02
c002210,2026-03-01,2026-04-19
c002211,2026-03-01,2026-03-01
c002211,2026-03-01,2026-03-14
c002211,2026-03-01,2026-03-20
c002211,2026-03-01,2026-04-03
c002212,2026-03-01,2026-03-01
c002212,2026-03-01,2026-03-08
c002212,2026-03-01,2026-03-24
c002212,2026-03-01,2026-04-11
c002212,2026-03-01,2026-05-04
c002213,2026-03-01,2026-03-01
c002213,2026-03-01,2026-03-11
c002213,2026-03-01,2026-03-23
c002214,2026-03-01,2026-03-01
c002214,2026-03-01,2026-03-09
c002214,2026-03-01,2026-04-30
c002215,2026-03-01,2026-03-01
c002215,2026-03-01,2026-03-21
c002215,2026-03-01,2026-04-10
c002215,2026-03-01,2026-05-30
c002216,2026-03-01,2026-03-01
c002216,2026-03-01,2026-03-12
c002216,2026-03-01,2026-03-16
c002216,2026-03-01,2026-04-15
c002217,2026-03-01,2026-03-01
c002217,2026-03-01,2026-03-20
c002217,2026-03-01,2026-05-09
c002218,2026-03-01,2026-03-01
c002218,2026-03-01,2026-03-13
c002218,2026-03-01,2026-04-01
c002218,2026-03-01,2026-04-20
c002219,2026-03-01,2026-03-01
c002219,2026-03-01,2026-04-22
c002220,2026-03-01,2026-03-01
c002220,2026-03-01,2026-03-12
c002220,2026-03-01,2026-03-19
c002220,2026-03-01,2026-04-09
c002220,2026-03-01,2026-04-15
c002220,2026-03-01,2026-04-27
c002220,2026-03-01,2026-05-04
c002221,2026-03-01,2026-03-01
c002221,2026-03-01,2026-03-14
c002221,2026-03-01,2026-03-28
c002221,2026-03-01,2026-04-01
c002221,2026-03-01,2026-04-24
c002221,2026-03-01,2026-05-14
c002222,2026-03-01,2026-03-01
c002222,2026-03-01,2026-03-10
c002222,2026-03-01,2026-04-10
c002222,2026-03-01,2026-04-23
c002223,2026-03-01,2026-03-01
c002224,2026-03-01,2026-03-01
c002224,2026-03-01,2026-03-29
c002224,2026-03-01,2026-05-06
c002225,2026-03-01,2026-03-01
c002225,2026-03-01,2026-03-22
c002225,2026-03-01,2026-04-29
c002226,2026-03-01,2026-03-01
c002226,2026-03-01,2026-03-12
c002226,2026-03-01,2026-03-23
c002227,2026-03-01,2026-03-01
c002227,2026-03-01,2026-03-19
c002227,2026-03-01,2026-05-01
c002228,2026-03-01,2026-03-01
c002228,2026-03-01,2026-03-09
c002228,2026-03-01,2026-04-07
c002229,2026-03-01,2026-03-01
c002229,2026-03-01,2026-03-11
c002229,2026-03-01,2026-03-17
c002229,2026-03-01,2026-03-24
c002229,2026-03-01,2026-04-16
c002230,2026-03-01,2026-03-01
c002230,2026-03-01,2026-04-02
c002230,2026-03-01,2026-04-09
c002231,2026-03-01,2026-03-01
c002232,2026-03-01,2026-03-01
c002232,2026-03-01,2026-03-18
c002232,2026-03-01,2026-04-30
c002233,2026-03-01,2026-03-01
c002233,2026-03-01,2026-03-27
c002233,2026-03-01,2026-05-12
c002234,2026-03-01,2026-03-01
c002234,2026-03-01,2026-03-18
c002234,2026-03-01,2026-03-23
c002234,2026-03-01,2026-04-28
c002235,2026-03-01,2026-03-01
c002235,2026-03-01,2026-03-08
c002235,2026-03-01,2026-03-21
c002235,2026-03-01,2026-04-02
c002235,2026-03-01,2026-04-15
c002236,2026-03-01,2026-03-01
c002236,2026-03-01,2026-03-12
c002236,2026-03-01,2026-03-17
c002236,2026-03-01,2026-05-02
c002236,2026-03-01,2026-05-04
c002237,2026-03-01,2026-03-01
c002237,2026-03-01,2026-03-12
c002237,2026-03-01,2026-03-19
c002237,2026-03-01,2026-04-04
c002238,2026-03-01,2026-03-01
c002238,2026-03-01,2026-04-22
c002239,2026-03-01,2026-03-01
c002239,2026-03-01,2026-03-20
c002239,2026-03-01,2026-04-07
c002240,2026-03-01,2026-03-01
c002240,2026-03-01,2026-03-19
c002240,2026-03-01,2026-04-27
c002241,2026-03-01,2026-03-01
c002241,2026-03-01,2026-05-24
c002242,2026-03-01,2026-03-01
c002242,2026-03-01,2026-03-13
c002242,2026-03-01,2026-03-26
c002242,2026-03-01,2026-04-05
c002243,2026-03-01,2026-03-01
c002243,2026-03-01,2026-03-08
c002243,2026-03-01,2026-03-31
c002244,2026-03-01,2026-03-01
c002244,2026-03-01,2026-03-10
c002245,2026-03-01,2026-03-01
c002245,2026-03-01,2026-03-13
c002245,2026-03-01,2026-03-16
c002245,2026-03-01,2026-03-29
c002246,2026-03-01,2026-03-01
c002246,2026-03-01,2026-03-25
c002246,2026-03-01,2026-05-09
c002247,2026-03-01,2026-03-01
c002247,2026-03-01,2026-03-09
c002247,2026-03-01,2026-03-17
c002247,2026-03-01,2026-04-11
c002248,2026-03-01,2026-03-01
c002248,2026-03-01,2026-03-19
c002248,2026-03-01,2026-04-29
c002249,2026-03-01,2026-03-01
c002249,2026-03-01,2026-03-08
c002249,2026-03-01,2026-03-21
c002249,2026-03-01,2026-04-03
c002250,2026-03-01,2026-03-01
c002250,2026-03-01,2026-03-09
c002250,2026-03-01,2026-03-20
c002250,2026-03-01,2026-03-31
c002250,2026-03-01,2026-04-19
c002251,2026-03-01,2026-03-01
c002251,2026-03-01,2026-03-12
c002251,2026-03-01,2026-05-09
c002252,2026-03-01,2026-03-01
c002252,2026-03-01,2026-03-18
c002253,2026-03-01,2026-03-01
c002253,2026-03-01,2026-03-12
c002253,2026-03-01,2026-03-25
c002254,2026-03-01,2026-03-01
c002254,2026-03-01,2026-05-12
c002255,2026-03-01,2026-03-01
c002255,2026-03-01,2026-03-13
c002255,2026-03-01,2026-04-10
c002255,2026-03-01,2026-04-15
c002256,2026-03-01,2026-03-01
c002257,2026-03-01,2026-03-01
c002257,2026-03-01,2026-03-13
c002257,2026-03-01,2026-04-07
c002258,2026-03-01,2026-03-01
c002258,2026-03-01,2026-03-13
c002258,2026-03-01,2026-03-20
c002258,2026-03-01,2026-03-27
c002258,2026-03-01,2026-04-04
c002259,2026-03-01,2026-03-01
c002259,2026-03-01,2026-03-27
c002259,2026-03-01,2026-04-25
c002260,2026-03-01,2026-03-01
c002260,2026-03-01,2026-03-10
c002260,2026-03-01,2026-04-23
c002261,2026-03-01,2026-03-01
c002261,2026-03-01,2026-03-14
c002261,2026-03-01,2026-03-16
c002261,2026-03-01,2026-04-10
c002261,2026-03-01,2026-04-13
c002261,2026-03-01,2026-05-09
c002261,2026-03-01,2026-05-11
c002262,2026-03-01,2026-03-01
c002262,2026-03-01,2026-03-13
c002262,2026-03-01,2026-03-18
c002262,2026-03-01,2026-03-31
c002263,2026-03-01,2026-03-01
c002263,2026-03-01,2026-03-21
c002263,2026-03-01,2026-03-28
c002263,2026-03-01,2026-04-04
c002263,2026-03-01,2026-04-23
c002264,2026-03-01,2026-03-01
c002264,2026-03-01,2026-03-11
c002265,2026-03-01,2026-03-01
c002265,2026-03-01,2026-03-14
c002265,2026-03-01,2026-03-19
c002266,2026-03-01,2026-03-01
c002266,2026-03-01,2026-03-28
c002266,2026-03-01,2026-04-03
c002266,2026-03-01,2026-04-08
c002267,2026-03-01,2026-03-01
c002267,2026-03-01,2026-03-13
c002267,2026-03-01,2026-03-28
c002267,2026-03-01,2026-03-30
c002268,2026-03-01,2026-03-01
c002268,2026-03-01,2026-03-08
c002268,2026-03-01,2026-04-16
c002269,2026-03-01,2026-03-01
c002270,2026-03-01,2026-03-01
c002270,2026-03-01,2026-03-09
c002270,2026-03-01,2026-03-17
c002271,2026-03-01,2026-03-01
c002271,2026-03-01,2026-03-13
c002271,2026-03-01,2026-04-04
c002271,2026-03-01,2026-04-27
c002272,2026-03-01,2026-03-01
c002272,2026-03-01,2026-03-11
c002272,2026-03-01,2026-04-02
c002272,2026-03-01,2026-04-07
c002273,2026-03-01,2026-03-01
c002273,2026-03-01,2026-03-14
c002273,2026-03-01,2026-03-15
c002273,2026-03-01,2026-05-08
c002274,2026-03-01,2026-03-01
c002274,2026-03-01,2026-03-16
c002274,2026-03-01,2026-03-25
c002274,2026-03-01,2026-04-14
c002275,2026-03-01,2026-03-01
c002275,2026-03-01,2026-03-09
c002275,2026-03-01,2026-03-28
c002275,2026-03-01,2026-04-04
c002275,2026-03-01,2026-05-15
c002275,2026-03-01,2026-05-18
c002276,2026-03-01,2026-03-01
c002276,2026-03-01,2026-03-14
c002276,2026-03-01,2026-03-24
c002277,2026-03-01,2026-03-01
c002277,2026-03-01,2026-03-09
c002277,2026-03-01,2026-03-27
c002278,2026-03-01,2026-03-01
c002278,2026-03-01,2026-03-24
c002278,2026-03-01,2026-04-11
c002278,2026-03-01,2026-05-17
c002279,2026-03-01,2026-03-01
c002279,2026-03-01,2026-03-09
c002279,2026-03-01,2026-04-21
c002279,2026-03-01,2026-05-15
c002280,2026-03-01,2026-03-01
c002280,2026-03-01,2026-03-13
c002280,2026-03-01,2026-04-03
c002281,2026-03-01,2026-03-01
c002281,2026-03-01,2026-03-27
c002282,2026-03-01,2026-03-01
c002282,2026-03-01,2026-03-21
c002282,2026-03-01,2026-03-31
c002283,2026-03-01,2026-03-01
c002283,2026-03-01,2026-03-08
c002283,2026-03-01,2026-03-25
c002284,2026-03-01,2026-03-01
c002284,2026-03-01,2026-03-11
c002284,2026-03-01,2026-03-15
c002284,2026-03-01,2026-05-30
c002285,2026-03-01,2026-03-01
c002285,2026-03-01,2026-05-02
c002285,2026-03-01,2026-05-03
c002286,2026-03-01,2026-03-01
c002286,2026-03-01,2026-03-08
c002286,2026-03-01,2026-04-05
c002286,2026-03-01,2026-05-14
c002287,2026-03-01,2026-03-01
c002287,2026-03-01,2026-03-10
c002287,2026-03-01,2026-04-05
c002287,2026-03-01,2026-05-26
c002288,2026-03-01,2026-03-01
c002288,2026-03-01,2026-03-20
c002288,2026-03-01,2026-03-28
c002289,2026-03-01,2026-03-01
c002289,2026-03-01,2026-03-16
c002289,2026-03-01,2026-03-22
c002289,2026-03-01,2026-03-29
c002290,2026-03-01,2026-03-01
c002290,2026-03-01,2026-03-26
c002291,2026-03-01,2026-03-01
c002292,2026-03-01,2026-03-01
c002292,2026-03-01,2026-03-10
c002292,2026-03-01,2026-03-17
c002293,2026-03-01,2026-03-01
c002293,2026-03-01,2026-03-12
c002293,2026-03-01,2026-03-20
c002293,2026-03-01,2026-03-22
c002293,2026-03-01,2026-04-09
c002293,2026-03-01,2026-04-29
c002293,2026-03-01,2026-05-07
c002294,2026-03-01,2026-03-01
c002294,2026-03-01,2026-03-10
c002294,2026-03-01,2026-03-25
c002295,2026-03-01,2026-03-01
c002295,2026-03-01,2026-03-18
c002295,2026-03-01,2026-03-28
c002295,2026-03-01,2026-04-02
c002296,2026-03-01,2026-03-01
c002296,2026-03-01,2026-03-21
c002296,2026-03-01,2026-03-26
c002296,2026-03-01,2026-04-21
c002297,2026-03-01,2026-03-01
c002297,2026-03-01,2026-03-12
c002297,2026-03-01,2026-03-17
c002297,2026-03-01,2026-04-18
c002297,2026-03-01,2026-05-03
c002298,2026-03-01,2026-03-01
c002298,2026-03-01,2026-03-11
c002299,2026-03-01,2026-03-01
c002299,2026-03-01,2026-03-15
c002300,2026-03-01,2026-03-01
c002300,2026-03-01,2026-03-26
c002300,2026-03-01,2026-04-22
c002300,2026-03-01,2026-05-04
c002300,2026-03-01,2026-05-18
c002301,2026-03-01,2026-03-01
c002301,2026-03-01,2026-03-12
c002301,2026-03-01,2026-03-31
c002302,2026-03-01,2026-03-01
c002302,2026-03-01,2026-04-17
c002302,2026-03-01,2026-05-20
c002303,2026-03-01,2026-03-01
c002303,2026-03-01,2026-03-09
c002303,2026-03-01,2026-03-20
c002303,2026-03-01,2026-05-18
c002304,2026-03-01,2026-03-01
c002304,2026-03-01,2026-03-19
c002304,2026-03-01,2026-04-07
c002304,2026-03-01,2026-05-18
c002305,2026-03-01,2026-03-01
c002305,2026-03-01,2026-03-13
c002305,2026-03-01,2026-03-26
c002305,2026-03-01,2026-03-30
c002305,2026-03-01,2026-04-19
c002306,2026-03-01,2026-03-01
c002306,2026-03-01,2026-03-21
c002306,2026-03-01,2026-03-25
c002307,2026-03-01,2026-03-01
c002307,2026-03-01,2026-03-09
c002307,2026-03-01,2026-03-15
c002307,2026-03-01,2026-04-06
c002308,2026-03-01,2026-03-01
c002308,2026-03-01,2026-03-27
c002308,2026-03-01,2026-05-04
c002309,2026-03-01,2026-03-01
c002309,2026-03-01,2026-03-17
c002310,2026-03-01,2026-03-01
c002310,2026-03-01,2026-03-10
c002310,2026-03-01,2026-03-23
c002310,2026-03-01,2026-04-02
c002310,2026-03-01,2026-04-26
c002311,2026-03-01,2026-03-01
c002311,2026-03-01,2026-03-14
c002312,2026-03-01,2026-03-01
c002312,2026-03-01,2026-04-03
c002312,2026-03-01,2026-04-25
c002313,2026-03-01,2026-03-01
c002313,2026-03-01,2026-03-12
c002313,2026-03-01,2026-03-19
c002313,2026-03-01,2026-04-17
c002314,2026-03-01,2026-03-01
c002314,2026-03-01,2026-03-13
c002314,2026-03-01,2026-04-07
c002315,2026-03-01,2026-03-01
c002315,2026-03-01,2026-03-14
c002315,2026-03-01,2026-04-11
c002316,2026-03-01,2026-03-01
c002316,2026-03-01,2026-04-01
c002316,2026-03-01,2026-04-18
c002316,2026-03-01,2026-04-24
c002317,2026-03-01,2026-03-01
c002317,2026-03-01,2026-03-14
c002317,2026-03-01,2026-03-29
c002317,2026-03-01,2026-04-20
c002318,2026-03-01,2026-03-01
c002318,2026-03-01,2026-03-19
c002318,2026-03-01,2026-04-09
c002319,2026-03-01,2026-03-01
c002319,2026-03-01,2026-03-20
c002319,2026-03-01,2026-03-22
c002319,2026-03-01,2026-03-31
c002319,2026-03-01,2026-04-07
c002320,2026-03-01,2026-03-01
c002320,2026-03-01,2026-03-26
c002320,2026-03-01,2026-04-07
c002320,2026-03-01,2026-04-18
c002321,2026-03-01,2026-03-01
c002321,2026-03-01,2026-03-08
c002321,2026-03-01,2026-03-20
c002321,2026-03-01,2026-03-22
c002321,2026-03-01,2026-04-10
c002321,2026-03-01,2026-04-26
c002322,2026-03-01,2026-03-01
c002322,2026-03-01,2026-04-25
c002323,2026-03-01,2026-03-01
c002323,2026-03-01,2026-04-27
c002324,2026-03-01,2026-03-01
c002324,2026-03-01,2026-04-13
c002324,2026-03-01,2026-04-24
c002324,2026-03-01,2026-04-30
c002325,2026-03-01,2026-03-01
c002325,2026-03-01,2026-03-26
c002325,2026-03-01,2026-04-04
c002326,2026-03-01,2026-03-01
c002326,2026-03-01,2026-03-13
c002326,2026-03-01,2026-03-25
c002326,2026-03-01,2026-04-25
c002327,2026-03-01,2026-03-01
c002327,2026-03-01,2026-03-15
c002327,2026-03-01,2026-04-01
c002328,2026-03-01,2026-03-01
c002328,2026-03-01,2026-04-11
c002328,2026-03-01,2026-04-16
c002328,2026-03-01,2026-05-22
c002329,2026-03-01,2026-03-01
c002329,2026-03-01,2026-03-13
c002329,2026-03-01,2026-03-21
c002329,2026-03-01,2026-03-29
c002329,2026-03-01,2026-04-25
c002330,2026-03-01,2026-03-01
c002330,2026-03-01,2026-03-11
c002331,2026-03-01,2026-03-01
c002331,2026-03-01,2026-03-09
c002331,2026-03-01,2026-04-06
c002331,2026-03-01,2026-04-26
c002332,2026-03-08,2026-03-08
c002332,2026-03-08,2026-03-21
c002332,2026-03-08,2026-04-14
c002332,2026-03-08,2026-05-17
c002333,2026-03-08,2026-03-08
c002333,2026-03-08,2026-03-24
c002333,2026-03-08,2026-04-30
c002333,2026-03-08,2026-05-21
c002334,2026-03-08,2026-03-08
c002334,2026-03-08,2026-03-20
c002334,2026-03-08,2026-03-31
c002334,2026-03-08,2026-04-20
c002335,2026-03-08,2026-03-08
c002335,2026-03-08,2026-03-15
c002335,2026-03-08,2026-04-03
c002335,2026-03-08,2026-04-08
c002335,2026-03-08,2026-04-30
c002336,2026-03-08,2026-03-08
c002337,2026-03-08,2026-03-08
c002337,2026-03-08,2026-04-18
c002337,2026-03-08,2026-04-22
c002338,2026-03-08,2026-03-08
c002338,2026-03-08,2026-03-26
c002338,2026-03-08,2026-04-01
c002338,2026-03-08,2026-05-24
c002339,2026-03-08,2026-03-08
c002339,2026-03-08,2026-04-03
c002339,2026-03-08,2026-04-09
c002339,2026-03-08,2026-05-22
c002340,2026-03-08,2026-03-08
c002340,2026-03-08,2026-03-18
c002340,2026-03-08,2026-05-18
c002341,2026-03-08,2026-03-08
c002341,2026-03-08,2026-03-28
c002341,2026-03-08,2026-05-28
c002342,2026-03-08,2026-03-08
c002342,2026-03-08,2026-03-16
c002342,2026-03-08,2026-04-01
c002343,2026-03-08,2026-03-08
c002343,2026-03-08,2026-03-17
c002343,2026-03-08,2026-04-04
c002343,2026-03-08,2026-04-16
c002343,2026-03-08,2026-04-22
c002344,2026-03-08,2026-03-08
c002344,2026-03-08,2026-03-17
c002344,2026-03-08,2026-03-30
c002344,2026-03-08,2026-04-25
c002344,2026-03-08,2026-04-27
c002345,2026-03-08,2026-03-08
c002345,2026-03-08,2026-03-20
c002345,2026-03-08,2026-03-24
c002345,2026-03-08,2026-03-29
c002346,2026-03-08,2026-03-08
c002346,2026-03-08,2026-03-21
c002346,2026-03-08,2026-03-24
c002346,2026-03-08,2026-04-02
c002346,2026-03-08,2026-04-11
c002346,2026-03-08,2026-05-02
c002347,2026-03-08,2026-03-08
c002347,2026-03-08,2026-03-18
c002347,2026-03-08,2026-04-16
c002347,2026-03-08,2026-04-20
c002347,2026-03-08,2026-05-22
c002348,2026-03-08,2026-03-08
c002348,2026-03-08,2026-03-25
c002348,2026-03-08,2026-04-07
c002348,2026-03-08,2026-05-01
c002349,2026-03-08,2026-03-08
c002349,2026-03-08,2026-03-23
c002350,2026-03-08,2026-03-08
c002350,2026-03-08,2026-03-15
c002350,2026-03-08,2026-04-23
c002350,2026-03-08,2026-05-27
c002351,2026-03-08,2026-03-08
c002351,2026-03-08,2026-03-20
c002351,2026-03-08,2026-03-23
c002351,2026-03-08,2026-05-03
c002352,2026-03-08,2026-03-08
c002352,2026-03-08,2026-03-31
c002352,2026-03-08,2026-04-09
c002353,2026-03-08,2026-03-08
c002353,2026-03-08,2026-03-15
c002353,2026-03-08,2026-04-05
c002354,2026-03-08,2026-03-08
c002354,2026-03-08,2026-03-26
c002354,2026-03-08,2026-04-03
c002354,2026-03-08,2026-04-22
c002355,2026-03-08,2026-03-08
c002355,2026-03-08,2026-03-31
c002355,2026-03-08,2026-04-09
c002356,2026-03-08,2026-03-08
c002356,2026-03-08,2026-03-19
c002356,2026-03-08,2026-05-22
c002357,2026-03-08,2026-03-08
c002357,2026-03-08,2026-03-23
c002357,2026-03-08,2026-04-02
c002357,2026-03-08,2026-04-19
c002357,2026-03-08,2026-05-28
c002358,2026-03-08,2026-03-08
c002358,2026-03-08,2026-03-15
c002358,2026-03-08,2026-05-01
c002359,2026-03-08,2026-03-08
c002359,2026-03-08,2026-03-27
c002359,2026-03-08,2026-04-08
c002359,2026-03-08,2026-04-13
c002360,2026-03-08,2026-03-08
c002360,2026-03-08,2026-03-24
c002360,2026-03-08,2026-04-13
c002360,2026-03-08,2026-04-22
c002360,2026-03-08,2026-05-18
c002361,2026-03-08,2026-03-08
c002361,2026-03-08,2026-04-08
c002362,2026-03-08,2026-03-08
c002362,2026-03-08,2026-04-21
c002363,2026-03-08,2026-03-08
c002363,2026-03-08,2026-03-15
c002363,2026-03-08,2026-04-02
c002363,2026-03-08,2026-04-07
c002363,2026-03-08,2026-05-02
c002363,2026-03-08,2026-05-27
c002364,2026-03-08,2026-03-08
c002364,2026-03-08,2026-04-05
c002364,2026-03-08,2026-05-26
c002365,2026-03-08,2026-03-08
c002365,2026-03-08,2026-03-20
c002365,2026-03-08,2026-05-18
c002366,2026-03-08,2026-03-08
c002366,2026-03-08,2026-03-30
c002366,2026-03-08,2026-04-27
c002367,2026-03-08,2026-03-08
c002367,2026-03-08,2026-03-15
c002367,2026-03-08,2026-03-25
c002367,2026-03-08,2026-03-29
c002367,2026-03-08,2026-04-22
c002368,2026-03-08,2026-03-08
c002368,2026-03-08,2026-04-02
c002369,2026-03-08,2026-03-08
c002369,2026-03-08,2026-03-21
c002369,2026-03-08,2026-03-24
c002370,2026-03-08,2026-03-08
c002371,2026-03-08,2026-03-08
c002371,2026-03-08,2026-03-15
c002371,2026-03-08,2026-03-23
c002371,2026-03-08,2026-04-25
c002372,2026-03-08,2026-03-08
c002372,2026-03-08,2026-03-21
c002372,2026-03-08,2026-04-13
c002373,2026-03-08,2026-03-08
c002373,2026-03-08,2026-03-16
c002373,2026-03-08,2026-03-28
c002374,2026-03-08,2026-03-08
c002374,2026-03-08,2026-03-17
c002374,2026-03-08,2026-04-03
c002375,2026-03-08,2026-03-08
c002375,2026-03-08,2026-03-25
c002375,2026-03-08,2026-05-01
c002375,2026-03-08,2026-05-11
c002376,2026-03-08,2026-03-08
c002376,2026-03-08,2026-03-31
c002376,2026-03-08,2026-04-23
c002377,2026-03-08,2026-03-08
c002377,2026-03-08,2026-03-31
c002377,2026-03-08,2026-04-13
c002378,2026-03-08,2026-03-08
c002378,2026-03-08,2026-03-16
c002378,2026-03-08,2026-04-03
c002379,2026-03-08,2026-03-08
c002379,2026-03-08,2026-03-25
c002379,2026-03-08,2026-04-01
c002379,2026-03-08,2026-04-14
c002380,2026-03-08,2026-03-08
c002380,2026-03-08,2026-04-06
c002380,2026-03-08,2026-04-16
c002381,2026-03-08,2026-03-08
c002381,2026-03-08,2026-03-16
c002382,2026-03-08,2026-03-08
c002382,2026-03-08,2026-03-26
c002382,2026-03-08,2026-04-06
c002383,2026-03-08,2026-03-08
c002383,2026-03-08,2026-03-29
c002383,2026-03-08,2026-05-22
c002384,2026-03-08,2026-03-08
c002384,2026-03-08,2026-03-22
c002384,2026-03-08,2026-04-27
c002384,2026-03-08,2026-05-14
c002385,2026-03-08,2026-03-08
c002385,2026-03-08,2026-03-19
c002385,2026-03-08,2026-04-05
c002385,2026-03-08,2026-04-28
c002385,2026-03-08,2026-05-07
c002386,2026-03-08,2026-03-08
c002386,2026-03-08,2026-03-19
c002386,2026-03-08,2026-03-29
c002387,2026-03-08,2026-03-08
c002387,2026-03-08,2026-03-17
c002387,2026-03-08,2026-03-25
c002388,2026-03-08,2026-03-08
c002389,2026-03-08,2026-03-08
c002389,2026-03-08,2026-05-09
c002389,2026-03-08,2026-05-16
c002390,2026-03-08,2026-03-08
c002390,2026-03-08,2026-03-28
c002390,2026-03-08,2026-04-10
c002390,2026-03-08,2026-05-17
c002390,2026-03-08,2026-05-29
c002391,2026-03-08,2026-03-08
c002392,2026-03-08,2026-03-08
c002392,2026-03-08,2026-03-18
c002392,2026-03-08,2026-03-23
c002392,2026-03-08,2026-04-26
c002393,2026-03-08,2026-03-08
c002393,2026-03-08,2026-03-27
c002393,2026-03-08,2026-04-08
c002393,2026-03-08,2026-05-03
c002394,2026-03-08,2026-03-08
c002394,2026-03-08,2026-03-15
c002394,2026-03-08,2026-04-04
c002394,2026-03-08,2026-04-08
c002394,2026-03-08,2026-04-18
c002395,2026-03-08,2026-03-08
c002395,2026-03-08,2026-04-09
c002395,2026-03-08,2026-04-21
c002396,2026-03-08,2026-03-08
c002396,2026-03-08,2026-03-20
c002396,2026-03-08,2026-03-23
c002396,2026-03-08,2026-03-29
c002396,2026-03-08,2026-04-30
c002397,2026-03-08,2026-03-08
c002397,2026-03-08,2026-03-17
c002397,2026-03-08,2026-03-29
c002397,2026-03-08,2026-05-14
c002398,2026-03-08,2026-03-08
c002398,2026-03-08,2026-03-16
c002398,2026-03-08,2026-03-28
c002398,2026-03-08,2026-05-05
c002399,2026-03-08,2026-03-08
c002399,2026-03-08,2026-03-16
c002399,2026-03-08,2026-03-28
c002399,2026-03-08,2026-03-29
c002399,2026-03-08,2026-04-20
c002400,2026-03-08,2026-03-08
c002400,2026-03-08,2026-03-19
c002400,2026-03-08,2026-03-28
c002401,2026-03-08,2026-03-08
c002401,2026-03-08,2026-03-21
c002401,2026-03-08,2026-03-25
c002401,2026-03-08,2026-05-08
c002402,2026-03-08,2026-03-08
c002402,2026-03-08,2026-04-21
c002403,2026-03-08,2026-03-08
c002403,2026-03-08,2026-03-24
c002403,2026-03-08,2026-04-04
c002404,2026-03-08,2026-03-08
c002404,2026-03-08,2026-04-18
c002404,2026-03-08,2026-05-08
c002405,2026-03-08,2026-03-08
c002405,2026-03-08,2026-03-18
c002405,2026-03-08,2026-03-29
c002405,2026-03-08,2026-04-09
c002405,2026-03-08,2026-04-25
c002405,2026-03-08,2026-04-28
c002406,2026-03-08,2026-03-08
c002406,2026-03-08,2026-03-26
c002406,2026-03-08,2026-04-23
c002406,2026-03-08,2026-05-25
c002407,2026-03-08,2026-03-08
c002407,2026-03-08,2026-05-09
c002408,2026-03-08,2026-03-08
c002408,2026-03-08,2026-03-16
c002408,2026-03-08,2026-04-05
c002408,2026-03-08,2026-05-21
c002409,2026-03-08,2026-03-08
c002409,2026-03-08,2026-03-18
c002409,2026-03-08,2026-03-28
c002409,2026-03-08,2026-04-18
c002409,2026-03-08,2026-05-02
c002409,2026-03-08,2026-05-23
c002410,2026-03-08,2026-03-08
c002410,2026-03-08,2026-03-28
c002410,2026-03-08,2026-04-03
c002410,2026-03-08,2026-05-06
c002411,2026-03-08,2026-03-08
c002411,2026-03-08,2026-03-22
c002412,2026-03-08,2026-03-08
c002412,2026-03-08,2026-03-18
c002412,2026-03-08,2026-04-02
c002412,2026-03-08,2026-04-13
c002413,2026-03-08,2026-03-08
c002413,2026-03-08,2026-04-12
c002413,2026-03-08,2026-04-21
c002413,2026-03-08,2026-05-04
c002414,2026-03-08,2026-03-08
c002414,2026-03-08,2026-03-23
c002415,2026-03-08,2026-03-08
c002415,2026-03-08,2026-03-15
c002415,2026-03-08,2026-04-17
c002415,2026-03-08,2026-05-04
c002416,2026-03-08,2026-03-08
c002416,2026-03-08,2026-03-24
c002416,2026-03-08,2026-04-12
c002417,2026-03-08,2026-03-08
c002417,2026-03-08,2026-04-08
c002417,2026-03-08,2026-05-18
c002418,2026-03-08,2026-03-08
c002418,2026-03-08,2026-03-18
c002418,2026-03-08,2026-03-24
c002418,2026-03-08,2026-04-01
c002418,2026-03-08,2026-04-18
c002418,2026-03-08,2026-05-02
c002419,2026-03-08,2026-03-08
c002419,2026-03-08,2026-03-19
c002419,2026-03-08,2026-04-01
c002419,2026-03-08,2026-04-25
c002419,2026-03-08,2026-05-02
c002419,2026-03-08,2026-05-09
c002420,2026-03-08,2026-03-08
c002420,2026-03-08,2026-04-05
c002420,2026-03-08,2026-04-22
c002421,2026-03-08,2026-03-08
c002421,2026-03-08,2026-03-18
c002421,2026-03-08,2026-04-17
c002421,2026-03-08,2026-04-27
c002422,2026-03-08,2026-03-08
c002422,2026-03-08,2026-03-16
c002422,2026-03-08,2026-03-28
c002422,2026-03-08,2026-04-05
c002422,2026-03-08,2026-04-14
c002423,2026-03-08,2026-03-08
c002423,2026-03-08,2026-03-18
c002423,2026-03-08,2026-03-23
c002424,2026-03-08,2026-03-08
c002424,2026-03-08,2026-03-24
c002424,2026-03-08,2026-04-25
c002425,2026-03-08,2026-03-08
c002425,2026-03-08,2026-03-27
c002425,2026-03-08,2026-05-03
c002426,2026-03-08,2026-03-08
c002427,2026-03-08,2026-03-08
c002427,2026-03-08,2026-03-27
c002427,2026-03-08,2026-04-03
c002428,2026-03-08,2026-03-08
c002428,2026-03-08,2026-03-20
c002428,2026-03-08,2026-03-25
c002428,2026-03-08,2026-04-05
c002428,2026-03-08,2026-05-11
c002429,2026-03-08,2026-03-08
c002429,2026-03-08,2026-03-16
c002429,2026-03-08,2026-03-26
c002429,2026-03-08,2026-04-08
c002430,2026-03-08,2026-03-08
c002430,2026-03-08,2026-04-11
c002430,2026-03-08,2026-04-29
c002430,2026-03-08,2026-05-16
c002431,2026-03-08,2026-03-08
c002431,2026-03-08,2026-03-24
c002432,2026-03-08,2026-03-08
c002432,2026-03-08,2026-03-15
c002432,2026-03-08,2026-04-02
c002432,2026-03-08,2026-04-10
c002432,2026-03-08,2026-04-25
c002432,2026-03-08,2026-05-05
c002433,2026-03-08,2026-03-08
c002433,2026-03-08,2026-03-18
c002433,2026-03-08,2026-03-31
c002433,2026-03-08,2026-04-15
c002433,2026-03-08,2026-04-23
c002434,2026-03-08,2026-03-08
c002434,2026-03-08,2026-03-16
c002434,2026-03-08,2026-04-03
c002434,2026-03-08,2026-04-24
c002434,2026-03-08,2026-05-13
c002435,2026-03-08,2026-03-08
c002435,2026-03-08,2026-03-21
c002435,2026-03-08,2026-03-27
c002435,2026-03-08,2026-04-21
c002435,2026-03-08,2026-05-16
c002436,2026-03-08,2026-03-08
c002436,2026-03-08,2026-03-24
c002436,2026-03-08,2026-04-20
c002437,2026-03-08,2026-03-08
c002437,2026-03-08,2026-03-16
c002437,2026-03-08,2026-04-22
c002438,2026-03-08,2026-03-08
c002438,2026-03-08,2026-03-26
c002438,2026-03-08,2026-04-22
c002438,2026-03-08,2026-05-20
c002439,2026-03-08,2026-03-08
c002439,2026-03-08,2026-03-19
c002439,2026-03-08,2026-03-29
c002439,2026-03-08,2026-04-28
c002439,2026-03-08,2026-05-17
c002440,2026-03-08,2026-03-08
c002440,2026-03-08,2026-03-25
c002440,2026-03-08,2026-04-03
c002440,2026-03-08,2026-04-11
c002440,2026-03-08,2026-05-02
c002441,2026-03-08,2026-03-08
c002441,2026-03-08,2026-03-16
c002441,2026-03-08,2026-03-22
c002441,2026-03-08,2026-04-08
c002442,2026-03-08,2026-03-08
c002442,2026-03-08,2026-03-22
c002442,2026-03-08,2026-04-14
c002443,2026-03-08,2026-03-08
c002443,2026-03-08,2026-03-22
c002443,2026-03-08,2026-04-28
c002444,2026-03-08,2026-03-08
c002444,2026-03-08,2026-03-19
c002444,2026-03-08,2026-04-01
c002444,2026-03-08,2026-04-11
c002444,2026-03-08,2026-04-13
c002444,2026-03-08,2026-05-22
c002445,2026-03-08,2026-03-08
c002445,2026-03-08,2026-03-31
c002446,2026-03-08,2026-03-08
c002446,2026-03-08,2026-03-23
c002446,2026-03-08,2026-03-29
c002446,2026-03-08,2026-04-07
c002446,2026-03-08,2026-04-13
c002446,2026-03-08,2026-05-02
c002447,2026-03-08,2026-03-08
c002447,2026-03-08,2026-03-16
c002447,2026-03-08,2026-03-22
c002447,2026-03-08,2026-04-01
c002448,2026-03-08,2026-03-08
c002448,2026-03-08,2026-03-21
c002448,2026-03-08,2026-03-22
c002449,2026-03-08,2026-03-08
c002449,2026-03-08,2026-03-25
c002449,2026-03-08,2026-04-02
c002449,2026-03-08,2026-04-17
c002449,2026-03-08,2026-04-23
c002449,2026-03-08,2026-05-29
c002450,2026-03-08,2026-03-08
c002450,2026-03-08,2026-03-24
c002450,2026-03-08,2026-04-26
c002450,2026-03-08,2026-05-08
c002451,2026-03-08,2026-03-08
c002451,2026-03-08,2026-04-03
c002451,2026-03-08,2026-04-30
c002452,2026-03-08,2026-03-08
c002452,2026-03-08,2026-03-20
c002453,2026-03-08,2026-03-08
c002453,2026-03-08,2026-03-17
c002453,2026-03-08,2026-04-01
c002454,2026-03-08,2026-03-08
c002454,2026-03-08,2026-03-25
c002454,2026-03-08,2026-04-03
c002454,2026-03-08,2026-04-10
c002454,2026-03-08,2026-05-02
c002455,2026-03-08,2026-03-08
c002455,2026-03-08,2026-03-17
c002456,2026-03-08,2026-03-08
c002456,2026-03-08,2026-04-04
c002457,2026-03-08,2026-03-08
c002457,2026-03-08,2026-03-17
c002457,2026-03-08,2026-04-01
c002457,2026-03-08,2026-04-29
c002458,2026-03-08,2026-03-08
c002458,2026-03-08,2026-03-27
c002458,2026-03-08,2026-04-19
c002459,2026-03-08,2026-03-08
c002459,2026-03-08,2026-03-16
c002459,2026-03-08,2026-03-27
c002459,2026-03-08,2026-04-05
c002460,2026-03-08,2026-03-08
c002461,2026-03-08,2026-03-08
c002461,2026-03-08,2026-03-15
c002461,2026-03-08,2026-04-08
c002461,2026-03-08,2026-04-17
c002461,2026-03-08,2026-05-11
c002462,2026-03-08,2026-03-08
c002462,2026-03-08,2026-03-21
c002462,2026-03-08,2026-04-08
c002462,2026-03-08,2026-04-29
c002463,2026-03-08,2026-03-08
c002463,2026-03-08,2026-03-18
c002463,2026-03-08,2026-04-13
c002464,2026-03-08,2026-03-08
c002464,2026-03-08,2026-03-24
c002464,2026-03-08,2026-03-31
c002464,2026-03-08,2026-04-13
c002465,2026-03-08,2026-03-08
c002465,2026-03-08,2026-03-21
c002465,2026-03-08,2026-03-27
c002466,2026-03-08,2026-03-08
c002466,2026-03-08,2026-03-25
c002467,2026-03-08,2026-03-08
c002467,2026-03-08,2026-03-22
c002467,2026-03-08,2026-04-04
c002467,2026-03-08,2026-05-16
c002467,2026-03-08,2026-05-19
c002468,2026-03-08,2026-03-08
c002468,2026-03-08,2026-03-28
c002468,2026-03-08,2026-04-20
c002468,2026-03-08,2026-05-03
c002469,2026-03-08,2026-03-08
c002469,2026-03-08,2026-03-25
c002469,2026-03-08,2026-05-17
c002469,2026-03-08,2026-05-27
c002470,2026-03-08,2026-03-08
c002470,2026-03-08,2026-03-25
c002470,2026-03-08,2026-04-02
c002470,2026-03-08,2026-04-10
c002470,2026-03-08,2026-04-19
c002471,2026-03-08,2026-03-08
c002471,2026-03-08,2026-03-19
c002471,2026-03-08,2026-04-02
c002471,2026-03-08,2026-04-20
c002471,2026-03-08,2026-05-07
c002472,2026-03-08,2026-03-08
c002472,2026-03-08,2026-04-05
c002473,2026-03-08,2026-03-08
c002473,2026-03-08,2026-03-16
c002473,2026-03-08,2026-03-28
c002473,2026-03-08,2026-04-02
c002473,2026-03-08,2026-05-16
c002474,2026-03-08,2026-03-08
c002474,2026-03-08,2026-03-20
c002474,2026-03-08,2026-04-15
c002474,2026-03-08,2026-04-21
c002475,2026-03-08,2026-03-08
c002475,2026-03-08,2026-03-19
c002475,2026-03-08,2026-03-23
c002475,2026-03-08,2026-05-13
c002476,2026-03-08,2026-03-08
c002476,2026-03-08,2026-03-19
c002477,2026-03-08,2026-03-08
c002477,2026-03-08,2026-03-28
c002478,2026-03-08,2026-03-08
c002478,2026-03-08,2026-04-01
c002478,2026-03-08,2026-04-06
c002479,2026-03-08,2026-03-08
c002479,2026-03-08,2026-04-30
c002479,2026-03-08,2026-05-22
c002479,2026-03-08,2026-05-24
c002480,2026-03-08,2026-03-08
c002480,2026-03-08,2026-03-18
c002480,2026-03-08,2026-04-04
c002480,2026-03-08,2026-04-06
c002481,2026-03-08,2026-03-08
c002481,2026-03-08,2026-03-17
c002481,2026-03-08,2026-03-28
c002481,2026-03-08,2026-04-01
c002481,2026-03-08,2026-04-07
c002482,2026-03-08,2026-03-08
c002482,2026-03-08,2026-03-24
c002483,2026-03-08,2026-03-08
c002483,2026-03-08,2026-03-19
c002483,2026-03-08,2026-04-07
c002483,2026-03-08,2026-04-23
c002484,2026-03-08,2026-03-08
c002484,2026-03-08,2026-04-27
c002484,2026-03-08,2026-05-12
c002484,2026-03-08,2026-05-18
c002485,2026-03-08,2026-03-08
c002485,2026-03-08,2026-04-28
c002486,2026-03-08,2026-03-08
c002487,2026-03-08,2026-03-08
c002487,2026-03-08,2026-03-17
c002487,2026-03-08,2026-05-09
c002488,2026-03-08,2026-03-08
c002488,2026-03-08,2026-03-16
c002488,2026-03-08,2026-04-06
c002488,2026-03-08,2026-04-18
c002489,2026-03-08,2026-03-08
c002489,2026-03-08,2026-04-23
c002490,2026-03-08,2026-03-08
c002490,2026-03-08,2026-03-21
c002490,2026-03-08,2026-03-26
c002490,2026-03-08,2026-04-06
c002491,2026-03-08,2026-03-08
c002491,2026-03-08,2026-03-20
c002491,2026-03-08,2026-03-27
c002491,2026-03-08,2026-04-25
c002491,2026-03-08,2026-05-17
c002492,2026-03-08,2026-03-08
c002492,2026-03-08,2026-03-28
c002492,2026-03-08,2026-04-02
c002492,2026-03-08,2026-04-10
c002492,2026-03-08,2026-05-06
c002493,2026-03-08,2026-03-08
c002493,2026-03-08,2026-03-19
c002493,2026-03-08,2026-04-12
c002493,2026-03-08,2026-04-30
c002494,2026-03-08,2026-03-08
c002494,2026-03-08,2026-03-17
c002494,2026-03-08,2026-03-24
c002494,2026-03-08,2026-03-29
c002494,2026-03-08,2026-04-15
c002494,2026-03-08,2026-04-27
c002494,2026-03-08,2026-05-05
c002495,2026-03-08,2026-03-08
c002495,2026-03-08,2026-03-17
c002495,2026-03-08,2026-04-11
c002496,2026-03-08,2026-03-08
c002496,2026-03-08,2026-03-20
c002496,2026-03-08,2026-03-26
c002497,2026-03-08,2026-03-08
c002497,2026-03-08,2026-03-15
c002497,2026-03-08,2026-03-27
c002498,2026-03-08,2026-03-08
c002498,2026-03-08,2026-03-27
c002498,2026-03-08,2026-03-31
c002498,2026-03-08,2026-04-08
c002499,2026-03-08,2026-03-08
c002499,2026-03-08,2026-03-21
c002499,2026-03-08,2026-05-01
c002499,2026-03-08,2026-05-20
c002500,2026-03-08,2026-03-08
c002500,2026-03-08,2026-03-21
c002500,2026-03-08,2026-04-13
c002500,2026-03-08,2026-04-25
c002501,2026-03-08,2026-03-08
c002501,2026-03-08,2026-03-19
c002501,2026-03-08,2026-03-23
c002502,2026-03-08,2026-03-08
c002502,2026-03-08,2026-03-23
c002502,2026-03-08,2026-04-02
c002503,2026-03-08,2026-03-08
c002503,2026-03-08,2026-03-23
c002503,2026-03-08,2026-04-08
c002503,2026-03-08,2026-05-15
c002504,2026-03-08,2026-03-08
c002504,2026-03-08,2026-03-27
c002504,2026-03-08,2026-03-30
c002505,2026-03-08,2026-03-08
c002505,2026-03-08,2026-04-09
c002505,2026-03-08,2026-04-19
c002505,2026-03-08,2026-05-14
c002506,2026-03-08,2026-03-08
c002506,2026-03-08,2026-03-21
c002506,2026-03-08,2026-04-23
c002507,2026-03-08,2026-03-08
c002507,2026-03-08,2026-03-24
c002507,2026-03-08,2026-04-18
c002508,2026-03-08,2026-03-08
c002508,2026-03-08,2026-04-08
c002508,2026-03-08,2026-05-22
c002509,2026-03-08,2026-03-08
c002509,2026-03-08,2026-03-26
c002509,2026-03-08,2026-04-19
c002510,2026-03-08,2026-03-08
c002510,2026-03-08,2026-03-15
c002510,2026-03-08,2026-04-11
c002510,2026-03-08,2026-05-06
c002511,2026-03-08,2026-03-08
c002511,2026-03-08,2026-03-18
c002511,2026-03-08,2026-05-15
c002512,2026-03-08,2026-03-08
c002512,2026-03-08,2026-03-20
c002512,2026-03-08,2026-03-28
c002513,2026-03-08,2026-03-08
c002513,2026-03-08,2026-03-16
c002513,2026-03-08,2026-03-22
c002513,2026-03-08,2026-05-05
c002514,2026-03-08,2026-03-08
c002514,2026-03-08,2026-03-16
c002514,2026-03-08,2026-03-30
c002514,2026-03-08,2026-05-02
c002514,2026-03-08,2026-05-17
c002515,2026-03-08,2026-03-08
c002515,2026-03-08,2026-03-15
c002515,2026-03-08,2026-04-01
c002515,2026-03-08,2026-04-16
c002515,2026-03-08,2026-04-26
c002516,2026-03-08,2026-03-08
c002516,2026-03-08,2026-03-19
c002516,2026-03-08,2026-04-02
c002516,2026-03-08,2026-05-21
c002516,2026-03-08,2026-05-30
c002517,2026-03-08,2026-03-08
c002517,2026-03-08,2026-03-16
c002517,2026-03-08,2026-04-19
c002517,2026-03-08,2026-05-23
c002518,2026-03-08,2026-03-08
c002518,2026-03-08,2026-03-17
c002519,2026-03-08,2026-03-08
c002519,2026-03-08,2026-03-19
c002519,2026-03-08,2026-05-05
c002519,2026-03-08,2026-05-20
c002520,2026-03-08,2026-03-08
c002520,2026-03-08,2026-03-19
c002520,2026-03-08,2026-03-25
c002520,2026-03-08,2026-04-01
c002520,2026-03-08,2026-05-03
c002521,2026-03-08,2026-03-08
c002521,2026-03-08,2026-03-18
c002521,2026-03-08,2026-04-03
c002521,2026-03-08,2026-04-05
c002522,2026-03-08,2026-03-08
c002522,2026-03-08,2026-03-15
c002522,2026-03-08,2026-04-14
c002523,2026-03-08,2026-03-08
c002523,2026-03-08,2026-03-28
c002523,2026-03-08,2026-03-29
c002524,2026-03-08,2026-03-08
c002524,2026-03-08,2026-03-28
c002525,2026-03-08,2026-03-08
c002525,2026-03-08,2026-04-13
c002526,2026-03-08,2026-03-08
c002526,2026-03-08,2026-03-21
c002526,2026-03-08,2026-03-22
c002527,2026-03-08,2026-03-08
c002527,2026-03-08,2026-03-18
c002527,2026-03-08,2026-04-09
c002527,2026-03-08,2026-04-14
c002527,2026-03-08,2026-04-27
c002528,2026-03-08,2026-03-08
c002529,2026-03-08,2026-03-08
c002529,2026-03-08,2026-03-21
c002529,2026-03-08,2026-03-24
c002529,2026-03-08,2026-04-09
c002529,2026-03-08,2026-04-20
c002530,2026-03-08,2026-03-08
c002530,2026-03-08,2026-03-16
c002530,2026-03-08,2026-03-28
c002531,2026-03-08,2026-03-08
c002531,2026-03-08,2026-03-26
c002531,2026-03-08,2026-03-29
c002532,2026-03-08,2026-03-08
c002532,2026-03-08,2026-03-21
c002532,2026-03-08,2026-03-27
c002533,2026-03-08,2026-03-08
c002533,2026-03-08,2026-03-29
c002533,2026-03-08,2026-04-22
c002534,2026-03-08,2026-03-08
c002534,2026-03-08,2026-03-18
c002534,2026-03-08,2026-03-27
c002534,2026-03-08,2026-04-16
c002535,2026-03-08,2026-03-08
c002535,2026-03-08,2026-03-28
c002536,2026-03-08,2026-03-08
c002536,2026-03-08,2026-03-17
c002536,2026-03-08,2026-04-08
c002537,2026-03-08,2026-03-08
c002537,2026-03-08,2026-03-16
c002537,2026-03-08,2026-03-24
c002537,2026-03-08,2026-04-04
c002537,2026-03-08,2026-04-25
c002538,2026-03-08,2026-03-08
c002538,2026-03-08,2026-03-20
c002538,2026-03-08,2026-03-25
c002538,2026-03-08,2026-03-29
c002538,2026-03-08,2026-04-13
c002539,2026-03-08,2026-03-08
c002539,2026-03-08,2026-04-07
c002539,2026-03-08,2026-05-10
c002540,2026-03-08,2026-03-08
c002540,2026-03-08,2026-03-20
c002540,2026-03-08,2026-03-24
c002540,2026-03-08,2026-04-06
c002540,2026-03-08,2026-05-17
c002541,2026-03-08,2026-03-08
c002541,2026-03-08,2026-03-19
c002541,2026-03-08,2026-04-02
c002541,2026-03-08,2026-04-11
c002541,2026-03-08,2026-04-25
c002541,2026-03-08,2026-05-12
c002542,2026-03-08,2026-03-08
c002542,2026-03-08,2026-03-20
c002542,2026-03-08,2026-03-31
c002543,2026-03-08,2026-03-08
c002543,2026-03-08,2026-04-01
c002544,2026-03-08,2026-03-08
c002544,2026-03-08,2026-03-22
c002544,2026-03-08,2026-05-12
c002544,2026-03-08,2026-05-29
c002545,2026-03-08,2026-03-08
c002545,2026-03-08,2026-03-19
c002545,2026-03-08,2026-03-25
c002546,2026-03-08,2026-03-08
c002546,2026-03-08,2026-04-02
c002546,2026-03-08,2026-04-05
c002546,2026-03-08,2026-04-17
c002546,2026-03-08,2026-05-02
c002547,2026-03-08,2026-03-08
c002547,2026-03-08,2026-03-20
c002547,2026-03-08,2026-04-03
c002547,2026-03-08,2026-04-27
c002548,2026-03-08,2026-03-08
c002548,2026-03-08,2026-04-04
c002549,2026-03-08,2026-03-08
c002549,2026-03-08,2026-03-23
c002549,2026-03-08,2026-04-03
c002549,2026-03-08,2026-04-11
c002549,2026-03-08,2026-05-03
c002549,2026-03-08,2026-05-15
c002550,2026-03-08,2026-03-08
c002550,2026-03-08,2026-03-16
c002550,2026-03-08,2026-04-01
c002551,2026-03-08,2026-03-08
c002551,2026-03-08,2026-03-24
c002552,2026-03-08,2026-03-08
c002552,2026-03-08,2026-03-27
c002552,2026-03-08,2026-04-02
c002552,2026-03-08,2026-04-12
c002552,2026-03-08,2026-05-24
c002553,2026-03-08,2026-03-08
c002553,2026-03-08,2026-03-16
c002553,2026-03-08,2026-03-25
c002553,2026-03-08,2026-04-04
c002553,2026-03-08,2026-04-16
c002554,2026-03-08,2026-03-08
c002554,2026-03-08,2026-03-15
c002554,2026-03-08,2026-03-27
c002555,2026-03-08,2026-03-08
c002555,2026-03-08,2026-03-28
c002555,2026-03-08,2026-04-11
c002555,2026-03-08,2026-04-13
c002555,2026-03-08,2026-05-16
c002556,2026-03-08,2026-03-08
c002556,2026-03-08,2026-03-21
c002556,2026-03-08,2026-03-30
c002556,2026-03-08,2026-04-15
c002556,2026-03-08,2026-05-17
c002557,2026-03-08,2026-03-08
c002557,2026-03-08,2026-03-19
c002557,2026-03-08,2026-04-13
c002557,2026-03-08,2026-04-22
c002558,2026-03-08,2026-03-08
c002558,2026-03-08,2026-03-21
c002558,2026-03-08,2026-03-28
c002558,2026-03-08,2026-04-08
c002559,2026-03-08,2026-03-08
c002559,2026-03-08,2026-03-19
c002559,2026-03-08,2026-03-25
c002559,2026-03-08,2026-05-15
c002560,2026-03-08,2026-03-08
c002560,2026-03-08,2026-03-19
c002560,2026-03-08,2026-04-01
c002560,2026-03-08,2026-04-05
c002561,2026-03-08,2026-03-08
c002561,2026-03-08,2026-03-18
c002562,2026-03-08,2026-03-08
c002562,2026-03-08,2026-03-20
c002563,2026-03-08,2026-03-08
c002563,2026-03-08,2026-03-28
c002563,2026-03-08,2026-04-02
c002563,2026-03-08,2026-04-07
c002564,2026-03-08,2026-03-08
c002564,2026-03-08,2026-03-25
c002565,2026-03-08,2026-03-08
c002565,2026-03-08,2026-03-19
c002565,2026-03-08,2026-03-24
c002565,2026-03-08,2026-04-01
c002566,2026-03-08,2026-03-08
c002566,2026-03-08,2026-04-17
c002566,2026-03-08,2026-04-26
c002567,2026-03-08,2026-03-08
c002567,2026-03-08,2026-03-22
c002567,2026-03-08,2026-04-04
c002568,2026-03-08,2026-03-08
c002568,2026-03-08,2026-03-25
c002568,2026-03-08,2026-04-04
c002568,2026-03-08,2026-04-05
c002568,2026-03-08,2026-05-01
c002569,2026-03-08,2026-03-08
c002569,2026-03-08,2026-04-01
c002569,2026-03-08,2026-05-09
c002570,2026-03-08,2026-03-08
c002570,2026-03-08,2026-03-23
c002570,2026-03-08,2026-04-04
c002570,2026-03-08,2026-05-03
c002570,2026-03-08,2026-05-21
c002571,2026-03-08,2026-03-08
c002571,2026-03-08,2026-04-21
c002572,2026-03-08,2026-03-08
c002572,2026-03-08,2026-03-19
c002572,2026-03-08,2026-04-14
c002573,2026-03-08,2026-03-08
c002573,2026-03-08,2026-03-17
c002574,2026-03-08,2026-03-08
c002574,2026-03-08,2026-03-17
c002574,2026-03-08,2026-04-01
c002575,2026-03-08,2026-03-08
c002576,2026-03-08,2026-03-08
c002576,2026-03-08,2026-03-21
c002576,2026-03-08,2026-04-04
c002576,2026-03-08,2026-04-10
c002577,2026-03-08,2026-03-08
c002577,2026-03-08,2026-04-18
c002578,2026-03-08,2026-03-08
c002578,2026-03-08,2026-03-26
c002578,2026-03-08,2026-05-11
c002579,2026-03-08,2026-03-08
c002579,2026-03-08,2026-03-18
c002579,2026-03-08,2026-04-14
c002579,2026-03-08,2026-04-20
c002579,2026-03-08,2026-05-03
c002580,2026-03-08,2026-03-08
c002580,2026-03-08,2026-03-26
c002580,2026-03-08,2026-05-05
c002581,2026-03-08,2026-03-08
c002581,2026-03-08,2026-03-16
c002581,2026-03-08,2026-04-04
c002581,2026-03-08,2026-04-05
c002582,2026-03-08,2026-03-08
c002582,2026-03-08,2026-03-15
c002582,2026-03-08,2026-04-19
c002582,2026-03-08,2026-05-31
c002583,2026-03-08,2026-03-08
c002583,2026-03-08,2026-03-18
c002583,2026-03-08,2026-03-22
c002584,2026-03-08,2026-03-08
c002584,2026-03-08,2026-03-15
c002584,2026-03-08,2026-03-27
c002584,2026-03-08,2026-04-20
c002585,2026-03-08,2026-03-08
c002585,2026-03-08,2026-03-21
c002585,2026-03-08,2026-03-28
c002585,2026-03-08,2026-03-30
c002585,2026-03-08,2026-04-14
c002585,2026-03-08,2026-05-01
c002586,2026-03-15,2026-03-15
c002586,2026-03-15,2026-03-25
c002586,2026-03-15,2026-04-04
c002586,2026-03-15,2026-04-10
c002587,2026-03-15,2026-03-15
c002587,2026-03-15,2026-04-05
c002587,2026-03-15,2026-04-16
c002588,2026-03-15,2026-03-15
c002589,2026-03-15,2026-03-15
c002589,2026-03-15,2026-03-28
c002589,2026-03-15,2026-04-08
c002589,2026-03-15,2026-04-12
c002589,2026-03-15,2026-04-27
c002589,2026-03-15,2026-05-09
c002590,2026-03-15,2026-03-15
c002590,2026-03-15,2026-03-26
c002590,2026-03-15,2026-03-30
c002590,2026-03-15,2026-05-09
c002590,2026-03-15,2026-05-17
c002591,2026-03-15,2026-03-15
c002591,2026-03-15,2026-03-25
c002591,2026-03-15,2026-04-09
c002592,2026-03-15,2026-03-15
c002592,2026-03-15,2026-04-04
c002592,2026-03-15,2026-04-09
c002592,2026-03-15,2026-04-17
c002592,2026-03-15,2026-05-29
c002593,2026-03-15,2026-03-15
c002594,2026-03-15,2026-03-15
c002594,2026-03-15,2026-03-28
c002594,2026-03-15,2026-04-04
c002594,2026-03-15,2026-04-15
c002594,2026-03-15,2026-05-04
c002595,2026-03-15,2026-03-15
c002595,2026-03-15,2026-03-26
c002595,2026-03-15,2026-03-31
c002595,2026-03-15,2026-04-06
c002595,2026-03-15,2026-04-18
c002595,2026-03-15,2026-04-28
c002595,2026-03-15,2026-05-25
c002596,2026-03-15,2026-03-15
c002596,2026-03-15,2026-03-27
c002596,2026-03-15,2026-04-14
c002596,2026-03-15,2026-04-27
c002597,2026-03-15,2026-03-15
c002597,2026-03-15,2026-03-23
c002597,2026-03-15,2026-04-03
c002598,2026-03-15,2026-03-15
c002598,2026-03-15,2026-03-25
c002598,2026-03-15,2026-04-25
c002598,2026-03-15,2026-05-05
c002599,2026-03-15,2026-03-15
c002599,2026-03-15,2026-03-28
c002599,2026-03-15,2026-03-30
c002599,2026-03-15,2026-04-09
c002599,2026-03-15,2026-04-17
c002600,2026-03-15,2026-03-15
c002600,2026-03-15,2026-03-25
c002600,2026-03-15,2026-04-04
c002601,2026-03-15,2026-03-15
c002601,2026-03-15,2026-03-27
c002601,2026-03-15,2026-04-15
c002602,2026-03-15,2026-03-15
c002602,2026-03-15,2026-04-07
c002602,2026-03-15,2026-04-13
c002603,2026-03-15,2026-03-15
c002603,2026-03-15,2026-04-03
c002603,2026-03-15,2026-04-19
c002603,2026-03-15,2026-05-20
c002604,2026-03-15,2026-03-15
c002604,2026-03-15,2026-04-04
c002605,2026-03-15,2026-03-15
c002605,2026-03-15,2026-04-18
c002605,2026-03-15,2026-04-19
c002606,2026-03-15,2026-03-15
c002606,2026-03-15,2026-04-03
c002606,2026-03-15,2026-04-24
c002606,2026-03-15,2026-05-18
c002607,2026-03-15,2026-03-15
c002607,2026-03-15,2026-04-19
c002608,2026-03-15,2026-03-15
c002608,2026-03-15,2026-04-01
c002608,2026-03-15,2026-04-21
c002609,2026-03-15,2026-03-15
c002609,2026-03-15,2026-04-02
c002609,2026-03-15,2026-04-20
c002610,2026-03-15,2026-03-15
c002610,2026-03-15,2026-03-22
c002610,2026-03-15,2026-03-29
c002610,2026-03-15,2026-05-06
c002611,2026-03-15,2026-03-15
c002611,2026-03-15,2026-03-27
c002611,2026-03-15,2026-04-18
c002612,2026-03-15,2026-03-15
c002612,2026-03-15,2026-03-30
c002612,2026-03-15,2026-04-25
c002612,2026-03-15,2026-05-07
c002613,2026-03-15,2026-03-15
c002613,2026-03-15,2026-03-22
c002613,2026-03-15,2026-04-02
c002613,2026-03-15,2026-04-15
c002613,2026-03-15,2026-05-05
c002614,2026-03-15,2026-03-15
c002614,2026-03-15,2026-03-30
c002614,2026-03-15,2026-04-16
c002615,2026-03-15,2026-03-15
c002615,2026-03-15,2026-04-19
c002615,2026-03-15,2026-05-05
c002616,2026-03-15,2026-03-15
c002616,2026-03-15,2026-04-04
c002616,2026-03-15,2026-04-19
c002617,2026-03-15,2026-03-15
c002617,2026-03-15,2026-03-28
c002617,2026-03-15,2026-03-29
c002617,2026-03-15,2026-04-13
c002617,2026-03-15,2026-05-06
c002618,2026-03-15,2026-03-15
c002618,2026-03-15,2026-04-08
c002619,2026-03-15,2026-03-15
c002619,2026-03-15,2026-03-26
c002619,2026-03-15,2026-04-09
c002619,2026-03-15,2026-04-25
c002619,2026-03-15,2026-05-01
c002620,2026-03-15,2026-03-15
c002620,2026-03-15,2026-03-24
c002620,2026-03-15,2026-05-29
c002621,2026-03-15,2026-03-15
c002621,2026-03-15,2026-03-26
c002621,2026-03-15,2026-04-05
c002621,2026-03-15,2026-05-21
c002622,2026-03-15,2026-03-15
c002622,2026-03-15,2026-03-22
c002622,2026-03-15,2026-04-02
c002622,2026-03-15,2026-05-01
c002623,2026-03-15,2026-03-15
c002623,2026-03-15,2026-04-16
c002623,2026-03-15,2026-04-22
c002624,2026-03-15,2026-03-15
c002624,2026-03-15,2026-03-23
c002624,2026-03-15,2026-04-09
c002624,2026-03-15,2026-05-09
c002625,2026-03-15,2026-03-15
c002625,2026-03-15,2026-03-27
c002625,2026-03-15,2026-05-26
c002626,2026-03-15,2026-03-15
c002626,2026-03-15,2026-03-25
c002626,2026-03-15,2026-04-16
c002627,2026-03-15,2026-03-15
c002627,2026-03-15,2026-04-10
c002627,2026-03-15,2026-05-07
c002628,2026-03-15,2026-03-15
c002628,2026-03-15,2026-03-28
c002628,2026-03-15,2026-04-29
c002629,2026-03-15,2026-03-15
c002629,2026-03-15,2026-03-28
c002629,2026-03-15,2026-03-29
c002629,2026-03-15,2026-04-25
c002630,2026-03-15,2026-03-15
c002630,2026-03-15,2026-03-29
c002630,2026-03-15,2026-04-05
c002630,2026-03-15,2026-04-12
c002631,2026-03-15,2026-03-15
c002631,2026-03-15,2026-03-23
c002631,2026-03-15,2026-05-15
c002631,2026-03-15,2026-05-22
c002631,2026-03-15,2026-05-26
c002632,2026-03-15,2026-03-15
c002632,2026-03-15,2026-03-28
c002632,2026-03-15,2026-03-30
c002632,2026-03-15,2026-04-10
c002633,2026-03-15,2026-03-15
c002633,2026-03-15,2026-03-25
c002633,2026-03-15,2026-04-14
c002633,2026-03-15,2026-04-25
c002633,2026-03-15,2026-05-14
c002633,2026-03-15,2026-05-21
c002634,2026-03-15,2026-03-15
c002634,2026-03-15,2026-04-03
c002635,2026-03-15,2026-03-15
c002635,2026-03-15,2026-04-02
c002635,2026-03-15,2026-05-14
c002636,2026-03-15,2026-03-15
c002636,2026-03-15,2026-05-04
c002637,2026-03-15,2026-03-15
c002637,2026-03-15,2026-03-23
c002637,2026-03-15,2026-04-03
c002637,2026-03-15,2026-04-09
c002637,2026-03-15,2026-05-10
c002638,2026-03-15,2026-03-15
c002638,2026-03-15,2026-03-23
c002638,2026-03-15,2026-03-29
c002638,2026-03-15,2026-04-09
c002638,2026-03-15,2026-05-01
c002639,2026-03-15,2026-03-15
c002639,2026-03-15,2026-03-22
c002640,2026-03-15,2026-03-15
c002640,2026-03-15,2026-04-22
c002641,2026-03-15,2026-03-15
c002641,2026-03-15,2026-03-28
c002641,2026-03-15,2026-03-31
c002642,2026-03-15,2026-03-15
c002642,2026-03-15,2026-04-04
c002642,2026-03-15,2026-04-07
c002642,2026-03-15,2026-04-19
c002643,2026-03-15,2026-03-15
c002643,2026-03-15,2026-03-27
c002643,2026-03-15,2026-04-16
c002643,2026-03-15,2026-04-23
c002644,2026-03-15,2026-03-15
c002644,2026-03-15,2026-04-02
c002644,2026-03-15,2026-04-08
c002644,2026-03-15,2026-04-13
c002645,2026-03-15,2026-03-15
c002645,2026-03-15,2026-03-22
c002645,2026-03-15,2026-04-03
c002645,2026-03-15,2026-04-17
c002646,2026-03-15,2026-03-15
c002646,2026-03-15,2026-04-08
c002646,2026-03-15,2026-04-15
c002647,2026-03-15,2026-03-15
c002647,2026-03-15,2026-03-27
c002648,2026-03-15,2026-03-15
c002648,2026-03-15,2026-04-04
c002648,2026-03-15,2026-05-03
c002648,2026-03-15,2026-05-28
c002649,2026-03-15,2026-03-15
c002649,2026-03-15,2026-04-30
c002650,2026-03-15,2026-03-15
c002650,2026-03-15,2026-03-25
c002650,2026-03-15,2026-05-20
c002651,2026-03-15,2026-03-15
c002651,2026-03-15,2026-04-02
c002651,2026-03-15,2026-04-11
c002651,2026-03-15,2026-05-10
c002652,2026-03-15,2026-03-15
c002652,2026-03-15,2026-03-23
c002652,2026-03-15,2026-04-04
c002652,2026-03-15,2026-04-08
c002652,2026-03-15,2026-04-14
c002652,2026-03-15,2026-04-28
c002653,2026-03-15,2026-03-15
c002653,2026-03-15,2026-04-01
c002653,2026-03-15,2026-04-20
c002653,2026-03-15,2026-05-02
c002654,2026-03-15,2026-03-15
c002654,2026-03-15,2026-04-09
c002654,2026-03-15,2026-04-16
c002655,2026-03-15,2026-03-15
c002655,2026-03-15,2026-03-26
c002655,2026-03-15,2026-04-05
c002655,2026-03-15,2026-04-15
c002656,2026-03-15,2026-03-15
c002656,2026-03-15,2026-03-27
c002656,2026-03-15,2026-04-16
c002656,2026-03-15,2026-04-22
c002656,2026-03-15,2026-05-05
c002657,2026-03-15,2026-03-15
c002657,2026-03-15,2026-03-28
c002657,2026-03-15,2026-04-27
c002657,2026-03-15,2026-05-16
c002658,2026-03-15,2026-03-15
c002658,2026-03-15,2026-03-24
c002658,2026-03-15,2026-04-04
c002658,2026-03-15,2026-04-05
c002658,2026-03-15,2026-04-22
c002658,2026-03-15,2026-05-20
c002659,2026-03-15,2026-03-15
c002659,2026-03-15,2026-03-25
c002659,2026-03-15,2026-04-02
c002659,2026-03-15,2026-04-24
c002660,2026-03-15,2026-03-15
c002660,2026-03-15,2026-04-05
c002660,2026-03-15,2026-05-01
c002661,2026-03-15,2026-03-15
c002661,2026-03-15,2026-04-16
c002662,2026-03-15,2026-03-15
c002662,2026-03-15,2026-03-23
c002662,2026-03-15,2026-04-03
c002662,2026-03-15,2026-04-05
c002662,2026-03-15,2026-05-16
c002663,2026-03-15,2026-03-15
c002663,2026-03-15,2026-03-24
c002664,2026-03-15,2026-03-15
c002664,2026-03-15,2026-04-03
c002664,2026-03-15,2026-04-29
c002664,2026-03-15,2026-05-09
c002665,2026-03-15,2026-03-15
c002665,2026-03-15,2026-03-25
c002665,2026-03-15,2026-03-30
c002665,2026-03-15,2026-04-07
c002666,2026-03-15,2026-03-15
c002666,2026-03-15,2026-03-24
c002666,2026-03-15,2026-04-06
c002666,2026-03-15,2026-04-22
c002667,2026-03-15,2026-03-15
c002667,2026-03-15,2026-03-23
c002667,2026-03-15,2026-04-23
c002667,2026-03-15,2026-05-25
c002668,2026-03-15,2026-03-15
c002668,2026-03-15,2026-03-28
c002669,2026-03-15,2026-03-15
c002670,2026-03-15,2026-03-15
c002670,2026-03-15,2026-03-27
c002670,2026-03-15,2026-04-05
c002671,2026-03-15,2026-03-15
c002671,2026-03-15,2026-03-24
c002671,2026-03-15,2026-04-03
c002671,2026-03-15,2026-04-24
c002671,2026-03-15,2026-05-03
c002672,2026-03-15,2026-03-15
c002672,2026-03-15,2026-03-29
c002672,2026-03-15,2026-04-10
c002672,2026-03-15,2026-04-12
c002673,2026-03-15,2026-03-15
c002673,2026-03-15,2026-05-02
c002673,2026-03-15,2026-05-26
c002674,2026-03-15,2026-03-15
c002674,2026-03-15,2026-03-27
c002674,2026-03-15,2026-03-29
c002674,2026-03-15,2026-04-05
c002675,2026-03-15,2026-03-15
c002675,2026-03-15,2026-03-25
c002675,2026-03-15,2026-04-05
c002676,2026-03-15,2026-03-15
c002676,2026-03-15,2026-03-31
c002676,2026-03-15,2026-04-18
c002676,2026-03-15,2026-05-01
c002676,2026-03-15,2026-05-12
c002677,2026-03-15,2026-03-15
c002677,2026-03-15,2026-03-22
c002677,2026-03-15,2026-04-06
c002677,2026-03-15,2026-05-17
c002678,2026-03-15,2026-03-15
c002678,2026-03-15,2026-04-13
c002678,2026-03-15,2026-04-20
c002679,2026-03-15,2026-03-15
c002679,2026-03-15,2026-03-27
c002679,2026-03-15,2026-03-29
c002679,2026-03-15,2026-04-08
c002679,2026-03-15,2026-04-22
c002679,2026-03-15,2026-05-13
c002680,2026-03-15,2026-03-15
c002680,2026-03-15,2026-04-25
c002680,2026-03-15,2026-04-29
c002681,2026-03-15,2026-03-15
c002681,2026-03-15,2026-03-24
c002681,2026-03-15,2026-03-31
c002681,2026-03-15,2026-04-17
c002682,2026-03-15,2026-03-15
c002682,2026-03-15,2026-04-06
c002683,2026-03-15,2026-03-15
c002683,2026-03-15,2026-03-25
c002683,2026-03-15,2026-04-11
c002683,2026-03-15,2026-04-14
c002684,2026-03-15,2026-03-15
c002684,2026-03-15,2026-03-23
c002684,2026-03-15,2026-04-02
c002684,2026-03-15,2026-05-31
c002685,2026-03-15,2026-03-15
c002685,2026-03-15,2026-04-09
c002685,2026-03-15,2026-04-13
c002685,2026-03-15,2026-05-27
c002685,2026-03-15,2026-05-31
c002686,2026-03-15,2026-03-15
c002686,2026-03-15,2026-03-26
c002686,2026-03-15,2026-04-15
c002686,2026-03-15,2026-05-15
c002686,2026-03-15,2026-05-26
c002687,2026-03-15,2026-03-15
c002687,2026-03-15,2026-03-22
c002687,2026-03-15,2026-04-05
c002687,2026-03-15,2026-05-28
c002688,2026-03-15,2026-03-15
c002688,2026-03-15,2026-03-26
c002688,2026-03-15,2026-04-19
c002689,2026-03-15,2026-03-15
c002689,2026-03-15,2026-04-07
c002689,2026-03-15,2026-04-30
c002689,2026-03-15,2026-05-05
c002690,2026-03-15,2026-03-15
c002690,2026-03-15,2026-03-22
c002690,2026-03-15,2026-03-29
c002690,2026-03-15,2026-04-09
c002690,2026-03-15,2026-04-20
c002691,2026-03-15,2026-03-15
c002691,2026-03-15,2026-03-22
c002691,2026-03-15,2026-04-18
c002691,2026-03-15,2026-05-17
c002692,2026-03-15,2026-03-15
c002692,2026-03-15,2026-04-11
c002692,2026-03-15,2026-04-29
c002693,2026-03-15,2026-03-15
c002693,2026-03-15,2026-03-27
c002693,2026-03-15,2026-04-14
c002693,2026-03-15,2026-05-31
c002694,2026-03-15,2026-03-15
c002694,2026-03-15,2026-03-29
c002694,2026-03-15,2026-04-11
c002694,2026-03-15,2026-05-07
c002695,2026-03-15,2026-03-15
c002695,2026-03-15,2026-03-26
c002695,2026-03-15,2026-03-30
c002695,2026-03-15,2026-05-24
c002696,2026-03-15,2026-03-15
c002696,2026-03-15,2026-03-27
c002696,2026-03-15,2026-03-29
c002696,2026-03-15,2026-04-25
c002697,2026-03-15,2026-03-15
c002697,2026-03-15,2026-04-02
c002697,2026-03-15,2026-04-16
c002697,2026-03-15,2026-04-23
c002697,2026-03-15,2026-05-14
c002698,2026-03-15,2026-03-15
c002698,2026-03-15,2026-03-28
c002699,2026-03-15,2026-03-15
c002699,2026-03-15,2026-05-21
c002700,2026-03-15,2026-03-15
c002700,2026-03-15,2026-05-13
c002701,2026-03-15,2026-03-15
c002701,2026-03-15,2026-03-22
c002701,2026-03-15,2026-04-27
c002701,2026-03-15,2026-05-30
c002702,2026-03-15,2026-03-15
c002702,2026-03-15,2026-03-22
c002702,2026-03-15,2026-04-08
c002702,2026-03-15,2026-04-18
c002702,2026-03-15,2026-04-21
c002702,2026-03-15,2026-04-29
c002702,2026-03-15,2026-05-07
c002703,2026-03-15,2026-03-15
c002703,2026-03-15,2026-04-02
c002703,2026-03-15,2026-05-03
c002704,2026-03-15,2026-03-15
c002704,2026-03-15,2026-04-01
c002705,2026-03-15,2026-03-15
c002705,2026-03-15,2026-04-28
c002706,2026-03-15,2026-03-15
c002706,2026-03-15,2026-03-25
c002706,2026-03-15,2026-03-31
c002706,2026-03-15,2026-05-02
c002706,2026-03-15,2026-05-17
c002707,2026-03-15,2026-03-15
c002707,2026-03-15,2026-03-24
c002707,2026-03-15,2026-04-07
c002707,2026-03-15,2026-05-04
c002708,2026-03-15,2026-03-15
c002708,2026-03-15,2026-03-27
c002708,2026-03-15,2026-04-07
c002709,2026-03-15,2026-03-15
c002709,2026-03-15,2026-04-02
c002709,2026-03-15,2026-04-10
c002709,2026-03-15,2026-05-28
c002710,2026-03-15,2026-03-15
c002710,2026-03-15,2026-04-09
c002710,2026-03-15,2026-04-14
c002711,2026-03-15,2026-03-15
c002711,2026-03-15,2026-03-29
c002711,2026-03-15,2026-05-21
c002711,2026-03-15,2026-05-24
c002712,2026-03-15,2026-03-15
c002712,2026-03-15,2026-03-24
c002712,2026-03-15,2026-04-14
c002712,2026-03-15,2026-04-19
c002713,2026-03-15,2026-03-15
c002714,2026-03-15,2026-03-15
c002714,2026-03-15,2026-04-04
c002714,2026-03-15,2026-04-07
c002714,2026-03-15,2026-04-16
c002715,2026-03-15,2026-03-15
c002715,2026-03-15,2026-03-27
c002715,2026-03-15,2026-04-02
c002715,2026-03-15,2026-04-06
c002715,2026-03-15,2026-04-19
c002716,2026-03-15,2026-03-15
c002716,2026-03-15,2026-03-31
c002716,2026-03-15,2026-05-03
c002716,2026-03-15,2026-05-18
c002717,2026-03-15,2026-03-15
c002717,2026-03-15,2026-03-25
c002718,2026-03-15,2026-03-15
c002718,2026-03-15,2026-04-16
c002718,2026-03-15,2026-04-22
c002718,2026-03-15,2026-05-23
c002719,2026-03-15,2026-03-15
c002719,2026-03-15,2026-03-22
c002719,2026-03-15,2026-04-11
c002719,2026-03-15,2026-04-25
c002719,2026-03-15,2026-04-30
c002719,2026-03-15,2026-05-27
c002720,2026-03-15,2026-03-15
c002720,2026-03-15,2026-04-01
c002720,2026-03-15,2026-04-19
c002721,2026-03-15,2026-03-15
c002721,2026-03-15,2026-04-05
c002721,2026-03-15,2026-04-21
c002722,2026-03-15,2026-03-15
c002722,2026-03-15,2026-04-21
c002722,2026-03-15,2026-05-31
c002723,2026-03-15,2026-03-15
c002723,2026-03-15,2026-03-24
c002723,2026-03-15,2026-03-31
c002723,2026-03-15,2026-04-12
c002724,2026-03-15,2026-03-15
c002724,2026-03-15,2026-03-30
c002724,2026-03-15,2026-04-08
c002724,2026-03-15,2026-05-09
c002724,2026-03-15,2026-05-10
c002725,2026-03-15,2026-03-15
c002725,2026-03-15,2026-04-04
c002725,2026-03-15,2026-04-07
c002725,2026-03-15,2026-04-17
c002725,2026-03-15,2026-05-31
c002726,2026-03-15,2026-03-15
c002726,2026-03-15,2026-03-29
c002726,2026-03-15,2026-04-30
c002726,2026-03-15,2026-05-10
c002727,2026-03-15,2026-03-15
c002727,2026-03-15,2026-03-30
c002727,2026-03-15,2026-04-14
c002728,2026-03-15,2026-03-15
c002728,2026-03-15,2026-03-27
c002728,2026-03-15,2026-04-17
c002729,2026-03-15,2026-03-15
c002729,2026-03-15,2026-03-26
c002729,2026-03-15,2026-04-02
c002729,2026-03-15,2026-04-17
c002730,2026-03-15,2026-03-15
c002730,2026-03-15,2026-03-23
c002731,2026-03-15,2026-03-15
c002731,2026-03-15,2026-04-09
c002731,2026-03-15,2026-05-11
c002732,2026-03-15,2026-03-15
c002732,2026-03-15,2026-04-11
c002732,2026-03-15,2026-05-10
c002733,2026-03-15,2026-03-15
c002733,2026-03-15,2026-04-08
c002733,2026-03-15,2026-04-16
c002733,2026-03-15,2026-05-22
c002734,2026-03-15,2026-03-15
c002734,2026-03-15,2026-03-28
c002734,2026-03-15,2026-04-03
c002734,2026-03-15,2026-04-12
c002734,2026-03-15,2026-04-20
c002734,2026-03-15,2026-04-29
c002735,2026-03-15,2026-03-15
c002735,2026-03-15,2026-03-24
c002735,2026-03-15,2026-04-09
c002735,2026-03-15,2026-05-02
c002736,2026-03-15,2026-03-15
c002736,2026-03-15,2026-03-25
c002736,2026-03-15,2026-05-01
c002737,2026-03-15,2026-03-15
c002737,2026-03-15,2026-03-23
c002737,2026-03-15,2026-04-04
c002737,2026-03-15,2026-04-05
c002737,2026-03-15,2026-04-17
c002737,2026-03-15,2026-04-30
c002737,2026-03-15,2026-05-03
c002737,2026-03-15,2026-05-30
c002738,2026-03-15,2026-03-15
c002738,2026-03-15,2026-04-01
c002738,2026-03-15,2026-04-08
c002738,2026-03-15,2026-05-11
c002739,2026-03-15,2026-03-15
c002739,2026-03-15,2026-03-27
c002739,2026-03-15,2026-03-29
c002739,2026-03-15,2026-04-07
c002739,2026-03-15,2026-04-28
c002739,2026-03-15,2026-05-20
c002740,2026-03-15,2026-03-15
c002740,2026-03-15,2026-03-22
c002741,2026-03-15,2026-03-15
c002741,2026-03-15,2026-04-16
c002741,2026-03-15,2026-05-21
c002742,2026-03-15,2026-03-15
c002742,2026-03-15,2026-03-25
c002742,2026-03-15,2026-03-29
c002743,2026-03-15,2026-03-15
c002744,2026-03-15,2026-03-15
c002744,2026-03-15,2026-03-22
c002745,2026-03-15,2026-03-15
c002745,2026-03-15,2026-03-30
c002745,2026-03-15,2026-04-08
c002745,2026-03-15,2026-04-25
c002745,2026-03-15,2026-05-05
c002745,2026-03-15,2026-05-15
c002745,2026-03-15,2026-05-23
c002746,2026-03-15,2026-03-15
c002746,2026-03-15,2026-04-17
c002746,2026-03-15,2026-04-20
c002746,2026-03-15,2026-05-10
c002747,2026-03-15,2026-03-15
c002747,2026-03-15,2026-04-04
c002747,2026-03-15,2026-04-19
c002747,2026-03-15,2026-04-29
c002747,2026-03-15,2026-05-25
c002748,2026-03-15,2026-03-15
c002748,2026-03-15,2026-03-28
c002748,2026-03-15,2026-04-03
c002748,2026-03-15,2026-05-12
c002749,2026-03-15,2026-03-15
c002749,2026-03-15,2026-03-24
c002749,2026-03-15,2026-04-10
c002749,2026-03-15,2026-04-18
c002749,2026-03-15,2026-05-20
c002749,2026-03-15,2026-05-28
c002750,2026-03-15,2026-03-15
c002750,2026-03-15,2026-03-22
c002750,2026-03-15,2026-04-27
c002751,2026-03-15,2026-03-15
c002751,2026-03-15,2026-03-28
c002752,2026-03-15,2026-03-15
c002752,2026-03-15,2026-03-30
c002752,2026-03-15,2026-04-07
c002752,2026-03-15,2026-04-29
c002752,2026-03-15,2026-05-12
c002753,2026-03-15,2026-03-15
c002753,2026-03-15,2026-03-27
c002753,2026-03-15,2026-04-02
c002753,2026-03-15,2026-04-06
c002753,2026-03-15,2026-04-25
c002754,2026-03-15,2026-03-15
c002754,2026-03-15,2026-03-27
c002754,2026-03-15,2026-04-04
c002754,2026-03-15,2026-04-06
c002755,2026-03-15,2026-03-15
c002755,2026-03-15,2026-03-24
c002755,2026-03-15,2026-03-30
c002755,2026-03-15,2026-04-15
c002756,2026-03-15,2026-03-15
c002756,2026-03-15,2026-03-31
c002756,2026-03-15,2026-04-24
c002757,2026-03-15,2026-03-15
c002757,2026-03-15,2026-03-26
c002758,2026-03-15,2026-03-15
c002758,2026-03-15,2026-03-26
c002758,2026-03-15,2026-04-11
c002758,2026-03-15,2026-05-08
c002758,2026-03-15,2026-05-16
c002759,2026-03-15,2026-03-15
c002759,2026-03-15,2026-04-09
c002759,2026-03-15,2026-04-15
c002760,2026-03-15,2026-03-15
c002760,2026-03-15,2026-04-02
c002760,2026-03-15,2026-04-15
c002760,2026-03-15,2026-05-29
c002761,2026-03-15,2026-03-15
c002761,2026-03-15,2026-03-23
c002762,2026-03-15,2026-03-15
c002762,2026-03-15,2026-04-02
c002762,2026-03-15,2026-04-08
c002762,2026-03-15,2026-04-16
c002762,2026-03-15,2026-04-25
c002762,2026-03-15,2026-05-13
c002762,2026-03-15,2026-05-21
c002763,2026-03-15,2026-03-15
c002763,2026-03-15,2026-04-04
c002763,2026-03-15,2026-04-05
c002763,2026-03-15,2026-05-28
c002764,2026-03-15,2026-03-15
c002764,2026-03-15,2026-04-26
c002764,2026-03-15,2026-05-07
c002765,2026-03-15,2026-03-15
c002765,2026-03-15,2026-04-18
c002765,2026-03-15,2026-05-22
c002766,2026-03-15,2026-03-15
c002766,2026-03-15,2026-03-22
c002766,2026-03-15,2026-03-30
c002766,2026-03-15,2026-04-18
c002766,2026-03-15,2026-05-08
c002766,2026-03-15,2026-05-19
c002767,2026-03-15,2026-03-15
c002767,2026-03-15,2026-03-28
c002768,2026-03-15,2026-03-15
c002768,2026-03-15,2026-03-27
c002768,2026-03-15,2026-04-06
c002768,2026-03-15,2026-04-22
c002769,2026-03-15,2026-03-15
c002769,2026-03-15,2026-03-25
c002769,2026-03-15,2026-03-31
c002769,2026-03-15,2026-04-12
c002769,2026-03-15,2026-05-02
c002770,2026-03-15,2026-03-15
c002770,2026-03-15,2026-03-22
c002770,2026-03-15,2026-04-10
c002770,2026-03-15,2026-04-24
c002771,2026-03-15,2026-03-15
c002771,2026-03-15,2026-03-25
c002771,2026-03-15,2026-03-29
c002771,2026-03-15,2026-04-08
c002771,2026-03-15,2026-04-25
c002771,2026-03-15,2026-05-13
c002772,2026-03-15,2026-03-15
c002772,2026-03-15,2026-03-28
c002772,2026-03-15,2026-04-24
c002773,2026-03-15,2026-03-15
c002773,2026-03-15,2026-04-11
c002774,2026-03-15,2026-03-15
c002774,2026-03-15,2026-04-20
c002774,2026-03-15,2026-05-03
c002775,2026-03-15,2026-03-15
c002775,2026-03-15,2026-03-26
c002775,2026-03-15,2026-04-11
c002775,2026-03-15,2026-05-15
c002776,2026-03-15,2026-03-15
c002776,2026-03-15,2026-03-25
c002776,2026-03-15,2026-04-16
c002776,2026-03-15,2026-04-25
c002776,2026-03-15,2026-04-26
c002776,2026-03-15,2026-05-07
c002777,2026-03-15,2026-03-15
c002778,2026-03-15,2026-03-15
c002778,2026-03-15,2026-03-23
c002778,2026-03-15,2026-03-30
c002779,2026-03-15,2026-03-15
c002779,2026-03-15,2026-03-23
c002779,2026-03-15,2026-03-29
c002779,2026-03-15,2026-04-18
c002779,2026-03-15,2026-05-02
c002779,2026-03-15,2026-05-07
c002780,2026-03-15,2026-03-15
c002780,2026-03-15,2026-03-24
c002780,2026-03-15,2026-04-13
c002780,2026-03-15,2026-04-21
c002780,2026-03-15,2026-05-06
c002781,2026-03-15,2026-03-15
c002782,2026-03-15,2026-03-15
c002782,2026-03-15,2026-03-25
c002782,2026-03-15,2026-04-03
c002782,2026-03-15,2026-04-11
c002782,2026-03-15,2026-04-28
c002782,2026-03-15,2026-05-16
c002783,2026-03-15,2026-03-15
c002783,2026-03-15,2026-03-23
c002783,2026-03-15,2026-04-19
c002784,2026-03-15,2026-03-15
c002785,2026-03-15,2026-03-15
c002785,2026-03-15,2026-04-21
c002785,2026-03-15,2026-05-02
c002786,2026-03-15,2026-03-15
c002787,2026-03-15,2026-03-15
c002787,2026-03-15,2026-04-16
c002787,2026-03-15,2026-05-05
c002788,2026-03-15,2026-03-15
c002788,2026-03-15,2026-03-25
c002789,2026-03-15,2026-03-15
c002789,2026-03-15,2026-04-04
c002789,2026-03-15,2026-04-09
c002789,2026-03-15,2026-04-16
c002790,2026-03-15,2026-03-15
c002790,2026-03-15,2026-03-22
c002790,2026-03-15,2026-04-03
c002790,2026-03-15,2026-04-18
c002790,2026-03-15,2026-04-26
c002791,2026-03-15,2026-03-15
c002791,2026-03-15,2026-04-01
c002791,2026-03-15,2026-04-16
c002792,2026-03-15,2026-03-15
c002792,2026-03-15,2026-03-28
c002792,2026-03-15,2026-04-02
c002792,2026-03-15,2026-04-05
c002792,2026-03-15,2026-04-15
c002792,2026-03-15,2026-05-24
c002793,2026-03-15,2026-03-15
c002793,2026-03-15,2026-03-23
c002793,2026-03-15,2026-04-04
c002793,2026-03-15,2026-04-26
c002794,2026-03-15,2026-03-15
c002794,2026-03-15,2026-04-23
c002794,2026-03-15,2026-05-12
c002795,2026-03-15,2026-03-15
c002795,2026-03-15,2026-03-28
c002795,2026-03-15,2026-04-28
c002796,2026-03-15,2026-03-15
c002796,2026-03-15,2026-03-25
c002796,2026-03-15,2026-03-29
c002796,2026-03-15,2026-04-18
c002796,2026-03-15,2026-05-23
c002797,2026-03-15,2026-03-15
c002797,2026-03-15,2026-03-22
c002797,2026-03-15,2026-03-29
c002797,2026-03-15,2026-04-11
c002797,2026-03-15,2026-05-06
c002797,2026-03-15,2026-05-22
c002798,2026-03-15,2026-03-15
c002798,2026-03-15,2026-04-06
c002799,2026-03-15,2026-03-15
c002799,2026-03-15,2026-03-24
c002799,2026-03-15,2026-04-07
c002799,2026-03-15,2026-04-17
c002800,2026-03-15,2026-03-15
c002800,2026-03-15,2026-03-27
c002800,2026-03-15,2026-03-31
c002800,2026-03-15,2026-04-07
c002800,2026-03-15,2026-04-13
c002801,2026-03-15,2026-03-15
c002801,2026-03-15,2026-03-28
c002801,2026-03-15,2026-04-22
c002801,2026-03-15,2026-05-07
c002802,2026-03-15,2026-03-15
c002802,2026-03-15,2026-03-26
c002802,2026-03-15,2026-03-31
c002802,2026-03-15,2026-04-08
c002802,2026-03-15,2026-04-22
c002803,2026-03-15,2026-03-15
c002803,2026-03-15,2026-03-28
c002804,2026-03-15,2026-03-15
c002804,2026-03-15,2026-04-03
c002804,2026-03-15,2026-04-06
c002805,2026-03-15,2026-03-15
c002805,2026-03-15,2026-03-27
c002805,2026-03-15,2026-03-30
c002805,2026-03-15,2026-04-11
c002805,2026-03-15,2026-04-13
c002805,2026-03-15,2026-05-17
c002806,2026-03-15,2026-03-15
c002806,2026-03-15,2026-03-30
c002806,2026-03-15,2026-04-22
c002806,2026-03-15,2026-04-26
c002807,2026-03-15,2026-03-15
c002807,2026-03-15,2026-04-10
c002807,2026-03-15,2026-04-17
c002808,2026-03-15,2026-03-15
c002808,2026-03-15,2026-03-24
c002808,2026-03-15,2026-03-29
c002808,2026-03-15,2026-04-07
c002809,2026-03-15,2026-03-15
c002809,2026-03-15,2026-05-19
c002810,2026-03-15,2026-03-15
c002810,2026-03-15,2026-03-23
c002810,2026-03-15,2026-04-01
c002810,2026-03-15,2026-04-05
c002810,2026-03-15,2026-05-04
c002810,2026-03-15,2026-05-16
c002810,2026-03-15,2026-05-23
c002811,2026-03-15,2026-03-15
c002811,2026-03-15,2026-04-04
c002811,2026-03-15,2026-04-11
c002812,2026-03-15,2026-03-15
c002812,2026-03-15,2026-03-23
c002812,2026-03-15,2026-04-02
c002812,2026-03-15,2026-04-15
c002812,2026-03-15,2026-04-24
c002812,2026-03-15,2026-05-04
c002812,2026-03-15,2026-05-15
c002813,2026-03-15,2026-03-15
c002813,2026-03-15,2026-03-24
c002814,2026-03-15,2026-03-15
c002814,2026-03-15,2026-04-23
c002814,2026-03-15,2026-05-14
c002815,2026-03-15,2026-03-15
c002815,2026-03-15,2026-03-26
c002815,2026-03-15,2026-04-11
c002816,2026-03-15,2026-03-15
c002816,2026-03-15,2026-03-23
c002816,2026-03-15,2026-05-06
c002817,2026-03-15,2026-03-15
c002817,2026-03-15,2026-04-08
c002818,2026-03-15,2026-03-15
c002818,2026-03-15,2026-03-24
c002818,2026-03-15,2026-04-07
c002818,2026-03-15,2026-04-28
c002818,2026-03-15,2026-05-09
c002819,2026-03-15,2026-03-15
c002819,2026-03-15,2026-04-09
c002819,2026-03-15,2026-04-27
c002819,2026-03-15,2026-05-14
c002820,2026-03-15,2026-03-15
c002820,2026-03-15,2026-05-02
c002820,2026-03-15,2026-05-16
c002821,2026-03-15,2026-03-15
c002821,2026-03-15,2026-04-04
c002821,2026-03-15,2026-04-08
c002821,2026-03-15,2026-04-15
c002821,2026-03-15,2026-04-22
c002821,2026-03-15,2026-04-30
c002822,2026-03-15,2026-03-15
c002822,2026-03-15,2026-04-10
c002822,2026-03-15,2026-05-02
c002822,2026-03-15,2026-05-12
c002823,2026-03-15,2026-03-15
c002823,2026-03-15,2026-03-27
c002823,2026-03-15,2026-04-03
c002823,2026-03-15,2026-04-05
c002824,2026-03-15,2026-03-15
c002824,2026-03-15,2026-03-22
c002825,2026-03-15,2026-03-15
c002825,2026-03-15,2026-03-29
c002825,2026-03-15,2026-04-09
c002825,2026-03-15,2026-05-10
c002825,2026-03-15,2026-05-22
c002826,2026-03-15,2026-03-15
c002826,2026-03-15,2026-04-12
c002826,2026-03-15,2026-04-22
c002826,2026-03-15,2026-05-13
c002827,2026-03-15,2026-03-15
c002827,2026-03-15,2026-04-10
c002827,2026-03-15,2026-04-30
c002827,2026-03-15,2026-05-10
c002827,2026-03-15,2026-05-17
c002828,2026-03-15,2026-03-15
c002828,2026-03-15,2026-03-25
c002828,2026-03-15,2026-05-08
c002828,2026-03-15,2026-05-16
c002829,2026-03-15,2026-03-15
c002829,2026-03-15,2026-03-24
c002829,2026-03-15,2026-04-03
c002829,2026-03-15,2026-04-10
c002830,2026-03-22,2026-03-22
c002830,2026-03-22,2026-04-01
c002830,2026-03-22,2026-04-08
c002830,2026-03-22,2026-05-06
c002831,2026-03-22,2026-03-22
c002832,2026-03-22,2026-03-22
c002832,2026-03-22,2026-04-13
c002833,2026-03-22,2026-03-22
c002833,2026-03-22,2026-04-02
c002833,2026-03-22,2026-04-20
c002834,2026-03-22,2026-03-22
c002834,2026-03-22,2026-04-12
c002834,2026-03-22,2026-04-23
c002835,2026-03-22,2026-03-22
c002835,2026-03-22,2026-04-03
c002835,2026-03-22,2026-04-13
c002836,2026-03-22,2026-03-22
c002836,2026-03-22,2026-04-04
c002836,2026-03-22,2026-04-06
c002837,2026-03-22,2026-03-22
c002837,2026-03-22,2026-03-31
c002838,2026-03-22,2026-03-22
c002838,2026-03-22,2026-05-02
c002839,2026-03-22,2026-03-22
c002839,2026-03-22,2026-04-23
c002839,2026-03-22,2026-05-01
c002840,2026-03-22,2026-03-22
c002840,2026-03-22,2026-04-09
c002840,2026-03-22,2026-04-13
c002841,2026-03-22,2026-03-22
c002841,2026-03-22,2026-04-14
c002841,2026-03-22,2026-05-05
c002842,2026-03-22,2026-03-22
c002842,2026-03-22,2026-04-01
c002842,2026-03-22,2026-04-12
c002843,2026-03-22,2026-03-22
c002843,2026-03-22,2026-03-29
c002844,2026-03-22,2026-03-22
c002844,2026-03-22,2026-04-06
c002844,2026-03-22,2026-05-01
c002845,2026-03-22,2026-03-22
c002845,2026-03-22,2026-04-03
c002845,2026-03-22,2026-04-22
c002845,2026-03-22,2026-05-01
c002845,2026-03-22,2026-05-22
c002845,2026-03-22,2026-05-24
c002846,2026-03-22,2026-03-22
c002846,2026-03-22,2026-03-30
c002846,2026-03-22,2026-04-06
c002846,2026-03-22,2026-04-20
c002847,2026-03-22,2026-03-22
c002847,2026-03-22,2026-04-28
c002848,2026-03-22,2026-03-22
c002848,2026-03-22,2026-03-31
c002848,2026-03-22,2026-04-11
c002848,2026-03-22,2026-04-18
c002848,2026-03-22,2026-05-22
c002849,2026-03-22,2026-03-22
c002849,2026-03-22,2026-03-30
c002849,2026-03-22,2026-04-08
c002849,2026-03-22,2026-04-12
c002849,2026-03-22,2026-05-16
c002850,2026-03-22,2026-03-22
c002850,2026-03-22,2026-03-30
c002850,2026-03-22,2026-04-16
c002850,2026-03-22,2026-04-29
c002850,2026-03-22,2026-05-05
c002850,2026-03-22,2026-05-15
c002851,2026-03-22,2026-03-22
c002851,2026-03-22,2026-04-28
c002852,2026-03-22,2026-03-22
c002852,2026-03-22,2026-04-13
c002852,2026-03-22,2026-05-26
c002853,2026-03-22,2026-03-22
c002853,2026-03-22,2026-04-28
c002854,2026-03-22,2026-03-22
c002854,2026-03-22,2026-04-02
c002854,2026-03-22,2026-04-06
c002855,2026-03-22,2026-03-22
c002855,2026-03-22,2026-04-01
c002855,2026-03-22,2026-05-05
c002855,2026-03-22,2026-05-15
c002856,2026-03-22,2026-03-22
c002856,2026-03-22,2026-04-14
c002856,2026-03-22,2026-04-23
c002856,2026-03-22,2026-05-27
c002857,2026-03-22,2026-03-22
c002857,2026-03-22,2026-04-04
c002858,2026-03-22,2026-03-22
c002858,2026-03-22,2026-04-07
c002858,2026-03-22,2026-05-04
c002859,2026-03-22,2026-03-22
c002859,2026-03-22,2026-04-01
c002859,2026-03-22,2026-04-10
c002859,2026-03-22,2026-04-13
c002860,2026-03-22,2026-03-22
c002860,2026-03-22,2026-04-30
c002861,2026-03-22,2026-03-22
c002861,2026-03-22,2026-05-19
c002862,2026-03-22,2026-03-22
c002862,2026-03-22,2026-04-05
c002862,2026-03-22,2026-04-18
c002862,2026-03-22,2026-04-29
c002863,2026-03-22,2026-03-22
c002863,2026-03-22,2026-04-02
c002863,2026-03-22,2026-04-05
c002863,2026-03-22,2026-04-30
c002863,2026-03-22,2026-05-30
c002864,2026-03-22,2026-03-22
c002864,2026-03-22,2026-04-10
c002864,2026-03-22,2026-04-28
c002864,2026-03-22,2026-05-07
c002865,2026-03-22,2026-03-22
c002865,2026-03-22,2026-04-15
c002865,2026-03-22,2026-04-20
c002865,2026-03-22,2026-04-26
c002865,2026-03-22,2026-05-29
c002866,2026-03-22,2026-03-22
c002866,2026-03-22,2026-04-01
c002866,2026-03-22,2026-05-09
c002867,2026-03-22,2026-03-22
c002867,2026-03-22,2026-04-16
c002867,2026-03-22,2026-05-06
c002868,2026-03-22,2026-03-22
c002868,2026-03-22,2026-04-03
c002868,2026-03-22,2026-04-05
c002868,2026-03-22,2026-04-15
c002869,2026-03-22,2026-03-22
c002869,2026-03-22,2026-04-02
c002869,2026-03-22,2026-04-11
c002869,2026-03-22,2026-05-05
c002870,2026-03-22,2026-03-22
c002870,2026-03-22,2026-04-04
c002870,2026-03-22,2026-05-03
c002870,2026-03-22,2026-05-24
c002871,2026-03-22,2026-03-22
c002871,2026-03-22,2026-04-11
c002871,2026-03-22,2026-04-14
c002871,2026-03-22,2026-04-24
c002871,2026-03-22,2026-05-09
c002872,2026-03-22,2026-03-22
c002872,2026-03-22,2026-04-09
c002872,2026-03-22,2026-04-17
c002872,2026-03-22,2026-05-17
c002873,2026-03-22,2026-03-22
c002873,2026-03-22,2026-03-30
c002874,2026-03-22,2026-03-22
c002874,2026-03-22,2026-03-31
c002874,2026-03-22,2026-04-13
c002874,2026-03-22,2026-04-26
c002875,2026-03-22,2026-03-22
c002875,2026-03-22,2026-03-30
c002876,2026-03-22,2026-03-22
c002876,2026-03-22,2026-04-03
c002876,2026-03-22,2026-04-06
c002876,2026-03-22,2026-04-15
c002876,2026-03-22,2026-05-02
c002877,2026-03-22,2026-03-22
c002878,2026-03-22,2026-03-22
c002878,2026-03-22,2026-04-01
c002878,2026-03-22,2026-04-10
c002878,2026-03-22,2026-04-23
c002878,2026-03-22,2026-05-01
c002878,2026-03-22,2026-05-12
c002879,2026-03-22,2026-03-22
c002879,2026-03-22,2026-03-31
c002879,2026-03-22,2026-04-11
c002879,2026-03-22,2026-04-16
c002879,2026-03-22,2026-04-19
c002879,2026-03-22,2026-05-11
c002880,2026-03-22,2026-03-22
c002880,2026-03-22,2026-04-03
c002880,2026-03-22,2026-05-05
c002881,2026-03-22,2026-03-22
c002881,2026-03-22,2026-04-28
c002881,2026-03-22,2026-05-15
c002881,2026-03-22,2026-05-21
c002882,2026-03-22,2026-03-22
c002882,2026-03-22,2026-03-29
c002882,2026-03-22,2026-05-15
c002882,2026-03-22,2026-05-29
c002883,2026-03-22,2026-03-22
c002883,2026-03-22,2026-04-02
c002883,2026-03-22,2026-04-07
c002883,2026-03-22,2026-05-14
c002884,2026-03-22,2026-03-22
c002884,2026-03-22,2026-04-05
c002884,2026-03-22,2026-04-16
c002884,2026-03-22,2026-04-28
c002884,2026-03-22,2026-05-30
c002885,2026-03-22,2026-03-22
c002885,2026-03-22,2026-04-06
c002886,2026-03-22,2026-03-22
c002886,2026-03-22,2026-04-01
c002886,2026-03-22,2026-04-22
c002887,2026-03-22,2026-03-22
c002887,2026-03-22,2026-04-04
c002887,2026-03-22,2026-05-07
c002887,2026-03-22,2026-05-15
c002888,2026-03-22,2026-03-22
c002888,2026-03-22,2026-04-13
c002889,2026-03-22,2026-03-22
c002890,2026-03-22,2026-03-22
c002890,2026-03-22,2026-04-04
c002891,2026-03-22,2026-03-22
c002891,2026-03-22,2026-04-23
c002891,2026-03-22,2026-05-29
c002892,2026-03-22,2026-03-22
c002892,2026-03-22,2026-03-29
c002892,2026-03-22,2026-04-07
c002892,2026-03-22,2026-04-12
c002892,2026-03-22,2026-05-14
c002893,2026-03-22,2026-03-22
c002893,2026-03-22,2026-04-02
c002893,2026-03-22,2026-04-30
c002893,2026-03-22,2026-05-25
c002894,2026-03-22,2026-03-22
c002894,2026-03-22,2026-04-04
c002894,2026-03-22,2026-04-05
c002895,2026-03-22,2026-03-22
c002895,2026-03-22,2026-04-15
c002896,2026-03-22,2026-03-22
c002896,2026-03-22,2026-04-06
c002896,2026-03-22,2026-04-14
c002897,2026-03-22,2026-03-22
c002897,2026-03-22,2026-03-30
c002897,2026-03-22,2026-04-13
c002897,2026-03-22,2026-05-20
c002898,2026-03-22,2026-03-22
c002898,2026-03-22,2026-04-17
c002899,2026-03-22,2026-03-22
c002899,2026-03-22,2026-03-29
c002899,2026-03-22,2026-05-02
c002900,2026-03-22,2026-03-22
c002900,2026-03-22,2026-04-03
c002900,2026-03-22,2026-04-09
c002900,2026-03-22,2026-04-15
c002901,2026-03-22,2026-03-22
c002901,2026-03-22,2026-04-11
c002902,2026-03-22,2026-03-22
c002902,2026-03-22,2026-04-04
c002902,2026-03-22,2026-04-11
c002902,2026-03-22,2026-04-17
c002902,2026-03-22,2026-04-29
c002902,2026-03-22,2026-05-03
c002902,2026-03-22,2026-05-12
c002903,2026-03-22,2026-03-22
c002903,2026-03-22,2026-04-15
c002903,2026-03-22,2026-04-29
c002903,2026-03-22,2026-05-22
c002904,2026-03-22,2026-03-22
c002904,2026-03-22,2026-04-01
c002904,2026-03-22,2026-04-14
c002904,2026-03-22,2026-05-18
c002905,2026-03-22,2026-03-22
c002905,2026-03-22,2026-04-11
c002905,2026-03-22,2026-05-10
c002905,2026-03-22,2026-05-21
c002906,2026-03-22,2026-03-22
c002906,2026-03-22,2026-04-29
c002906,2026-03-22,2026-05-09
c002906,2026-03-22,2026-05-30
c002907,2026-03-22,2026-03-22
c002907,2026-03-22,2026-04-11
c002907,2026-03-22,2026-05-23
c002908,2026-03-22,2026-03-22
c002908,2026-03-22,2026-04-08
c002908,2026-03-22,2026-04-30
c002909,2026-03-22,2026-03-22
c002909,2026-03-22,2026-04-02
c002909,2026-03-22,2026-04-09
c002909,2026-03-22,2026-04-25
c002909,2026-03-22,2026-05-30
c002910,2026-03-22,2026-03-22
c002910,2026-03-22,2026-04-04
c002910,2026-03-22,2026-04-05
c002910,2026-03-22,2026-04-14
c002910,2026-03-22,2026-04-25
c002911,2026-03-22,2026-03-22
c002911,2026-03-22,2026-04-11
c002912,2026-03-22,2026-03-22
c002912,2026-03-22,2026-04-02
c002912,2026-03-22,2026-04-08
c002912,2026-03-22,2026-04-16
c002912,2026-03-22,2026-04-24
c002912,2026-03-22,2026-05-16
c002913,2026-03-22,2026-03-22
c002913,2026-03-22,2026-03-29
c002913,2026-03-22,2026-04-08
c002913,2026-03-22,2026-05-06
c002914,2026-03-22,2026-03-22
c002914,2026-03-22,2026-03-30
c002914,2026-03-22,2026-04-11
c002914,2026-03-22,2026-04-13
c002914,2026-03-22,2026-04-28
c002914,2026-03-22,2026-05-30
c002915,2026-03-22,2026-03-22
c002915,2026-03-22,2026-04-08
c002915,2026-03-22,2026-04-13
c002916,2026-03-22,2026-03-22
c002916,2026-03-22,2026-03-30
c002917,2026-03-22,2026-03-22
c002917,2026-03-22,2026-04-03
c002917,2026-03-22,2026-04-08
c002917,2026-03-22,2026-05-18
c002918,2026-03-22,2026-03-22
c002918,2026-03-22,2026-04-01
c002918,2026-03-22,2026-04-06
c002918,2026-03-22,2026-04-17
c002918,2026-03-22,2026-04-23
c002918,2026-03-22,2026-04-26
c002919,2026-03-22,2026-03-22
c002919,2026-03-22,2026-04-02
c002920,2026-03-22,2026-03-22
c002920,2026-03-22,2026-03-29
c002920,2026-03-22,2026-04-10
c002921,2026-03-22,2026-03-22
c002921,2026-03-22,2026-04-04
c002921,2026-03-22,2026-04-06
c002921,2026-03-22,2026-04-24
c002921,2026-03-22,2026-05-08
c002922,2026-03-22,2026-03-22
c002922,2026-03-22,2026-04-09
c002922,2026-03-22,2026-04-17
c002922,2026-03-22,2026-04-24
c002922,2026-03-22,2026-05-08
c002923,2026-03-22,2026-03-22
c002923,2026-03-22,2026-04-03
c002923,2026-03-22,2026-04-14
c002923,2026-03-22,2026-05-03
c002924,2026-03-22,2026-03-22
c002924,2026-03-22,2026-04-03
c002924,2026-03-22,2026-04-08
c002924,2026-03-22,2026-04-24
c002925,2026-03-22,2026-03-22
c002925,2026-03-22,2026-04-04
c002925,2026-03-22,2026-05-24
c002926,2026-03-22,2026-03-22
c002927,2026-03-22,2026-03-22
c002927,2026-03-22,2026-04-10
c002927,2026-03-22,2026-04-24
c002927,2026-03-22,2026-05-03
c002928,2026-03-22,2026-03-22
c002928,2026-03-22,2026-04-04
c002928,2026-03-22,2026-04-06
c002928,2026-03-22,2026-04-14
c002928,2026-03-22,2026-04-30
c002929,2026-03-22,2026-03-22
c002929,2026-03-22,2026-04-01
c002930,2026-03-22,2026-03-22
c002930,2026-03-22,2026-05-17
c002931,2026-03-22,2026-03-22
c002931,2026-03-22,2026-04-01
c002931,2026-03-22,2026-04-10
c002931,2026-03-22,2026-04-13
c002931,2026-03-22,2026-05-17
c002932,2026-03-22,2026-03-22
c002932,2026-03-22,2026-04-10
c002932,2026-03-22,2026-04-14
c002933,2026-03-22,2026-03-22
c002933,2026-03-22,2026-04-01
c002933,2026-03-22,2026-04-22
c002934,2026-03-22,2026-03-22
c002934,2026-03-22,2026-04-08
c002934,2026-03-22,2026-04-15
c002934,2026-03-22,2026-04-24
c002934,2026-03-22,2026-05-01
c002934,2026-03-22,2026-05-10
c002934,2026-03-22,2026-05-26
c002935,2026-03-22,2026-03-22
c002935,2026-03-22,2026-04-07
c002935,2026-03-22,2026-04-12
c002935,2026-03-22,2026-04-24
c002935,2026-03-22,2026-04-30
c002935,2026-03-22,2026-05-15
c002936,2026-03-22,2026-03-22
c002936,2026-03-22,2026-04-15
c002936,2026-03-22,2026-04-20
c002936,2026-03-22,2026-04-30
c002936,2026-03-22,2026-05-03
c002937,2026-03-22,2026-03-22
c002937,2026-03-22,2026-03-29
c002937,2026-03-22,2026-04-11
c002937,2026-03-22,2026-04-15
c002937,2026-03-22,2026-04-26
c002937,2026-03-22,2026-05-04
c002937,2026-03-22,2026-05-17
c002938,2026-03-22,2026-03-22
c002938,2026-03-22,2026-05-16
c002938,2026-03-22,2026-05-26
c002939,2026-03-22,2026-03-22
c002939,2026-03-22,2026-04-06
c002939,2026-03-22,2026-04-16
c002939,2026-03-22,2026-05-03
c002940,2026-03-22,2026-03-22
c002940,2026-03-22,2026-03-29
c002940,2026-03-22,2026-04-08
c002940,2026-03-22,2026-04-17
c002940,2026-03-22,2026-04-27
c002941,2026-03-22,2026-03-22
c002941,2026-03-22,2026-04-11
c002941,2026-03-22,2026-04-17
c002941,2026-03-22,2026-05-03
c002942,2026-03-22,2026-03-22
c002942,2026-03-22,2026-04-01
c002942,2026-03-22,2026-04-10
c002942,2026-03-22,2026-05-18
c002943,2026-03-22,2026-03-22
c002943,2026-03-22,2026-04-01
c002944,2026-03-22,2026-03-22
c002945,2026-03-22,2026-03-22
c002945,2026-03-22,2026-05-09
c002945,2026-03-22,2026-05-17
c002946,2026-03-22,2026-03-22
c002946,2026-03-22,2026-03-30
c002946,2026-03-22,2026-04-08
c002947,2026-03-22,2026-03-22
c002947,2026-03-22,2026-04-10
c002947,2026-03-22,2026-04-19
c002947,2026-03-22,2026-05-05
c002948,2026-03-22,2026-03-22
c002948,2026-03-22,2026-03-30
c002948,2026-03-22,2026-04-28
c002948,2026-03-22,2026-05-22
c002949,2026-03-22,2026-03-22
c002949,2026-03-22,2026-03-29
c002950,2026-03-22,2026-03-22
c002950,2026-03-22,2026-04-07
c002950,2026-03-22,2026-04-16
c002950,2026-03-22,2026-04-24
c002950,2026-03-22,2026-04-27
c002951,2026-03-22,2026-03-22
c002951,2026-03-22,2026-04-22
c002952,2026-03-22,2026-03-22
c002952,2026-03-22,2026-04-04
c002952,2026-03-22,2026-04-24
c002952,2026-03-22,2026-05-12
c002953,2026-03-22,2026-03-22
c002953,2026-03-22,2026-04-12
c002954,2026-03-22,2026-03-22
c002955,2026-03-22,2026-03-22
c002955,2026-03-22,2026-04-18
c002955,2026-03-22,2026-04-30
c002955,2026-03-22,2026-05-03
c002956,2026-03-22,2026-03-22
c002956,2026-03-22,2026-04-01
c002956,2026-03-22,2026-04-08
c002956,2026-03-22,2026-04-22
c002956,2026-03-22,2026-05-04
c002957,2026-03-22,2026-03-22
c002957,2026-03-22,2026-04-07
c002957,2026-03-22,2026-04-16
c002958,2026-03-22,2026-03-22
c002958,2026-03-22,2026-04-03
c002958,2026-03-22,2026-04-10
c002958,2026-03-22,2026-04-30
c002958,2026-03-22,2026-05-11
c002958,2026-03-22,2026-05-21
c002959,2026-03-22,2026-03-22
c002959,2026-03-22,2026-03-29
c002959,2026-03-22,2026-04-29
c002960,2026-03-22,2026-03-22
c002960,2026-03-22,2026-04-10
c002961,2026-03-22,2026-03-22
c002961,2026-03-22,2026-03-31
c002961,2026-03-22,2026-04-15
c002961,2026-03-22,2026-05-13
c002962,2026-03-22,2026-03-22
c002962,2026-03-22,2026-04-02
c002962,2026-03-22,2026-04-22
c002963,2026-03-22,2026-03-22
c002963,2026-03-22,2026-04-10
c002963,2026-03-22,2026-04-12
c002963,2026-03-22,2026-04-22
c002963,2026-03-22,2026-05-10
c002964,2026-03-22,2026-03-22
c002964,2026-03-22,2026-04-06
c002964,2026-03-22,2026-04-19
c002965,2026-03-22,2026-03-22
c002965,2026-03-22,2026-04-12
c002965,2026-03-22,2026-05-16
c002966,2026-03-22,2026-03-22
c002966,2026-03-22,2026-04-08
c002966,2026-03-22,2026-04-21
c002967,2026-03-22,2026-03-22
c002967,2026-03-22,2026-04-06
c002968,2026-03-22,2026-03-22
c002968,2026-03-22,2026-04-03
c002968,2026-03-22,2026-04-05
c002968,2026-03-22,2026-05-05
c002969,2026-03-22,2026-03-22
c002969,2026-03-22,2026-03-31
c002969,2026-03-22,2026-05-16
c002969,2026-03-22,2026-05-17
c002970,2026-03-22,2026-03-22
c002971,2026-03-22,2026-03-22
c002971,2026-03-22,2026-04-14
c002971,2026-03-22,2026-04-29
c002972,2026-03-22,2026-03-22
c002972,2026-03-22,2026-04-06
c002972,2026-03-22,2026-04-24
c002973,2026-03-22,2026-03-22
c002973,2026-03-22,2026-03-29
c002973,2026-03-22,2026-04-25
c002974,2026-03-22,2026-03-22
c002974,2026-03-22,2026-04-12
c002974,2026-03-22,2026-05-16
c002975,2026-03-22,2026-03-22
c002975,2026-03-22,2026-03-29
c002976,2026-03-22,2026-03-22
c002976,2026-03-22,2026-04-05
c002976,2026-03-22,2026-04-27
c002977,2026-03-22,2026-03-22
c002977,2026-03-22,2026-04-29
c002978,2026-03-22,2026-03-22
c002978,2026-03-22,2026-03-29
c002978,2026-03-22,2026-04-08
c002978,2026-03-22,2026-04-13
c002979,2026-03-22,2026-03-22
c002979,2026-03-22,2026-04-14
c002980,2026-03-22,2026-03-22
c002980,2026-03-22,2026-04-12
c002980,2026-03-22,2026-05-13
c002981,2026-03-22,2026-03-22
c002981,2026-03-22,2026-04-10
c002981,2026-03-22,2026-05-06
c002982,2026-03-22,2026-03-22
c002982,2026-03-22,2026-04-06
c002982,2026-03-22,2026-05-23
c002983,2026-03-22,2026-03-22
c002983,2026-03-22,2026-04-16
c002983,2026-03-22,2026-05-21
c002984,2026-03-22,2026-03-22
c002984,2026-03-22,2026-04-04
c002984,2026-03-22,2026-04-18
c002984,2026-03-22,2026-05-03
c002984,2026-03-22,2026-05-16
c002985,2026-03-22,2026-03-22
c002985,2026-03-22,2026-03-29
c002985,2026-03-22,2026-05-17
c002986,2026-03-22,2026-03-22
c002986,2026-03-22,2026-04-03
c002986,2026-03-22,2026-04-19
c002986,2026-03-22,2026-05-03
c002987,2026-03-22,2026-03-22
c002987,2026-03-22,2026-04-22
c002987,2026-03-22,2026-04-27
c002988,2026-03-22,2026-03-22
c002988,2026-03-22,2026-04-21
c002988,2026-03-22,2026-05-01
c002988,2026-03-22,2026-05-29
c002989,2026-03-22,2026-03-22
c002989,2026-03-22,2026-04-07
c002989,2026-03-22,2026-04-16
c002990,2026-03-22,2026-03-22
c002990,2026-03-22,2026-03-29
c002990,2026-03-22,2026-04-09
c002990,2026-03-22,2026-04-26
c002991,2026-03-22,2026-03-22
c002991,2026-03-22,2026-03-29
c002991,2026-03-22,2026-04-06
c002992,2026-03-22,2026-03-22
c002992,2026-03-22,2026-03-29
c002992,2026-03-22,2026-04-05
c002992,2026-03-22,2026-04-18
c002992,2026-03-22,2026-05-03
c002993,2026-03-22,2026-03-22
c002993,2026-03-22,2026-04-11
c002993,2026-03-22,2026-04-23
c002994,2026-03-22,2026-03-22
c002994,2026-03-22,2026-03-29
c002994,2026-03-22,2026-04-12
c002994,2026-03-22,2026-04-28
c002994,2026-03-22,2026-05-21
c002995,2026-03-22,2026-03-22
c002995,2026-03-22,2026-04-01
c002996,2026-03-22,2026-03-22
c002996,2026-03-22,2026-04-07
c002996,2026-03-22,2026-04-25
c002997,2026-03-22,2026-03-22
c002997,2026-03-22,2026-05-01
c002997,2026-03-22,2026-05-12
c002997,2026-03-22,2026-05-22
c002998,2026-03-22,2026-03-22
c002998,2026-03-22,2026-04-03
c002998,2026-03-22,2026-04-18
c002998,2026-03-22,2026-05-21
c002998,2026-03-22,2026-05-26
c002999,2026-03-22,2026-03-22
c002999,2026-03-22,2026-04-11
c002999,2026-03-22,2026-04-20
c003000,2026-03-22,2026-03-22
c003000,2026-03-22,2026-04-04
c003000,2026-03-22,2026-05-16
c003001,2026-03-22,2026-03-22
c003001,2026-03-22,2026-03-30
c003001,2026-03-22,2026-04-18
c003001,2026-03-22,2026-04-19
c003002,2026-03-22,2026-03-22
c003002,2026-03-22,2026-04-03
c003002,2026-03-22,2026-04-07
c003002,2026-03-22,2026-04-30
c003002,2026-03-22,2026-05-11
c003003,2026-03-22,2026-03-22
c003003,2026-03-22,2026-04-02
c003003,2026-03-22,2026-04-22
c003004,2026-03-22,2026-03-22
c003004,2026-03-22,2026-03-29
c003004,2026-03-22,2026-04-30
c003005,2026-03-22,2026-03-22
c003005,2026-03-22,2026-04-11
c003005,2026-03-22,2026-04-12
c003005,2026-03-22,2026-05-02
c003005,2026-03-22,2026-05-05
c003006,2026-03-22,2026-03-22
c003006,2026-03-22,2026-04-09
c003007,2026-03-22,2026-03-22
c003007,2026-03-22,2026-04-04
c003007,2026-03-22,2026-04-21
c003007,2026-03-22,2026-05-02
c003007,2026-03-22,2026-05-23
c003008,2026-03-22,2026-03-22
c003008,2026-03-22,2026-04-03
c003009,2026-03-22,2026-03-22
c003009,2026-03-22,2026-03-29
c003009,2026-03-22,2026-04-10
c003009,2026-03-22,2026-04-20
c003010,2026-03-22,2026-03-22
c003010,2026-03-22,2026-03-29
c003010,2026-03-22,2026-04-06
c003010,2026-03-22,2026-04-25
c003010,2026-03-22,2026-05-23
c003011,2026-03-22,2026-03-22
c003011,2026-03-22,2026-03-30
c003011,2026-03-22,2026-04-07
c003011,2026-03-22,2026-05-19
c003012,2026-03-22,2026-03-22
c003012,2026-03-22,2026-04-02
c003012,2026-03-22,2026-04-08
c003012,2026-03-22,2026-05-28
c003013,2026-03-22,2026-03-22
c003013,2026-03-22,2026-04-13
c003013,2026-03-22,2026-04-21
c003013,2026-03-22,2026-05-10
c003014,2026-03-22,2026-03-22
c003014,2026-03-22,2026-04-01
c003014,2026-03-22,2026-04-11
c003015,2026-03-22,2026-03-22
c003015,2026-03-22,2026-05-06
c003015,2026-03-22,2026-05-25
c003016,2026-03-22,2026-03-22
c003016,2026-03-22,2026-05-22
c003017,2026-03-22,2026-03-22
c003017,2026-03-22,2026-03-29
c003017,2026-03-22,2026-04-09
c003018,2026-03-22,2026-03-22
c003018,2026-03-22,2026-03-30
c003018,2026-03-22,2026-04-07
c003018,2026-03-22,2026-04-28
c003019,2026-03-22,2026-03-22
c003019,2026-03-22,2026-04-10
c003019,2026-03-22,2026-04-17
c003020,2026-03-22,2026-03-22
c003020,2026-03-22,2026-04-05
c003020,2026-03-22,2026-04-25
c003021,2026-03-22,2026-03-22
c003021,2026-03-22,2026-04-01
c003021,2026-03-22,2026-05-01
c003021,2026-03-22,2026-05-11
c003022,2026-03-22,2026-03-22
c003022,2026-03-22,2026-04-12
c003023,2026-03-22,2026-03-22
c003023,2026-03-22,2026-04-18
c003023,2026-03-22,2026-04-30
c003023,2026-03-22,2026-05-08
c003023,2026-03-22,2026-05-11
c003023,2026-03-22,2026-05-19
c003024,2026-03-22,2026-03-22
c003024,2026-03-22,2026-04-08
c003025,2026-03-22,2026-03-22
c003025,2026-03-22,2026-04-11
c003025,2026-03-22,2026-04-15
c003026,2026-03-22,2026-03-22
c003026,2026-03-22,2026-04-03
c003026,2026-03-22,2026-04-09
c003026,2026-03-22,2026-04-15
c003026,2026-03-22,2026-04-26
c003027,2026-03-22,2026-03-22
c003027,2026-03-22,2026-05-06
c003028,2026-03-22,2026-03-22
c003028,2026-03-22,2026-04-06
c003028,2026-03-22,2026-04-22
c003029,2026-03-22,2026-03-22
c003029,2026-03-22,2026-03-29
c003030,2026-03-22,2026-03-22
c003030,2026-03-22,2026-04-03
c003030,2026-03-22,2026-04-07
c003030,2026-03-22,2026-05-02
c003030,2026-03-22,2026-05-03
c003031,2026-03-22,2026-03-22
c003031,2026-03-22,2026-05-19
c003032,2026-03-22,2026-03-22
c003032,2026-03-22,2026-04-18
c003032,2026-03-22,2026-04-24
c003032,2026-03-22,2026-05-06
c003033,2026-03-22,2026-03-22
c003033,2026-03-22,2026-03-30
c003033,2026-03-22,2026-04-22
c003033,2026-03-22,2026-05-09
c003033,2026-03-22,2026-05-22
c003033,2026-03-22,2026-05-24
c003034,2026-03-22,2026-03-22
c003034,2026-03-22,2026-03-30
c003034,2026-03-22,2026-04-09
c003034,2026-03-22,2026-04-24
c003034,2026-03-22,2026-05-19
c003035,2026-03-22,2026-03-22
c003035,2026-03-22,2026-03-29
c003036,2026-03-22,2026-03-22
c003036,2026-03-22,2026-04-18
c003036,2026-03-22,2026-04-19
c003037,2026-03-22,2026-03-22
c003037,2026-03-22,2026-04-21
c003038,2026-03-22,2026-03-22
c003038,2026-03-22,2026-04-01
c003038,2026-03-22,2026-05-19
c003039,2026-03-22,2026-03-22
c003039,2026-03-22,2026-04-06
c003040,2026-03-22,2026-03-22
c003040,2026-03-22,2026-04-05
c003040,2026-03-22,2026-04-19
c003041,2026-03-22,2026-03-22
c003041,2026-03-22,2026-04-01
c003041,2026-03-22,2026-04-15
c003042,2026-03-22,2026-03-22
c003042,2026-03-22,2026-04-06
c003043,2026-03-22,2026-03-22
c003043,2026-03-22,2026-04-14
c003043,2026-03-22,2026-04-21
c003043,2026-03-22,2026-04-30
c003044,2026-03-22,2026-03-22
c003044,2026-03-22,2026-04-04
c003044,2026-03-22,2026-04-19
c003044,2026-03-22,2026-04-26
c003045,2026-03-22,2026-03-22
c003045,2026-03-22,2026-04-06
c003045,2026-03-22,2026-05-15
c003045,2026-03-22,2026-05-30
c003046,2026-03-22,2026-03-22
c003046,2026-03-22,2026-04-05
c003046,2026-03-22,2026-05-17
c003047,2026-03-22,2026-03-22
c003047,2026-03-22,2026-04-02
c003047,2026-03-22,2026-04-22
c003047,2026-03-22,2026-05-30
c003048,2026-03-22,2026-03-22
c003048,2026-03-22,2026-04-01
c003048,2026-03-22,2026-04-22
c003048,2026-03-22,2026-05-07
c003049,2026-03-22,2026-03-22
c003049,2026-03-22,2026-04-01
c003049,2026-03-22,2026-04-11
c003049,2026-03-22,2026-04-25
c003050,2026-03-22,2026-03-22
c003050,2026-03-22,2026-03-30
c003051,2026-03-22,2026-03-22
c003051,2026-03-22,2026-03-29
c003051,2026-03-22,2026-04-09
c003051,2026-03-22,2026-04-14
c003051,2026-03-22,2026-04-27
c003051,2026-03-22,2026-05-07
c003052,2026-03-22,2026-03-22
c003052,2026-03-22,2026-04-13
c003052,2026-03-22,2026-05-03
c003053,2026-03-22,2026-03-22
c003053,2026-03-22,2026-04-02
c003053,2026-03-22,2026-05-07
c003053,2026-03-22,2026-05-21
c003054,2026-03-22,2026-03-22
c003054,2026-03-22,2026-04-21
c003054,2026-03-22,2026-05-15
c003054,2026-03-22,2026-05-29
c003055,2026-03-22,2026-03-22
c003055,2026-03-22,2026-04-01
c003055,2026-03-22,2026-05-25
c003056,2026-03-22,2026-03-22
c003056,2026-03-22,2026-03-30
c003056,2026-03-22,2026-04-15
c003057,2026-03-22,2026-03-22
c003057,2026-03-22,2026-03-31
c003057,2026-03-22,2026-05-23
c003058,2026-03-22,2026-03-22
c003058,2026-03-22,2026-04-01
c003058,2026-03-22,2026-04-30
c003058,2026-03-22,2026-05-06
c003058,2026-03-22,2026-05-14
c003059,2026-03-22,2026-03-22
c003059,2026-03-22,2026-04-19
c003060,2026-03-22,2026-03-22
c003060,2026-03-22,2026-04-09
c003060,2026-03-22,2026-04-13
c003060,2026-03-22,2026-04-25
c003061,2026-03-22,2026-03-22
c003061,2026-03-22,2026-03-31
c003061,2026-03-22,2026-04-05
c003061,2026-03-22,2026-05-30
c003062,2026-03-22,2026-03-22
c003062,2026-03-22,2026-04-28
c003062,2026-03-22,2026-05-16
c003063,2026-03-22,2026-03-22
c003063,2026-03-22,2026-05-08
c003063,2026-03-22,2026-05-19
c003064,2026-03-22,2026-03-22
c003064,2026-03-22,2026-04-09
c003064,2026-03-22,2026-04-18
c003064,2026-03-22,2026-04-19
c003064,2026-03-22,2026-05-03
c003064,2026-03-22,2026-05-23
c003065,2026-03-22,2026-03-22
c003065,2026-03-22,2026-04-01
c003065,2026-03-22,2026-04-08
c003065,2026-03-22,2026-04-12
c003066,2026-03-22,2026-03-22
c003066,2026-03-22,2026-04-02
c003066,2026-03-22,2026-04-07
c003066,2026-03-22,2026-04-13
c003066,2026-03-22,2026-05-24
c003067,2026-03-22,2026-03-22
c003067,2026-03-22,2026-04-26
c003067,2026-03-22,2026-05-11
c003067,2026-03-22,2026-05-20
c003068,2026-03-22,2026-03-22
c003068,2026-03-22,2026-04-06
c003068,2026-03-22,2026-04-21
c003068,2026-03-22,2026-05-24
c003069,2026-03-22,2026-03-22
c003069,2026-03-22,2026-04-02
c003069,2026-03-22,2026-04-07
c003069,2026-03-22,2026-04-12
c003070,2026-03-22,2026-03-22
c003070,2026-03-22,2026-03-31
c003070,2026-03-22,2026-04-07
c003070,2026-03-22,2026-05-08
c003071,2026-03-22,2026-03-22
c003071,2026-03-22,2026-04-03
c003071,2026-03-22,2026-04-05
c003071,2026-03-22,2026-04-12
c003071,2026-03-22,2026-05-13
c003072,2026-03-22,2026-03-22
c003072,2026-03-22,2026-04-01
c003072,2026-03-22,2026-04-05
c003072,2026-03-22,2026-04-22
c003072,2026-03-22,2026-05-19
c003072,2026-03-22,2026-05-24
c003073,2026-03-22,2026-03-22
c003073,2026-03-22,2026-04-08
c003073,2026-03-22,2026-04-15
c003074,2026-03-22,2026-03-22
c003074,2026-03-22,2026-05-21
c003075,2026-03-22,2026-03-22
c003075,2026-03-22,2026-04-11
c003075,2026-03-22,2026-04-13
c003076,2026-03-22,2026-03-22
c003076,2026-03-22,2026-04-01
c003076,2026-03-22,2026-04-12
c003076,2026-03-22,2026-04-27
c003077,2026-03-22,2026-03-22
c003077,2026-03-22,2026-04-13
c003078,2026-03-22,2026-03-22
c003078,2026-03-22,2026-04-20
c003079,2026-03-22,2026-03-22
c003079,2026-03-22,2026-03-31
c003079,2026-03-22,2026-04-08
c003079,2026-03-22,2026-04-17
c003079,2026-03-22,2026-05-06
c003080,2026-03-22,2026-03-22
c003080,2026-03-22,2026-03-31
c003080,2026-03-22,2026-04-10
c003080,2026-03-22,2026-04-19
c003081,2026-03-22,2026-03-22
c003081,2026-03-22,2026-04-03
c003081,2026-03-22,2026-04-05
c003081,2026-03-22,2026-04-18
c003082,2026-03-22,2026-03-22
c003082,2026-03-22,2026-04-09
c003082,2026-03-22,2026-05-23
c003083,2026-03-22,2026-03-22
c003083,2026-03-22,2026-03-30
c003084,2026-03-22,2026-03-22
c003084,2026-03-22,2026-04-05
c003084,2026-03-22,2026-04-24
c003084,2026-03-22,2026-04-29
c003085,2026-03-22,2026-03-22
c003085,2026-03-22,2026-05-01
c003085,2026-03-22,2026-05-21
c003086,2026-03-22,2026-03-22
c003086,2026-03-22,2026-04-11
c003086,2026-03-22,2026-05-14
c003086,2026-03-22,2026-05-19
c003087,2026-03-22,2026-03-22
c003087,2026-03-22,2026-03-30
c003087,2026-03-22,2026-05-03
c003088,2026-03-22,2026-03-22
c003088,2026-03-22,2026-04-04
c003088,2026-03-22,2026-04-16
c003088,2026-03-22,2026-04-22
c003089,2026-03-22,2026-03-22
c003089,2026-03-22,2026-03-29
c003090,2026-03-22,2026-03-22
c003090,2026-03-22,2026-04-04
c003090,2026-03-22,2026-04-15
c003090,2026-03-22,2026-04-27
c003090,2026-03-22,2026-05-24
c003091,2026-03-22,2026-03-22
c003091,2026-03-22,2026-03-31
c003092,2026-03-22,2026-03-22
c003092,2026-03-22,2026-04-01
c003092,2026-03-22,2026-04-08
c003092,2026-03-22,2026-04-16
c003092,2026-03-22,2026-05-07
c003092,2026-03-22,2026-05-15
c003092,2026-03-22,2026-05-22
c003093,2026-03-22,2026-03-22
c003093,2026-03-22,2026-03-30
c003093,2026-03-22,2026-05-04
c003094,2026-03-29,2026-03-29
c003094,2026-03-29,2026-04-26
c003094,2026-03-29,2026-05-04
c003094,2026-03-29,2026-05-13
c003095,2026-03-29,2026-03-29
c003095,2026-03-29,2026-04-17
c003095,2026-03-29,2026-04-23
c003095,2026-03-29,2026-04-28
c003095,2026-03-29,2026-05-09
c003096,2026-03-29,2026-03-29
c003096,2026-03-29,2026-04-07
c003096,2026-03-29,2026-04-13
c003097,2026-03-29,2026-03-29
c003097,2026-03-29,2026-04-11
c003097,2026-03-29,2026-04-20
c003097,2026-03-29,2026-05-04
c003097,2026-03-29,2026-05-10
c003098,2026-03-29,2026-03-29
c003098,2026-03-29,2026-04-19
c003098,2026-03-29,2026-05-29
c003099,2026-03-29,2026-03-29
c003099,2026-03-29,2026-04-11
c003099,2026-03-29,2026-04-24
c003099,2026-03-29,2026-05-18
c003100,2026-03-29,2026-03-29
c003100,2026-03-29,2026-04-17
c003100,2026-03-29,2026-05-18
c003101,2026-03-29,2026-03-29
c003101,2026-03-29,2026-05-18
c003102,2026-03-29,2026-03-29
c003102,2026-03-29,2026-04-18
c003102,2026-03-29,2026-05-19
c003102,2026-03-29,2026-05-26
c003103,2026-03-29,2026-03-29
c003103,2026-03-29,2026-04-08
c003103,2026-03-29,2026-05-02
c003104,2026-03-29,2026-03-29
c003104,2026-03-29,2026-05-03
c003105,2026-03-29,2026-03-29
c003106,2026-03-29,2026-03-29
c003106,2026-03-29,2026-04-09
c003106,2026-03-29,2026-05-05
c003107,2026-03-29,2026-03-29
c003107,2026-03-29,2026-04-11
c003107,2026-03-29,2026-04-12
c003107,2026-03-29,2026-04-25
c003108,2026-03-29,2026-03-29
c003108,2026-03-29,2026-04-07
c003108,2026-03-29,2026-04-15
c003108,2026-03-29,2026-04-29
c003108,2026-03-29,2026-05-08
c003108,2026-03-29,2026-05-20
c003109,2026-03-29,2026-03-29
c003109,2026-03-29,2026-04-07
c003109,2026-03-29,2026-04-12
c003109,2026-03-29,2026-04-20
c003109,2026-03-29,2026-04-30
c003110,2026-03-29,2026-03-29
c003110,2026-03-29,2026-04-10
c003110,2026-03-29,2026-04-13
c003110,2026-03-29,2026-04-30
c003110,2026-03-29,2026-05-04
c003110,2026-03-29,2026-05-18
c003111,2026-03-29,2026-03-29
c003111,2026-03-29,2026-04-09
c003111,2026-03-29,2026-04-18
c003112,2026-03-29,2026-03-29
c003112,2026-03-29,2026-04-18
c003113,2026-03-29,2026-03-29
c003113,2026-03-29,2026-04-07
c003113,2026-03-29,2026-04-21
c003113,2026-03-29,2026-05-09
c003114,2026-03-29,2026-03-29
c003114,2026-03-29,2026-04-07
c003114,2026-03-29,2026-04-20
c003114,2026-03-29,2026-05-06
c003115,2026-03-29,2026-03-29
c003115,2026-03-29,2026-04-10
c003115,2026-03-29,2026-04-15
c003115,2026-03-29,2026-04-29
c003115,2026-03-29,2026-05-04
c003116,2026-03-29,2026-03-29
c003116,2026-03-29,2026-04-08
c003116,2026-03-29,2026-05-01
c003116,2026-03-29,2026-05-08
c003117,2026-03-29,2026-03-29
c003117,2026-03-29,2026-04-07
c003117,2026-03-29,2026-04-22
c003117,2026-03-29,2026-05-14
c003118,2026-03-29,2026-03-29
c003118,2026-03-29,2026-04-11
c003118,2026-03-29,2026-05-08
c003119,2026-03-29,2026-03-29
c003119,2026-03-29,2026-04-10
c003119,2026-03-29,2026-05-01
c003119,2026-03-29,2026-05-08
c003119,2026-03-29,2026-05-14
c003120,2026-03-29,2026-03-29
c003120,2026-03-29,2026-04-11
c003120,2026-03-29,2026-04-25
c003121,2026-03-29,2026-03-29
c003121,2026-03-29,2026-04-05
c003122,2026-03-29,2026-03-29
c003123,2026-03-29,2026-03-29
c003123,2026-03-29,2026-04-07
c003123,2026-03-29,2026-05-04
c003123,2026-03-29,2026-05-26
c003124,2026-03-29,2026-03-29
c003124,2026-03-29,2026-04-09
c003124,2026-03-29,2026-04-12
c003124,2026-03-29,2026-04-25
c003125,2026-03-29,2026-03-29
c003126,2026-03-29,2026-03-29
c003126,2026-03-29,2026-05-01
c003127,2026-03-29,2026-03-29
c003127,2026-03-29,2026-04-08
c003127,2026-03-29,2026-04-20
c003127,2026-03-29,2026-05-21
c003128,2026-03-29,2026-03-29
c003128,2026-03-29,2026-04-15
c003129,2026-03-29,2026-03-29
c003129,2026-03-29,2026-04-16
c003129,2026-03-29,2026-05-16
c003130,2026-03-29,2026-03-29
c003130,2026-03-29,2026-04-08
c003130,2026-03-29,2026-04-17
c003130,2026-03-29,2026-05-01
c003131,2026-03-29,2026-03-29
c003131,2026-03-29,2026-04-28
c003131,2026-03-29,2026-05-08
c003131,2026-03-29,2026-05-11
c003131,2026-03-29,2026-05-24
c003132,2026-03-29,2026-03-29
c003132,2026-03-29,2026-04-15
c003132,2026-03-29,2026-04-23
c003132,2026-03-29,2026-05-13
c003132,2026-03-29,2026-05-26
c003133,2026-03-29,2026-03-29
c003133,2026-03-29,2026-04-07
c003133,2026-03-29,2026-04-20
c003134,2026-03-29,2026-03-29
c003134,2026-03-29,2026-04-05
c003134,2026-03-29,2026-04-18
c003134,2026-03-29,2026-04-21
c003134,2026-03-29,2026-05-19
c003135,2026-03-29,2026-03-29
c003135,2026-03-29,2026-04-07
c003136,2026-03-29,2026-03-29
c003137,2026-03-29,2026-03-29
c003137,2026-03-29,2026-04-30
c003138,2026-03-29,2026-03-29
c003138,2026-03-29,2026-04-10
c003138,2026-03-29,2026-04-18
c003138,2026-03-29,2026-04-23
c003138,2026-03-29,2026-05-15
c003139,2026-03-29,2026-03-29
c003139,2026-03-29,2026-04-08
c003139,2026-03-29,2026-04-24
c003140,2026-03-29,2026-03-29
c003140,2026-03-29,2026-04-11
c003140,2026-03-29,2026-05-17
c003141,2026-03-29,2026-03-29
c003141,2026-03-29,2026-04-17
c003141,2026-03-29,2026-04-24
c003141,2026-03-29,2026-05-10
c003142,2026-03-29,2026-03-29
c003142,2026-03-29,2026-05-06
c003142,2026-03-29,2026-05-14
c003143,2026-03-29,2026-03-29
c003143,2026-03-29,2026-04-17
c003143,2026-03-29,2026-04-21
c003143,2026-03-29,2026-05-02
c003144,2026-03-29,2026-03-29
c003144,2026-03-29,2026-04-12
c003144,2026-03-29,2026-05-16
c003145,2026-03-29,2026-03-29
c003145,2026-03-29,2026-04-05
c003145,2026-03-29,2026-04-18
c003146,2026-03-29,2026-03-29
c003146,2026-03-29,2026-04-29
c003146,2026-03-29,2026-05-31
c003147,2026-03-29,2026-03-29
c003147,2026-03-29,2026-04-08
c003147,2026-03-29,2026-04-27
c003148,2026-03-29,2026-03-29
c003148,2026-03-29,2026-04-13
c003148,2026-03-29,2026-04-25
c003149,2026-03-29,2026-03-29
c003149,2026-03-29,2026-04-11
c003149,2026-03-29,2026-04-20
c003149,2026-03-29,2026-05-18
c003150,2026-03-29,2026-03-29
c003150,2026-03-29,2026-04-10
c003150,2026-03-29,2026-04-12
c003150,2026-03-29,2026-05-01
c003151,2026-03-29,2026-03-29
c003151,2026-03-29,2026-05-01
c003151,2026-03-29,2026-05-08
c003152,2026-03-29,2026-03-29
c003152,2026-03-29,2026-04-22
c003152,2026-03-29,2026-04-29
c003152,2026-03-29,2026-05-05
c003152,2026-03-29,2026-05-12
c003153,2026-03-29,2026-03-29
c003153,2026-03-29,2026-04-10
c003154,2026-03-29,2026-03-29
c003154,2026-03-29,2026-04-08
c003154,2026-03-29,2026-04-25
c003154,2026-03-29,2026-05-11
c003155,2026-03-29,2026-03-29
c003155,2026-03-29,2026-05-09
c003156,2026-03-29,2026-03-29
c003156,2026-03-29,2026-04-13
c003156,2026-03-29,2026-04-20
c003157,2026-03-29,2026-03-29
c003157,2026-03-29,2026-04-10
c003157,2026-03-29,2026-04-14
c003157,2026-03-29,2026-04-20
c003157,2026-03-29,2026-04-26
c003157,2026-03-29,2026-05-17
c003158,2026-03-29,2026-03-29
c003158,2026-03-29,2026-04-07
c003158,2026-03-29,2026-04-19
c003158,2026-03-29,2026-05-17
c003159,2026-03-29,2026-03-29
c003159,2026-03-29,2026-04-08
c003159,2026-03-29,2026-05-04
c003159,2026-03-29,2026-05-12
c003159,2026-03-29,2026-05-26
c003160,2026-03-29,2026-03-29
c003160,2026-03-29,2026-04-30
c003161,2026-03-29,2026-03-29
c003161,2026-03-29,2026-04-11
c003161,2026-03-29,2026-04-29
c003162,2026-03-29,2026-03-29
c003162,2026-03-29,2026-04-13
c003162,2026-03-29,2026-05-30
c003163,2026-03-29,2026-03-29
c003163,2026-03-29,2026-04-11
c003163,2026-03-29,2026-04-18
c003163,2026-03-29,2026-04-22
c003163,2026-03-29,2026-04-27
c003163,2026-03-29,2026-05-25
c003164,2026-03-29,2026-03-29
c003164,2026-03-29,2026-04-09
c003164,2026-03-29,2026-04-12
c003164,2026-03-29,2026-04-30
c003164,2026-03-29,2026-05-04
c003165,2026-03-29,2026-03-29
c003165,2026-03-29,2026-04-08
c003165,2026-03-29,2026-04-15
c003165,2026-03-29,2026-04-27
c003166,2026-03-29,2026-03-29
c003166,2026-03-29,2026-04-06
c003166,2026-03-29,2026-04-13
c003166,2026-03-29,2026-05-01
c003166,2026-03-29,2026-05-05
c003167,2026-03-29,2026-03-29
c003167,2026-03-29,2026-05-07
c003168,2026-03-29,2026-03-29
c003168,2026-03-29,2026-05-02
c003169,2026-03-29,2026-03-29
c003169,2026-03-29,2026-04-23
c003170,2026-03-29,2026-03-29
c003171,2026-03-29,2026-03-29
c003171,2026-03-29,2026-04-11
c003172,2026-03-29,2026-03-29
c003172,2026-03-29,2026-05-14
c003173,2026-03-29,2026-03-29
c003173,2026-03-29,2026-04-10
c003173,2026-03-29,2026-04-16
c003173,2026-03-29,2026-05-06
c003174,2026-03-29,2026-03-29
c003174,2026-03-29,2026-04-05
c003174,2026-03-29,2026-04-22
c003174,2026-03-29,2026-04-28
c003174,2026-03-29,2026-05-19
c003175,2026-03-29,2026-03-29
c003175,2026-03-29,2026-04-10
c003175,2026-03-29,2026-04-24
c003175,2026-03-29,2026-04-29
c003176,2026-03-29,2026-03-29
c003176,2026-03-29,2026-04-21
c003176,2026-03-29,2026-05-28
c003177,2026-03-29,2026-03-29
c003177,2026-03-29,2026-04-11
c003177,2026-03-29,2026-04-15
c003177,2026-03-29,2026-04-22
c003177,2026-03-29,2026-04-29
c003178,2026-03-29,2026-03-29
c003178,2026-03-29,2026-04-08
c003178,2026-03-29,2026-04-17
c003178,2026-03-29,2026-05-12
c003179,2026-03-29,2026-03-29
c003179,2026-03-29,2026-05-10
c003180,2026-03-29,2026-03-29
c003180,2026-03-29,2026-04-10
c003180,2026-03-29,2026-04-18
c003180,2026-03-29,2026-04-26
c003180,2026-03-29,2026-05-15
c003180,2026-03-29,2026-05-17
c003181,2026-03-29,2026-03-29
c003181,2026-03-29,2026-05-03
c003181,2026-03-29,2026-05-20
c003182,2026-03-29,2026-03-29
c003182,2026-03-29,2026-05-06
c003182,2026-03-29,2026-05-12
c003183,2026-03-29,2026-03-29
c003183,2026-03-29,2026-04-22
c003183,2026-03-29,2026-05-12
c003184,2026-03-29,2026-03-29
c003184,2026-03-29,2026-04-17
c003184,2026-03-29,2026-04-19
c003184,2026-03-29,2026-04-27
c003184,2026-03-29,2026-05-28
c003185,2026-03-29,2026-03-29
c003185,2026-03-29,2026-04-06
c003185,2026-03-29,2026-04-13
c003186,2026-03-29,2026-03-29
c003186,2026-03-29,2026-04-09
c003186,2026-03-29,2026-04-29
c003187,2026-03-29,2026-03-29
c003188,2026-03-29,2026-03-29
c003188,2026-03-29,2026-04-06
c003188,2026-03-29,2026-04-13
c003189,2026-03-29,2026-03-29
c003189,2026-03-29,2026-04-28
c003190,2026-03-29,2026-03-29
c003190,2026-03-29,2026-04-07
c003190,2026-03-29,2026-04-17
c003191,2026-03-29,2026-03-29
c003191,2026-03-29,2026-04-11
c003191,2026-03-29,2026-04-13
c003191,2026-03-29,2026-04-19
c003191,2026-03-29,2026-05-10
c003192,2026-03-29,2026-03-29
c003192,2026-03-29,2026-04-08
c003193,2026-03-29,2026-03-29
c003193,2026-03-29,2026-04-12
c003193,2026-03-29,2026-05-07
c003194,2026-03-29,2026-03-29
c003194,2026-03-29,2026-04-08
c003194,2026-03-29,2026-04-25
c003194,2026-03-29,2026-05-02
c003194,2026-03-29,2026-05-09
c003195,2026-03-29,2026-03-29
c003195,2026-03-29,2026-04-16
c003195,2026-03-29,2026-05-05
c003195,2026-03-29,2026-05-12
c003196,2026-03-29,2026-03-29
c003196,2026-03-29,2026-04-10
c003196,2026-03-29,2026-04-17
c003196,2026-03-29,2026-05-06
c003197,2026-03-29,2026-03-29
c003197,2026-03-29,2026-05-28
c003198,2026-03-29,2026-03-29
c003198,2026-03-29,2026-04-08
c003198,2026-03-29,2026-05-02
c003199,2026-03-29,2026-03-29
c003199,2026-03-29,2026-05-21
c003199,2026-03-29,2026-05-25
c003200,2026-03-29,2026-03-29
c003200,2026-03-29,2026-04-08
c003200,2026-03-29,2026-05-31
c003201,2026-03-29,2026-03-29
c003201,2026-03-29,2026-04-09
c003201,2026-03-29,2026-04-15
c003201,2026-03-29,2026-05-01
c003202,2026-03-29,2026-03-29
c003202,2026-03-29,2026-05-05
c003202,2026-03-29,2026-05-12
c003203,2026-03-29,2026-03-29
c003203,2026-03-29,2026-04-06
c003203,2026-03-29,2026-04-17
c003203,2026-03-29,2026-05-26
c003204,2026-03-29,2026-03-29
c003204,2026-03-29,2026-04-11
c003204,2026-03-29,2026-04-18
c003204,2026-03-29,2026-04-29
c003204,2026-03-29,2026-05-07
c003204,2026-03-29,2026-05-19
c003204,2026-03-29,2026-05-27
c003205,2026-03-29,2026-03-29
c003205,2026-03-29,2026-04-05
c003205,2026-03-29,2026-04-12
c003205,2026-03-29,2026-04-27
c003205,2026-03-29,2026-05-27
c003206,2026-03-29,2026-03-29
c003206,2026-03-29,2026-04-09
c003206,2026-03-29,2026-04-21
c003207,2026-03-29,2026-03-29
c003207,2026-03-29,2026-04-06
c003207,2026-03-29,2026-05-14
c003208,2026-03-29,2026-03-29
c003208,2026-03-29,2026-04-15
c003208,2026-03-29,2026-04-20
c003208,2026-03-29,2026-05-13
c003209,2026-03-29,2026-03-29
c003209,2026-03-29,2026-04-12
c003209,2026-03-29,2026-04-19
c003209,2026-03-29,2026-05-28
c003210,2026-03-29,2026-03-29
c003210,2026-03-29,2026-04-09
c003210,2026-03-29,2026-04-26
c003210,2026-03-29,2026-05-27
c003211,2026-03-29,2026-03-29
c003211,2026-03-29,2026-04-07
c003211,2026-03-29,2026-04-21
c003212,2026-03-29,2026-03-29
c003212,2026-03-29,2026-04-06
c003212,2026-03-29,2026-04-28
c003212,2026-03-29,2026-05-08
c003213,2026-03-29,2026-03-29
c003213,2026-03-29,2026-04-06
c003213,2026-03-29,2026-04-15
c003213,2026-03-29,2026-04-26
c003213,2026-03-29,2026-05-03
c003214,2026-03-29,2026-03-29
c003214,2026-03-29,2026-04-16
c003214,2026-03-29,2026-05-25
c003215,2026-03-29,2026-03-29
c003215,2026-03-29,2026-04-11
c003216,2026-03-29,2026-03-29
c003216,2026-03-29,2026-04-09
c003216,2026-03-29,2026-04-21
c003216,2026-03-29,2026-05-30
c003217,2026-03-29,2026-03-29
c003217,2026-03-29,2026-04-17
c003217,2026-03-29,2026-04-27
c003218,2026-03-29,2026-03-29
c003218,2026-03-29,2026-04-08
c003218,2026-03-29,2026-05-01
c003218,2026-03-29,2026-05-07
c003218,2026-03-29,2026-05-26
c003219,2026-03-29,2026-03-29
c003219,2026-03-29,2026-04-08
c003219,2026-03-29,2026-04-26
c003219,2026-03-29,2026-05-15
c003219,2026-03-29,2026-05-23
c003220,2026-03-29,2026-03-29
c003221,2026-03-29,2026-03-29
c003221,2026-03-29,2026-04-10
c003221,2026-03-29,2026-05-01
c003221,2026-03-29,2026-05-05
c003222,2026-03-29,2026-03-29
c003222,2026-03-29,2026-04-17
c003222,2026-03-29,2026-04-30
c003223,2026-03-29,2026-03-29
c003223,2026-03-29,2026-04-05
c003223,2026-03-29,2026-04-17
c003223,2026-03-29,2026-05-10
c003224,2026-03-29,2026-03-29
c003224,2026-03-29,2026-04-09
c003225,2026-03-29,2026-03-29
c003225,2026-03-29,2026-04-08
c003225,2026-03-29,2026-04-23
c003225,2026-03-29,2026-04-30
c003226,2026-03-29,2026-03-29
c003226,2026-03-29,2026-04-08
c003226,2026-03-29,2026-04-20
c003226,2026-03-29,2026-05-01
c003226,2026-03-29,2026-05-29
c003227,2026-03-29,2026-03-29
c003227,2026-03-29,2026-04-09
c003227,2026-03-29,2026-04-12
c003228,2026-03-29,2026-03-29
c003229,2026-03-29,2026-03-29
c003229,2026-03-29,2026-04-16
c003229,2026-03-29,2026-04-27
c003230,2026-03-29,2026-03-29
c003230,2026-03-29,2026-04-16
c003230,2026-03-29,2026-05-18
c003230,2026-03-29,2026-05-25
c003231,2026-03-29,2026-03-29
c003231,2026-03-29,2026-04-17
c003231,2026-03-29,2026-04-25
c003231,2026-03-29,2026-04-28
c003232,2026-03-29,2026-03-29
c003232,2026-03-29,2026-04-19
c003232,2026-03-29,2026-05-01
c003233,2026-03-29,2026-03-29
c003234,2026-03-29,2026-03-29
c003234,2026-03-29,2026-05-11
c003235,2026-03-29,2026-03-29
c003235,2026-03-29,2026-04-10
c003235,2026-03-29,2026-05-02
c003236,2026-03-29,2026-03-29
c003236,2026-03-29,2026-04-13
c003237,2026-03-29,2026-03-29
c003237,2026-03-29,2026-04-08
c003237,2026-03-29,2026-04-12
c003237,2026-03-29,2026-05-18
c003238,2026-03-29,2026-03-29
c003238,2026-03-29,2026-04-09
c003238,2026-03-29,2026-04-12
c003239,2026-03-29,2026-03-29
c003239,2026-03-29,2026-04-17
c003239,2026-03-29,2026-05-13
c003239,2026-03-29,2026-05-31
c003240,2026-03-29,2026-03-29
c003240,2026-03-29,2026-04-08
c003240,2026-03-29,2026-04-15
c003241,2026-03-29,2026-03-29
c003241,2026-03-29,2026-04-11
c003241,2026-03-29,2026-04-17
c003241,2026-03-29,2026-04-22
c003241,2026-03-29,2026-05-19
c003242,2026-03-29,2026-03-29
c003242,2026-03-29,2026-04-18
c003242,2026-03-29,2026-04-20
c003243,2026-03-29,2026-03-29
c003244,2026-03-29,2026-03-29
c003244,2026-03-29,2026-04-05
c003244,2026-03-29,2026-05-09
c003245,2026-03-29,2026-03-29
c003245,2026-03-29,2026-04-11
c003245,2026-03-29,2026-05-02
c003246,2026-03-29,2026-03-29
c003246,2026-03-29,2026-04-06
c003246,2026-03-29,2026-04-13
c003246,2026-03-29,2026-04-20
c003247,2026-03-29,2026-03-29
c003247,2026-03-29,2026-04-06
c003247,2026-03-29,2026-04-21
c003247,2026-03-29,2026-04-27
c003248,2026-03-29,2026-03-29
c003248,2026-03-29,2026-04-25
c003249,2026-03-29,2026-03-29
c003249,2026-03-29,2026-04-09
c003249,2026-03-29,2026-04-18
c003249,2026-03-29,2026-04-23
c003249,2026-03-29,2026-05-05
c003250,2026-03-29,2026-03-29
c003250,2026-03-29,2026-04-08
c003250,2026-03-29,2026-05-12
c003251,2026-03-29,2026-03-29
c003251,2026-03-29,2026-04-18
c003251,2026-03-29,2026-04-26
c003252,2026-03-29,2026-03-29
c003252,2026-03-29,2026-04-18
c003252,2026-03-29,2026-04-29
c003252,2026-03-29,2026-05-08
c003253,2026-03-29,2026-03-29
c003253,2026-03-29,2026-05-08
c003253,2026-03-29,2026-05-19
c003254,2026-03-29,2026-03-29
c003254,2026-03-29,2026-04-08
c003254,2026-03-29,2026-04-19
c003255,2026-03-29,2026-03-29
c003255,2026-03-29,2026-04-17
c003255,2026-03-29,2026-05-16
c003255,2026-03-29,2026-05-30
c003256,2026-03-29,2026-03-29
c003256,2026-03-29,2026-04-17
c003257,2026-03-29,2026-03-29
c003257,2026-03-29,2026-04-07
c003257,2026-03-29,2026-04-24
c003257,2026-03-29,2026-05-09
c003257,2026-03-29,2026-05-27
c003258,2026-03-29,2026-03-29
c003258,2026-03-29,2026-04-16
c003259,2026-03-29,2026-03-29
c003259,2026-03-29,2026-04-05
c003259,2026-03-29,2026-04-19
c003259,2026-03-29,2026-05-08
c003259,2026-03-29,2026-05-25
c003260,2026-03-29,2026-03-29
c003260,2026-03-29,2026-04-13
c003260,2026-03-29,2026-04-22
c003260,2026-03-29,2026-05-03
c003260,2026-03-29,2026-05-15
c003260,2026-03-29,2026-05-22
c003260,2026-03-29,2026-05-28
c003261,2026-03-29,2026-03-29
c003261,2026-03-29,2026-05-10
c003261,2026-03-29,2026-05-17
c003262,2026-03-29,2026-03-29
c003262,2026-03-29,2026-04-05
c003262,2026-03-29,2026-04-14
c003262,2026-03-29,2026-04-30
c003262,2026-03-29,2026-05-05
c003262,2026-03-29,2026-05-12
c003263,2026-03-29,2026-03-29
c003263,2026-03-29,2026-05-02
c003263,2026-03-29,2026-05-20
c003263,2026-03-29,2026-05-29
c003264,2026-03-29,2026-03-29
c003264,2026-03-29,2026-05-04
c003265,2026-03-29,2026-03-29
c003265,2026-03-29,2026-04-06
c003266,2026-03-29,2026-03-29
c003266,2026-03-29,2026-04-06
c003266,2026-03-29,2026-04-15
c003266,2026-03-29,2026-04-23
c003266,2026-03-29,2026-05-02
c003267,2026-03-29,2026-03-29
c003267,2026-03-29,2026-04-14
c003267,2026-03-29,2026-04-22
c003267,2026-03-29,2026-05-23
c003268,2026-03-29,2026-03-29
c003268,2026-03-29,2026-04-17
c003268,2026-03-29,2026-05-05
c003269,2026-03-29,2026-03-29
c003269,2026-03-29,2026-04-09
c003269,2026-03-29,2026-04-17
c003269,2026-03-29,2026-05-03
c003269,2026-03-29,2026-05-25
c003269,2026-03-29,2026-05-31
c003270,2026-03-29,2026-03-29
c003270,2026-03-29,2026-04-18
c003270,2026-03-29,2026-04-24
c003270,2026-03-29,2026-05-12
c003270,2026-03-29,2026-05-24
c003271,2026-03-29,2026-03-29
c003271,2026-03-29,2026-04-07
c003271,2026-03-29,2026-04-18
c003272,2026-03-29,2026-03-29
c003272,2026-03-29,2026-04-10
c003273,2026-03-29,2026-03-29
c003273,2026-03-29,2026-04-08
c003273,2026-03-29,2026-04-28
c003273,2026-03-29,2026-05-07
c003273,2026-03-29,2026-05-10
c003274,2026-03-29,2026-03-29
c003274,2026-03-29,2026-04-07
c003274,2026-03-29,2026-04-14
c003274,2026-03-29,2026-04-20
c003274,2026-03-29,2026-04-28
c003274,2026-03-29,2026-05-12
c003274,2026-03-29,2026-05-18
c003275,2026-03-29,2026-03-29
c003275,2026-03-29,2026-04-18
c003276,2026-03-29,2026-03-29
c003276,2026-03-29,2026-04-15
c003276,2026-03-29,2026-04-21
c003276,2026-03-29,2026-04-29
c003276,2026-03-29,2026-05-15
c003277,2026-03-29,2026-03-29
c003277,2026-03-29,2026-04-18
c003277,2026-03-29,2026-05-03
c003278,2026-03-29,2026-03-29
c003278,2026-03-29,2026-04-07
c003278,2026-03-29,2026-05-06
c003278,2026-03-29,2026-05-28
c003279,2026-03-29,2026-03-29
c003279,2026-03-29,2026-04-05
c003279,2026-03-29,2026-05-04
c003280,2026-03-29,2026-03-29
c003280,2026-03-29,2026-04-11
c003280,2026-03-29,2026-04-18
c003280,2026-03-29,2026-04-28
c003280,2026-03-29,2026-05-18
c003281,2026-03-29,2026-03-29
c003281,2026-03-29,2026-05-14
c003281,2026-03-29,2026-05-21
c003282,2026-03-29,2026-03-29
c003283,2026-03-29,2026-03-29
c003283,2026-03-29,2026-04-08
c003283,2026-03-29,2026-04-28
c003283,2026-03-29,2026-05-06
c003284,2026-03-29,2026-03-29
c003284,2026-03-29,2026-04-10
c003284,2026-03-29,2026-05-17
c003285,2026-03-29,2026-03-29
c003285,2026-03-29,2026-04-13
c003285,2026-03-29,2026-04-23
c003286,2026-03-29,2026-03-29
c003286,2026-03-29,2026-04-11
c003286,2026-03-29,2026-04-26
c003287,2026-03-29,2026-03-29
c003287,2026-03-29,2026-05-16
c003287,2026-03-29,2026-05-29
c003288,2026-03-29,2026-03-29
c003288,2026-03-29,2026-04-21
c003288,2026-03-29,2026-04-27
c003289,2026-03-29,2026-03-29
c003289,2026-03-29,2026-04-13
c003289,2026-03-29,2026-04-23
c003290,2026-03-29,2026-03-29
c003290,2026-03-29,2026-04-22
c003291,2026-03-29,2026-03-29
c003292,2026-03-29,2026-03-29
c003292,2026-03-29,2026-04-06
c003292,2026-03-29,2026-04-13
c003292,2026-03-29,2026-04-29
c003292,2026-03-29,2026-05-20
c003293,2026-03-29,2026-03-29
c003293,2026-03-29,2026-05-01
c003293,2026-03-29,2026-05-07
c003294,2026-03-29,2026-03-29
c003294,2026-03-29,2026-04-13
c003294,2026-03-29,2026-04-23
c003294,2026-03-29,2026-04-26
c003295,2026-03-29,2026-03-29
c003295,2026-03-29,2026-04-27
c003295,2026-03-29,2026-05-03
c003296,2026-03-29,2026-03-29
c003296,2026-03-29,2026-04-08
c003296,2026-03-29,2026-04-22
c003296,2026-03-29,2026-05-06
c003296,2026-03-29,2026-05-20
c003296,2026-03-29,2026-05-25
c003297,2026-03-29,2026-03-29
c003297,2026-03-29,2026-04-08
c003297,2026-03-29,2026-05-12
c003297,2026-03-29,2026-05-20
c003298,2026-03-29,2026-03-29
c003298,2026-03-29,2026-04-13
c003299,2026-03-29,2026-03-29
c003299,2026-03-29,2026-04-12
c003300,2026-03-29,2026-03-29
c003300,2026-03-29,2026-04-09
c003300,2026-03-29,2026-04-29
c003301,2026-03-29,2026-03-29
c003301,2026-03-29,2026-04-17
c003301,2026-03-29,2026-05-05
c003301,2026-03-29,2026-05-22
c003302,2026-03-29,2026-03-29
c003302,2026-03-29,2026-04-10
c003302,2026-03-29,2026-04-13
c003302,2026-03-29,2026-05-28
c003303,2026-03-29,2026-03-29
c003303,2026-03-29,2026-04-16
c003303,2026-03-29,2026-04-23
c003304,2026-03-29,2026-03-29
c003304,2026-03-29,2026-04-13
c003304,2026-03-29,2026-04-26
c003305,2026-03-29,2026-03-29
c003305,2026-03-29,2026-04-06
c003305,2026-03-29,2026-04-17
c003305,2026-03-29,2026-04-24
c003306,2026-03-29,2026-03-29
c003306,2026-03-29,2026-04-15
c003306,2026-03-29,2026-04-26
c003307,2026-03-29,2026-03-29
c003307,2026-03-29,2026-05-30
c003308,2026-03-29,2026-03-29
c003308,2026-03-29,2026-04-05
c003308,2026-03-29,2026-04-16
c003308,2026-03-29,2026-05-02
c003308,2026-03-29,2026-05-05
c003308,2026-03-29,2026-05-15
c003309,2026-03-29,2026-03-29
c003309,2026-03-29,2026-04-07
c003309,2026-03-29,2026-04-17
c003309,2026-03-29,2026-04-22
c003309,2026-03-29,2026-04-26
c003309,2026-03-29,2026-05-16
c003310,2026-03-29,2026-03-29
c003310,2026-03-29,2026-04-07
c003310,2026-03-29,2026-05-11
c003310,2026-03-29,2026-05-27
c003311,2026-03-29,2026-03-29
c003311,2026-03-29,2026-04-27
c003311,2026-03-29,2026-05-12
c003312,2026-03-29,2026-03-29
c003312,2026-03-29,2026-04-13
c003312,2026-03-29,2026-04-21
c003312,2026-03-29,2026-05-03
c003312,2026-03-29,2026-05-14
c003313,2026-03-29,2026-03-29
c003313,2026-03-29,2026-05-09
c003314,2026-03-29,2026-03-29
c003315,2026-03-29,2026-03-29
c003315,2026-03-29,2026-04-11
c003315,2026-03-29,2026-04-12
c003315,2026-03-29,2026-04-20
c003315,2026-03-29,2026-05-21
c003316,2026-03-29,2026-03-29
c003316,2026-03-29,2026-04-07
c003316,2026-03-29,2026-04-23
c003317,2026-03-29,2026-03-29
c003317,2026-03-29,2026-04-05
c003317,2026-03-29,2026-04-22
c003317,2026-03-29,2026-04-28
c003318,2026-03-29,2026-03-29
c003318,2026-03-29,2026-04-05
c003318,2026-03-29,2026-04-13
c003318,2026-03-29,2026-05-01
c003319,2026-03-29,2026-03-29
c003319,2026-03-29,2026-04-14
c003319,2026-03-29,2026-04-23
c003319,2026-03-29,2026-05-31
c003320,2026-03-29,2026-03-29
c003320,2026-03-29,2026-04-07
c003320,2026-03-29,2026-04-15
c003320,2026-03-29,2026-05-17
c003321,2026-03-29,2026-03-29
c003321,2026-03-29,2026-04-10
c003321,2026-03-29,2026-05-02
c003321,2026-03-29,2026-05-15
c003321,2026-03-29,2026-05-24
c003322,2026-03-29,2026-03-29
c003322,2026-03-29,2026-04-15
c003322,2026-03-29,2026-04-20
c003322,2026-03-29,2026-05-02
c003323,2026-03-29,2026-03-29
c003323,2026-03-29,2026-04-08
c003323,2026-03-29,2026-05-10
c003324,2026-03-29,2026-03-29
c003324,2026-03-29,2026-05-14
c003325,2026-03-29,2026-03-29
c003325,2026-03-29,2026-04-10
c003325,2026-03-29,2026-05-09
c003325,2026-03-29,2026-05-11
c003326,2026-03-29,2026-03-29
c003326,2026-03-29,2026-04-17
c003326,2026-03-29,2026-04-24
c003326,2026-03-29,2026-04-28
c003326,2026-03-29,2026-05-26
c003327,2026-03-29,2026-03-29
c003327,2026-03-29,2026-04-07
c003328,2026-03-29,2026-03-29
c003328,2026-03-29,2026-04-15
c003328,2026-03-29,2026-04-23
c003329,2026-03-29,2026-03-29
c003329,2026-03-29,2026-04-06
c003329,2026-03-29,2026-04-18
c003329,2026-03-29,2026-04-22
c003329,2026-03-29,2026-04-27
c003329,2026-03-29,2026-05-25
c003330,2026-03-29,2026-03-29
c003330,2026-03-29,2026-05-12
c003331,2026-04-05,2026-04-05
c003331,2026-04-05,2026-04-12
c003331,2026-04-05,2026-05-07
c003331,2026-04-05,2026-05-17
c003331,2026-04-05,2026-05-28
c003332,2026-04-05,2026-04-05
c003332,2026-04-05,2026-04-15
c003332,2026-04-05,2026-04-23
c003332,2026-04-05,2026-05-19
c003333,2026-04-05,2026-04-05
c003333,2026-04-05,2026-04-18
c003333,2026-04-05,2026-04-25
c003333,2026-04-05,2026-05-14
c003334,2026-04-05,2026-04-05
c003334,2026-04-05,2026-04-17
c003334,2026-04-05,2026-04-20
c003334,2026-04-05,2026-05-14
c003335,2026-04-05,2026-04-05
c003335,2026-04-05,2026-05-13
c003335,2026-04-05,2026-05-31
c003336,2026-04-05,2026-04-05
c003336,2026-04-05,2026-04-16
c003336,2026-04-05,2026-04-20
c003336,2026-04-05,2026-05-28
c003337,2026-04-05,2026-04-05
c003337,2026-04-05,2026-04-18
c003337,2026-04-05,2026-05-26
c003338,2026-04-05,2026-04-05
c003338,2026-04-05,2026-04-16
c003339,2026-04-05,2026-04-05
c003339,2026-04-05,2026-04-24
c003339,2026-04-05,2026-05-29
c003340,2026-04-05,2026-04-05
c003341,2026-04-05,2026-04-05
c003341,2026-04-05,2026-04-12
c003341,2026-04-05,2026-04-29
c003341,2026-04-05,2026-05-11
c003341,2026-04-05,2026-05-26
c003342,2026-04-05,2026-04-05
c003342,2026-04-05,2026-04-16
c003342,2026-04-05,2026-04-25
c003343,2026-04-05,2026-04-05
c003343,2026-04-05,2026-04-15
c003343,2026-04-05,2026-04-28
c003343,2026-04-05,2026-05-12
c003344,2026-04-05,2026-04-05
c003344,2026-04-05,2026-04-12
c003344,2026-04-05,2026-04-27
c003344,2026-04-05,2026-05-14
c003344,2026-04-05,2026-05-19
c003345,2026-04-05,2026-04-05
c003345,2026-04-05,2026-04-18
c003345,2026-04-05,2026-05-05
c003346,2026-04-05,2026-04-05
c003346,2026-04-05,2026-04-13
c003346,2026-04-05,2026-04-29
c003346,2026-04-05,2026-05-16
c003347,2026-04-05,2026-04-05
c003347,2026-04-05,2026-04-23
c003347,2026-04-05,2026-05-12
c003347,2026-04-05,2026-05-23
c003348,2026-04-05,2026-04-05
c003348,2026-04-05,2026-04-18
c003349,2026-04-05,2026-04-05
c003349,2026-04-05,2026-05-02
c003349,2026-04-05,2026-05-14
c003350,2026-04-05,2026-04-05
c003350,2026-04-05,2026-04-30
c003351,2026-04-05,2026-04-05
c003351,2026-04-05,2026-04-14
c003351,2026-04-05,2026-04-25
c003351,2026-04-05,2026-05-17
c003351,2026-04-05,2026-05-26
c003352,2026-04-05,2026-04-05
c003352,2026-04-05,2026-04-16
c003352,2026-04-05,2026-04-24
c003352,2026-04-05,2026-04-26
c003352,2026-04-05,2026-05-29
c003353,2026-04-05,2026-04-05
c003353,2026-04-05,2026-05-18
c003354,2026-04-05,2026-04-05
c003354,2026-04-05,2026-05-02
c003355,2026-04-05,2026-04-05
c003355,2026-04-05,2026-04-13
c003355,2026-04-05,2026-04-25
c003355,2026-04-05,2026-05-23
c003356,2026-04-05,2026-04-05
c003356,2026-04-05,2026-04-12
c003356,2026-04-05,2026-04-22
c003357,2026-04-05,2026-04-05
c003357,2026-04-05,2026-04-21
c003357,2026-04-05,2026-05-16
c003357,2026-04-05,2026-05-21
c003358,2026-04-05,2026-04-05
c003358,2026-04-05,2026-04-13
c003358,2026-04-05,2026-04-22
c003358,2026-04-05,2026-05-18
c003359,2026-04-05,2026-04-05
c003359,2026-04-05,2026-04-14
c003359,2026-04-05,2026-04-29
c003359,2026-04-05,2026-05-14
c003360,2026-04-05,2026-04-05
c003360,2026-04-05,2026-04-13
c003360,2026-04-05,2026-04-28
c003360,2026-04-05,2026-05-14
c003361,2026-04-05,2026-04-05
c003361,2026-04-05,2026-04-29
c003362,2026-04-05,2026-04-05
c003362,2026-04-05,2026-04-17
c003362,2026-04-05,2026-05-06
c003362,2026-04-05,2026-05-10
c003363,2026-04-05,2026-04-05
c003363,2026-04-05,2026-04-14
c003363,2026-04-05,2026-04-25
c003364,2026-04-05,2026-04-05
c003364,2026-04-05,2026-04-16
c003364,2026-04-05,2026-04-22
c003364,2026-04-05,2026-05-16
c003365,2026-04-05,2026-04-05
c003365,2026-04-05,2026-04-18
c003365,2026-04-05,2026-05-06
c003365,2026-04-05,2026-05-15
c003365,2026-04-05,2026-05-26
c003366,2026-04-05,2026-04-05
c003366,2026-04-05,2026-04-14
c003366,2026-04-05,2026-04-22
c003366,2026-04-05,2026-05-24
c003367,2026-04-05,2026-04-05
c003367,2026-04-05,2026-04-23
c003367,2026-04-05,2026-05-15
c003368,2026-04-05,2026-04-05
c003368,2026-04-05,2026-04-19
c003368,2026-04-05,2026-05-02
c003369,2026-04-05,2026-04-05
c003369,2026-04-05,2026-04-15
c003369,2026-04-05,2026-04-25
c003369,2026-04-05,2026-04-29
c003369,2026-04-05,2026-05-08
c003370,2026-04-05,2026-04-05
c003371,2026-04-05,2026-04-05
c003371,2026-04-05,2026-04-14
c003371,2026-04-05,2026-05-09
c003371,2026-04-05,2026-05-14
c003371,2026-04-05,2026-05-20
c003372,2026-04-05,2026-04-05
c003372,2026-04-05,2026-04-16
c003372,2026-04-05,2026-04-20
c003372,2026-04-05,2026-05-08
c003372,2026-04-05,2026-05-31
c003373,2026-04-05,2026-04-05
c003373,2026-04-05,2026-05-01
c003373,2026-04-05,2026-05-21
c003374,2026-04-05,2026-04-05
c003374,2026-04-05,2026-04-25
c003374,2026-04-05,2026-05-23
c003374,2026-04-05,2026-05-27
c003375,2026-04-05,2026-04-05
c003375,2026-04-05,2026-04-14
c003375,2026-04-05,2026-05-04
c003375,2026-04-05,2026-05-15
c003375,2026-04-05,2026-05-29
c003376,2026-04-05,2026-04-05
c003376,2026-04-05,2026-04-19
c003376,2026-04-05,2026-05-05
c003377,2026-04-05,2026-04-05
c003377,2026-04-05,2026-04-14
c003377,2026-04-05,2026-05-07
c003378,2026-04-05,2026-04-05
c003378,2026-04-05,2026-04-22
c003378,2026-04-05,2026-04-29
c003378,2026-04-05,2026-05-05
c003379,2026-04-05,2026-04-05
c003379,2026-04-05,2026-04-17
c003379,2026-04-05,2026-05-12
c003380,2026-04-05,2026-04-05
c003380,2026-04-05,2026-04-14
c003380,2026-04-05,2026-04-21
c003380,2026-04-05,2026-05-10
c003381,2026-04-05,2026-04-05
c003381,2026-04-05,2026-04-14
c003381,2026-04-05,2026-04-19
c003381,2026-04-05,2026-04-27
c003382,2026-04-05,2026-04-05
c003382,2026-04-05,2026-04-13
c003383,2026-04-05,2026-04-05
c003384,2026-04-05,2026-04-05
c003384,2026-04-05,2026-04-16
c003384,2026-04-05,2026-05-13
c003385,2026-04-05,2026-04-05
c003385,2026-04-05,2026-04-18
c003385,2026-04-05,2026-05-22
c003386,2026-04-05,2026-04-05
c003386,2026-04-05,2026-04-23
c003387,2026-04-05,2026-04-05
c003387,2026-04-05,2026-04-13
c003387,2026-04-05,2026-05-09
c003387,2026-04-05,2026-05-26
c003388,2026-04-05,2026-04-05
c003388,2026-04-05,2026-04-12
c003389,2026-04-05,2026-04-05
c003389,2026-04-05,2026-04-18
c003389,2026-04-05,2026-04-23
c003389,2026-04-05,2026-05-08
c003390,2026-04-05,2026-04-05
c003390,2026-04-05,2026-04-16
c003390,2026-04-05,2026-05-05
c003390,2026-04-05,2026-05-11
c003390,2026-04-05,2026-05-30
c003391,2026-04-05,2026-04-05
c003391,2026-04-05,2026-04-20
c003392,2026-04-05,2026-04-05
c003392,2026-04-05,2026-04-18
c003392,2026-04-05,2026-04-25
c003392,2026-04-05,2026-05-16
c003393,2026-04-05,2026-04-05
c003393,2026-04-05,2026-05-04
c003393,2026-04-05,2026-05-13
c003393,2026-04-05,2026-05-27
c003394,2026-04-05,2026-04-05
c003394,2026-04-05,2026-04-14
c003394,2026-04-05,2026-04-23
c003394,2026-04-05,2026-05-05
c003395,2026-04-05,2026-04-05
c003395,2026-04-05,2026-04-17
c003395,2026-04-05,2026-05-06
c003395,2026-04-05,2026-05-13
c003396,2026-04-05,2026-04-05
c003397,2026-04-05,2026-04-05
c003397,2026-04-05,2026-05-02
c003397,2026-04-05,2026-05-04
c003398,2026-04-05,2026-04-05
c003398,2026-04-05,2026-04-24
c003398,2026-04-05,2026-04-29
c003398,2026-04-05,2026-05-20
c003399,2026-04-05,2026-04-05
c003399,2026-04-05,2026-04-12
c003399,2026-04-05,2026-04-20
c003399,2026-04-05,2026-05-06
c003399,2026-04-05,2026-05-29
c003400,2026-04-05,2026-04-05
c003400,2026-04-05,2026-04-15
c003400,2026-04-05,2026-04-23
c003401,2026-04-05,2026-04-05
c003401,2026-04-05,2026-05-15
c003402,2026-04-05,2026-04-05
c003402,2026-04-05,2026-04-20
c003402,2026-04-05,2026-05-13
c003403,2026-04-05,2026-04-05
c003403,2026-04-05,2026-04-28
c003403,2026-04-05,2026-05-24
c003404,2026-04-05,2026-04-05
c003404,2026-04-05,2026-05-31
c003405,2026-04-05,2026-04-05
c003405,2026-04-05,2026-04-12
c003406,2026-04-05,2026-04-05
c003406,2026-04-05,2026-04-13
c003406,2026-04-05,2026-04-30
c003407,2026-04-05,2026-04-05
c003407,2026-04-05,2026-04-22
c003407,2026-04-05,2026-05-01
c003407,2026-04-05,2026-05-04
c003408,2026-04-05,2026-04-05
c003408,2026-04-05,2026-04-15
c003408,2026-04-05,2026-04-29
c003408,2026-04-05,2026-05-17
c003408,2026-04-05,2026-05-27
c003409,2026-04-05,2026-04-05
c003409,2026-04-05,2026-04-16
c003409,2026-04-05,2026-04-27
c003410,2026-04-05,2026-04-05
c003410,2026-04-05,2026-04-17
c003410,2026-04-05,2026-04-21
c003411,2026-04-05,2026-04-05
c003411,2026-04-05,2026-04-12
c003411,2026-04-05,2026-04-24
c003411,2026-04-05,2026-04-30
c003412,2026-04-05,2026-04-05
c003412,2026-04-05,2026-04-12
c003412,2026-04-05,2026-05-15
c003413,2026-04-05,2026-04-05
c003413,2026-04-05,2026-04-14
c003413,2026-04-05,2026-05-18
c003414,2026-04-05,2026-04-05
c003414,2026-04-05,2026-05-08
c003415,2026-04-05,2026-04-05
c003415,2026-04-05,2026-04-14
c003415,2026-04-05,2026-04-25
c003415,2026-04-05,2026-04-30
c003415,2026-04-05,2026-05-16
c003416,2026-04-05,2026-04-05
c003416,2026-04-05,2026-04-23
c003416,2026-04-05,2026-05-18
c003417,2026-04-05,2026-04-05
c003417,2026-04-05,2026-04-18
c003418,2026-04-05,2026-04-05
c003418,2026-04-05,2026-04-12
c003418,2026-04-05,2026-04-19
c003418,2026-04-05,2026-04-30
c003419,2026-04-05,2026-04-05
c003419,2026-04-05,2026-04-20
c003419,2026-04-05,2026-05-02
c003419,2026-04-05,2026-05-07
c003419,2026-04-05,2026-05-10
c003420,2026-04-05,2026-04-05
c003420,2026-04-05,2026-04-15
c003420,2026-04-05,2026-04-28
c003421,2026-04-05,2026-04-05
c003421,2026-04-05,2026-05-07
c003422,2026-04-05,2026-04-05
c003422,2026-04-05,2026-04-17
c003423,2026-04-05,2026-04-05
c003424,2026-04-05,2026-04-05
c003424,2026-04-05,2026-04-18
c003424,2026-04-05,2026-04-30
c003425,2026-04-05,2026-04-05
c003425,2026-04-05,2026-04-13
c003425,2026-04-05,2026-05-21
c003426,2026-04-05,2026-04-05
c003426,2026-04-05,2026-05-04
c003426,2026-04-05,2026-05-15
c003427,2026-04-05,2026-04-05
c003427,2026-04-05,2026-04-12
c003427,2026-04-05,2026-05-17
c003428,2026-04-05,2026-04-05
c003428,2026-04-05,2026-05-29
c003429,2026-04-05,2026-04-05
c003429,2026-04-05,2026-04-15
c003429,2026-04-05,2026-04-24
c003429,2026-04-05,2026-05-07
c003430,2026-04-05,2026-04-05
c003430,2026-04-05,2026-04-13
c003430,2026-04-05,2026-04-25
c003430,2026-04-05,2026-05-19
c003431,2026-04-05,2026-04-05
c003431,2026-04-05,2026-04-17
c003432,2026-04-05,2026-04-05
c003432,2026-04-05,2026-04-13
c003432,2026-04-05,2026-05-20
c003433,2026-04-05,2026-04-05
c003433,2026-04-05,2026-04-17
c003433,2026-04-05,2026-05-20
c003434,2026-04-05,2026-04-05
c003434,2026-04-05,2026-04-14
c003434,2026-04-05,2026-04-21
c003434,2026-04-05,2026-05-28
c003435,2026-04-05,2026-04-05
c003435,2026-04-05,2026-05-02
c003435,2026-04-05,2026-05-04
c003436,2026-04-05,2026-04-05
c003436,2026-04-05,2026-04-24
c003437,2026-04-05,2026-04-05
c003437,2026-04-05,2026-04-14
c003437,2026-04-05,2026-05-02
c003438,2026-04-05,2026-04-05
c003438,2026-04-05,2026-04-30
c003439,2026-04-05,2026-04-05
c003439,2026-04-05,2026-04-15
c003439,2026-04-05,2026-04-24
c003439,2026-04-05,2026-05-09
c003439,2026-04-05,2026-05-22
c003440,2026-04-05,2026-04-05
c003440,2026-04-05,2026-04-15
c003440,2026-04-05,2026-05-30
c003441,2026-04-05,2026-04-05
c003441,2026-04-05,2026-05-01
c003441,2026-04-05,2026-05-09
c003441,2026-04-05,2026-05-23
c003442,2026-04-05,2026-04-05
c003442,2026-04-05,2026-04-21
c003442,2026-04-05,2026-05-20
c003443,2026-04-05,2026-04-05
c003443,2026-04-05,2026-04-21
c003443,2026-04-05,2026-05-07
c003443,2026-04-05,2026-05-17
c003443,2026-04-05,2026-05-29
c003444,2026-04-05,2026-04-05
c003444,2026-04-05,2026-04-12
c003444,2026-04-05,2026-04-25
c003444,2026-04-05,2026-04-27
c003444,2026-04-05,2026-05-05
c003445,2026-04-05,2026-04-05
c003445,2026-04-05,2026-04-14
c003445,2026-04-05,2026-04-20
c003445,2026-04-05,2026-04-29
c003446,2026-04-05,2026-04-05
c003446,2026-04-05,2026-04-22
c003446,2026-04-05,2026-04-28
c003446,2026-04-05,2026-05-10
c003447,2026-04-05,2026-04-05
c003447,2026-04-05,2026-04-16
c003448,2026-04-05,2026-04-05
c003448,2026-04-05,2026-04-18
c003448,2026-04-05,2026-04-30
c003448,2026-04-05,2026-05-29
c003449,2026-04-05,2026-04-05
c003449,2026-04-05,2026-04-14
c003449,2026-04-05,2026-05-11
c003450,2026-04-05,2026-04-05
c003450,2026-04-05,2026-04-14
c003450,2026-04-05,2026-04-29
c003450,2026-04-05,2026-05-23
c003451,2026-04-05,2026-04-05
c003451,2026-04-05,2026-04-13
c003451,2026-04-05,2026-05-29
c003452,2026-04-05,2026-04-05
c003452,2026-04-05,2026-04-21
c003452,2026-04-05,2026-05-01
c003452,2026-04-05,2026-05-04
c003452,2026-04-05,2026-05-30
c003453,2026-04-05,2026-04-05
c003453,2026-04-05,2026-04-26
c003453,2026-04-05,2026-05-06
c003453,2026-04-05,2026-05-21
c003454,2026-04-05,2026-04-05
c003454,2026-04-05,2026-04-23
c003455,2026-04-05,2026-04-05
c003455,2026-04-05,2026-04-16
c003456,2026-04-05,2026-04-05
c003456,2026-04-05,2026-04-12
c003456,2026-04-05,2026-04-29
c003457,2026-04-05,2026-04-05
c003457,2026-04-05,2026-04-17
c003457,2026-04-05,2026-04-24
c003458,2026-04-05,2026-04-05
c003458,2026-04-05,2026-05-20
c003459,2026-04-05,2026-04-05
c003459,2026-04-05,2026-05-05
c003459,2026-04-05,2026-05-11
c003459,2026-04-05,2026-05-19
c003459,2026-04-05,2026-05-24
c003460,2026-04-05,2026-04-05
c003460,2026-04-05,2026-04-15
c003460,2026-04-05,2026-04-19
c003460,2026-04-05,2026-04-30
c003460,2026-04-05,2026-05-06
c003460,2026-04-05,2026-05-16
c003461,2026-04-05,2026-04-05
c003461,2026-04-05,2026-04-18
c003461,2026-04-05,2026-04-24
c003461,2026-04-05,2026-05-05
c003462,2026-04-05,2026-04-05
c003462,2026-04-05,2026-04-16
c003462,2026-04-05,2026-04-26
c003462,2026-04-05,2026-05-31
c003463,2026-04-05,2026-04-05
c003463,2026-04-05,2026-04-12
c003463,2026-04-05,2026-04-21
c003464,2026-04-05,2026-04-05
c003464,2026-04-05,2026-05-08
c003465,2026-04-05,2026-04-05
c003465,2026-04-05,2026-04-17
c003465,2026-04-05,2026-04-24
c003465,2026-04-05,2026-05-06
c003466,2026-04-05,2026-04-05
c003466,2026-04-05,2026-04-21
c003466,2026-04-05,2026-04-27
c003467,2026-04-05,2026-04-05
c003467,2026-04-05,2026-05-08
c003468,2026-04-05,2026-04-05
c003468,2026-04-05,2026-04-22
c003468,2026-04-05,2026-04-27
c003468,2026-04-05,2026-05-08
c003468,2026-04-05,2026-05-27
c003469,2026-04-05,2026-04-05
c003470,2026-04-05,2026-04-05
c003471,2026-04-05,2026-04-05
c003471,2026-04-05,2026-04-22
c003472,2026-04-05,2026-04-05
c003472,2026-04-05,2026-04-13
c003473,2026-04-05,2026-04-05
c003474,2026-04-05,2026-04-05
c003474,2026-04-05,2026-04-24
c003474,2026-04-05,2026-05-09
c003475,2026-04-05,2026-04-05
c003475,2026-04-05,2026-04-13
c003475,2026-04-05,2026-04-20
c003475,2026-04-05,2026-05-08
c003475,2026-04-05,2026-05-11
c003476,2026-04-05,2026-04-05
c003476,2026-04-05,2026-04-13
c003476,2026-04-05,2026-04-29
c003477,2026-04-05,2026-04-05
c003477,2026-04-05,2026-04-14
c003477,2026-04-05,2026-04-22
c003477,2026-04-05,2026-05-04
c003478,2026-04-05,2026-04-05
c003479,2026-04-05,2026-04-05
c003480,2026-04-05,2026-04-05
c003481,2026-04-05,2026-04-05
c003482,2026-04-05,2026-04-05
c003482,2026-04-05,2026-04-12
c003482,2026-04-05,2026-05-27
c003483,2026-04-05,2026-04-05
c003483,2026-04-05,2026-05-16
c003483,2026-04-05,2026-05-30
c003484,2026-04-05,2026-04-05
c003484,2026-04-05,2026-04-14
c003484,2026-04-05,2026-04-21
c003484,2026-04-05,2026-05-05
c003485,2026-04-05,2026-04-05
c003485,2026-04-05,2026-05-17
c003486,2026-04-05,2026-04-05
c003486,2026-04-05,2026-04-22
c003486,2026-04-05,2026-05-17
c003487,2026-04-05,2026-04-05
c003487,2026-04-05,2026-04-20
c003487,2026-04-05,2026-05-10
c003488,2026-04-05,2026-04-05
c003488,2026-04-05,2026-04-22
c003488,2026-04-05,2026-05-28
c003489,2026-04-05,2026-04-05
c003489,2026-04-05,2026-04-13
c003489,2026-04-05,2026-05-07
c003490,2026-04-05,2026-04-05
c003490,2026-04-05,2026-04-15
c003490,2026-04-05,2026-04-30
c003491,2026-04-05,2026-04-05
c003491,2026-04-05,2026-05-22
c003492,2026-04-05,2026-04-05
c003492,2026-04-05,2026-04-23
c003493,2026-04-05,2026-04-05
c003493,2026-04-05,2026-04-15
c003493,2026-04-05,2026-05-05
c003493,2026-04-05,2026-05-16
c003494,2026-04-05,2026-04-05
c003494,2026-04-05,2026-04-22
c003494,2026-04-05,2026-04-29
c003494,2026-04-05,2026-05-29
c003495,2026-04-05,2026-04-05
c003495,2026-04-05,2026-04-13
c003495,2026-04-05,2026-04-24
c003496,2026-04-05,2026-04-05
c003496,2026-04-05,2026-04-13
c003496,2026-04-05,2026-04-22
c003496,2026-04-05,2026-04-28
c003497,2026-04-05,2026-04-05
c003497,2026-04-05,2026-04-21
c003497,2026-04-05,2026-05-16
c003498,2026-04-05,2026-04-05
c003499,2026-04-05,2026-04-05
c003499,2026-04-05,2026-04-16
c003499,2026-04-05,2026-04-27
c003500,2026-04-05,2026-04-05
c003500,2026-04-05,2026-04-12
c003500,2026-04-05,2026-04-19
c003501,2026-04-05,2026-04-05
c003501,2026-04-05,2026-04-14
c003501,2026-04-05,2026-05-07
c003501,2026-04-05,2026-05-22
c003501,2026-04-05,2026-05-27
c003502,2026-04-05,2026-04-05
c003502,2026-04-05,2026-04-14
c003502,2026-04-05,2026-04-25
c003502,2026-04-05,2026-05-05
c003502,2026-04-05,2026-05-13
c003502,2026-04-05,2026-05-29
c003503,2026-04-05,2026-04-05
c003503,2026-04-05,2026-04-19
c003503,2026-04-05,2026-05-05
c003503,2026-04-05,2026-05-14
c003504,2026-04-05,2026-04-05
c003504,2026-04-05,2026-04-13
c003504,2026-04-05,2026-04-19
c003505,2026-04-05,2026-04-05
c003505,2026-04-05,2026-04-16
c003505,2026-04-05,2026-04-23
c003505,2026-04-05,2026-04-30
c003505,2026-04-05,2026-05-11
c003506,2026-04-05,2026-04-05
c003506,2026-04-05,2026-04-16
c003506,2026-04-05,2026-05-11
c003506,2026-04-05,2026-05-19
c003506,2026-04-05,2026-05-26
c003507,2026-04-05,2026-04-05
c003507,2026-04-05,2026-04-14
c003508,2026-04-05,2026-04-05
c003508,2026-04-05,2026-04-17
c003508,2026-04-05,2026-04-24
c003508,2026-04-05,2026-05-08
c003509,2026-04-05,2026-04-05
c003509,2026-04-05,2026-04-13
c003509,2026-04-05,2026-05-23
c003510,2026-04-05,2026-04-05
c003510,2026-04-05,2026-04-14
c003510,2026-04-05,2026-05-01
c003511,2026-04-05,2026-04-05
c003511,2026-04-05,2026-05-23
c003512,2026-04-05,2026-04-05
c003512,2026-04-05,2026-04-22
c003512,2026-04-05,2026-04-30
c003512,2026-04-05,2026-05-17
c003513,2026-04-05,2026-04-05
c003513,2026-04-05,2026-04-16
c003513,2026-04-05,2026-04-27
c003513,2026-04-05,2026-05-22
c003514,2026-04-05,2026-04-05
c003514,2026-04-05,2026-05-19
c003515,2026-04-05,2026-04-05
c003515,2026-04-05,2026-04-20
c003516,2026-04-05,2026-04-05
c003516,2026-04-05,2026-04-13
c003516,2026-04-05,2026-04-22
c003516,2026-04-05,2026-05-10
c003516,2026-04-05,2026-05-21
c003517,2026-04-05,2026-04-05
c003517,2026-04-05,2026-04-30
c003518,2026-04-05,2026-04-05
c003518,2026-04-05,2026-04-27
c003518,2026-04-05,2026-05-09
c003518,2026-04-05,2026-05-14
c003518,2026-04-05,2026-05-28
c003519,2026-04-05,2026-04-05
c003520,2026-04-05,2026-04-05
c003520,2026-04-05,2026-04-12
c003520,2026-04-05,2026-05-19
c003520,2026-04-05,2026-05-28
c003521,2026-04-05,2026-04-05
c003521,2026-04-05,2026-04-29
c003521,2026-04-05,2026-05-25
c003522,2026-04-05,2026-04-05
c003522,2026-04-05,2026-04-13
c003523,2026-04-05,2026-04-05
c003523,2026-04-05,2026-04-18
c003523,2026-04-05,2026-04-24
c003523,2026-04-05,2026-05-04
c003523,2026-04-05,2026-05-12
c003524,2026-04-05,2026-04-05
c003524,2026-04-05,2026-04-28
c003524,2026-04-05,2026-05-16
c003524,2026-04-05,2026-05-22
c003525,2026-04-05,2026-04-05
c003525,2026-04-05,2026-04-19
c003525,2026-04-05,2026-05-04
c003525,2026-04-05,2026-05-21
c003526,2026-04-05,2026-04-05
c003526,2026-04-05,2026-05-04
c003526,2026-04-05,2026-05-11
c003526,2026-04-05,2026-05-22
c003526,2026-04-05,2026-05-25
c003527,2026-04-05,2026-04-05
c003527,2026-04-05,2026-04-21
c003527,2026-04-05,2026-05-09
c003527,2026-04-05,2026-05-21
c003528,2026-04-05,2026-04-05
c003528,2026-04-05,2026-04-15
c003528,2026-04-05,2026-04-28
c003529,2026-04-05,2026-04-05
c003529,2026-04-05,2026-04-18
c003530,2026-04-05,2026-04-05
c003530,2026-04-05,2026-04-18
c003531,2026-04-05,2026-04-05
c003531,2026-04-05,2026-04-14
c003531,2026-04-05,2026-05-04
c003531,2026-04-05,2026-05-22
c003532,2026-04-05,2026-04-05
c003532,2026-04-05,2026-04-20
c003532,2026-04-05,2026-05-10
c003532,2026-04-05,2026-05-20
c003533,2026-04-05,2026-04-05
c003533,2026-04-05,2026-04-17
c003533,2026-04-05,2026-04-23
c003533,2026-04-05,2026-05-04
c003533,2026-04-05,2026-05-11
c003534,2026-04-05,2026-04-05
c003534,2026-04-05,2026-04-17
c003534,2026-04-05,2026-04-23
c003534,2026-04-05,2026-04-26
c003535,2026-04-05,2026-04-05
c003535,2026-04-05,2026-04-21
c003535,2026-04-05,2026-05-28
c003536,2026-04-05,2026-04-05
c003536,2026-04-05,2026-05-02
c003537,2026-04-05,2026-04-05
c003537,2026-04-05,2026-05-03
c003537,2026-04-05,2026-05-17
c003538,2026-04-05,2026-04-05
c003538,2026-04-05,2026-04-18
c003538,2026-04-05,2026-04-24
c003538,2026-04-05,2026-04-29
c003538,2026-04-05,2026-05-12
c003538,2026-04-05,2026-05-26
c003539,2026-04-05,2026-04-05
c003539,2026-04-05,2026-04-23
c003539,2026-04-05,2026-04-26
c003539,2026-04-05,2026-05-19
c003540,2026-04-05,2026-04-05
c003540,2026-04-05,2026-04-15
c003540,2026-04-05,2026-04-21
c003540,2026-04-05,2026-04-27
c003541,2026-04-05,2026-04-05
c003541,2026-04-05,2026-04-17
c003541,2026-04-05,2026-04-23
c003541,2026-04-05,2026-05-10
c003541,2026-04-05,2026-05-18
c003541,2026-04-05,2026-05-27
c003542,2026-04-05,2026-04-05
c003542,2026-04-05,2026-04-28
c003543,2026-04-05,2026-04-05
c003543,2026-04-05,2026-04-13
c003543,2026-04-05,2026-04-30
c003543,2026-04-05,2026-05-07
c003544,2026-04-05,2026-04-05
c003544,2026-04-05,2026-04-24
c003544,2026-04-05,2026-05-07
c003544,2026-04-05,2026-05-14
c003545,2026-04-05,2026-04-05
c003545,2026-04-05,2026-04-22
c003545,2026-04-05,2026-05-04
c003545,2026-04-05,2026-05-11
c003546,2026-04-05,2026-04-05
c003546,2026-04-05,2026-04-17
c003546,2026-04-05,2026-04-19
c003547,2026-04-05,2026-04-05
c003547,2026-04-05,2026-04-16
c003547,2026-04-05,2026-04-21
c003547,2026-04-05,2026-04-30
c003547,2026-04-05,2026-05-26
c003548,2026-04-05,2026-04-05
c003548,2026-04-05,2026-05-05
c003548,2026-04-05,2026-05-23
c003549,2026-04-05,2026-04-05
c003549,2026-04-05,2026-05-12
c003550,2026-04-05,2026-04-05
c003550,2026-04-05,2026-04-21
c003550,2026-04-05,2026-05-21
c003551,2026-04-05,2026-04-05
c003551,2026-04-05,2026-04-17
c003551,2026-04-05,2026-04-24
c003551,2026-04-05,2026-05-15
c003552,2026-04-05,2026-04-05
c003552,2026-04-05,2026-05-25
c003553,2026-04-05,2026-04-05
c003553,2026-04-05,2026-04-21
c003553,2026-04-05,2026-05-17
c003554,2026-04-05,2026-04-05
c003554,2026-04-05,2026-04-14
c003554,2026-04-05,2026-04-21
c003555,2026-04-05,2026-04-05
c003555,2026-04-05,2026-04-19
c003555,2026-04-05,2026-05-02
c003556,2026-04-05,2026-04-05
c003556,2026-04-05,2026-04-13
c003556,2026-04-05,2026-04-30
c003557,2026-04-05,2026-04-05
c003557,2026-04-05,2026-04-18
c003557,2026-04-05,2026-05-13
c003558,2026-04-05,2026-04-05
c003558,2026-04-05,2026-04-21
c003558,2026-04-05,2026-04-30
c003558,2026-04-05,2026-05-13
c003559,2026-04-05,2026-04-05
c003559,2026-04-05,2026-04-25
c003559,2026-04-05,2026-05-01
c003559,2026-04-05,2026-05-06
c003559,2026-04-05,2026-05-19
c003560,2026-04-05,2026-04-05
c003560,2026-04-05,2026-04-18
c003560,2026-04-05,2026-04-20
c003560,2026-04-05,2026-04-26
c003560,2026-04-05,2026-05-24
c003561,2026-04-05,2026-04-05
c003561,2026-04-05,2026-04-14
c003561,2026-04-05,2026-05-06
c003561,2026-04-05,2026-05-20
c003562,2026-04-05,2026-04-05
c003562,2026-04-05,2026-04-15
c003562,2026-04-05,2026-05-22
c003562,2026-04-05,2026-05-30
c003563,2026-04-05,2026-04-05
c003563,2026-04-05,2026-04-25
c003563,2026-04-05,2026-05-05
c003563,2026-04-05,2026-05-14
c003563,2026-04-05,2026-05-30
c003563,2026-04-05,2026-05-31
c003564,2026-04-05,2026-04-05
c003564,2026-04-05,2026-04-14
c003564,2026-04-05,2026-04-30
c003564,2026-04-05,2026-05-16
c003565,2026-04-05,2026-04-05
c003565,2026-04-05,2026-04-15
c003565,2026-04-05,2026-05-19
c003566,2026-04-05,2026-04-05
c003566,2026-04-05,2026-04-17
c003566,2026-04-05,2026-04-26
c003566,2026-04-05,2026-05-19
c003567,2026-04-05,2026-04-05
c003567,2026-04-05,2026-04-15
c003567,2026-04-05,2026-04-19
c003568,2026-04-05,2026-04-05
c003568,2026-04-05,2026-04-12
c003568,2026-04-05,2026-04-29
c003568,2026-04-05,2026-05-05
c003568,2026-04-05,2026-05-10
c003568,2026-04-05,2026-05-23
c003569,2026-04-05,2026-04-05
c003569,2026-04-05,2026-04-28
c003569,2026-04-05,2026-05-03
c003569,2026-04-05,2026-05-28
c003570,2026-04-05,2026-04-05
c003570,2026-04-05,2026-05-17
c003571,2026-04-05,2026-04-05
c003571,2026-04-05,2026-04-22
c003571,2026-04-05,2026-04-26
c003571,2026-04-05,2026-05-31
c003572,2026-04-05,2026-04-05
c003572,2026-04-05,2026-04-15
c003572,2026-04-05,2026-05-05
c003572,2026-04-05,2026-05-10
c003572,2026-04-05,2026-05-20
c003573,2026-04-05,2026-04-05
c003573,2026-04-05,2026-04-20
c003574,2026-04-05,2026-04-05
c003574,2026-04-05,2026-05-01
c003574,2026-04-05,2026-05-26
c003575,2026-04-05,2026-04-05
c003575,2026-04-05,2026-04-13
c003575,2026-04-05,2026-05-27
c003576,2026-04-05,2026-04-05
c003576,2026-04-05,2026-04-15
c003577,2026-04-05,2026-04-05
c003577,2026-04-05,2026-04-17
c003578,2026-04-05,2026-04-05
c003579,2026-04-05,2026-04-05
c003579,2026-04-05,2026-04-16
c003579,2026-04-05,2026-05-09
c003579,2026-04-05,2026-05-16
c003580,2026-04-05,2026-04-05
c003580,2026-04-05,2026-04-16
c003580,2026-04-05,2026-04-29
c003581,2026-04-05,2026-04-05
c003581,2026-04-05,2026-04-25
c003581,2026-04-05,2026-05-02
c003581,2026-04-05,2026-05-17
c003582,2026-04-05,2026-04-05
c003582,2026-04-05,2026-05-03
c003583,2026-04-05,2026-04-05
c003584,2026-04-05,2026-04-05
c003584,2026-04-05,2026-04-18
c003584,2026-04-05,2026-05-08
c003585,2026-04-05,2026-04-05
c003585,2026-04-05,2026-04-16
c003585,2026-04-05,2026-04-24
c003585,2026-04-05,2026-05-05
c003586,2026-04-05,2026-04-05
c003586,2026-04-05,2026-05-11
c003587,2026-04-05,2026-04-05
c003587,2026-04-05,2026-04-14
c003588,2026-04-05,2026-04-05
c003588,2026-04-05,2026-04-13
c003588,2026-04-05,2026-04-19
c003588,2026-04-05,2026-05-04
c003588,2026-04-05,2026-05-12
c003589,2026-04-05,2026-04-05
c003589,2026-04-05,2026-05-24
c003590,2026-04-05,2026-04-05
c003590,2026-04-05,2026-04-13
c003590,2026-04-05,2026-04-24
c003590,2026-04-05,2026-05-05
c003590,2026-04-05,2026-05-14
c003590,2026-04-05,2026-05-23
c003591,2026-04-05,2026-04-05
c003591,2026-04-05,2026-04-15
c003591,2026-04-05,2026-05-20
c003592,2026-04-05,2026-04-05
c003592,2026-04-05,2026-05-02
c003593,2026-04-05,2026-04-05
c003593,2026-04-05,2026-04-23
c003594,2026-04-05,2026-04-05
c003594,2026-04-05,2026-04-16
c003594,2026-04-05,2026-05-08
c003594,2026-04-05,2026-05-13
c003595,2026-04-05,2026-04-05
c003595,2026-04-05,2026-04-22
c003596,2026-04-05,2026-04-05
c003596,2026-04-05,2026-04-22
c003596,2026-04-05,2026-05-14
c003597,2026-04-05,2026-04-05
c003597,2026-04-05,2026-04-23
c003597,2026-04-05,2026-05-05
c003597,2026-04-05,2026-05-13
c003598,2026-04-05,2026-04-05
c003598,2026-04-05,2026-04-25
c003598,2026-04-05,2026-05-01
c003598,2026-04-05,2026-05-07
c003598,2026-04-05,2026-05-12
c003599,2026-04-05,2026-04-05
c003599,2026-04-05,2026-04-18
c003599,2026-04-05,2026-04-23
c003599,2026-04-05,2026-04-28
c003599,2026-04-05,2026-05-08
c003599,2026-04-05,2026-05-21
c003599,2026-04-05,2026-05-28
c003600,2026-04-05,2026-04-05
c003600,2026-04-05,2026-04-12
c003600,2026-04-05,2026-04-24
c003601,2026-04-05,2026-04-05
c003601,2026-04-05,2026-04-16
c003601,2026-04-05,2026-05-17
c003601,2026-04-05,2026-05-25
c003602,2026-04-05,2026-04-05
c003603,2026-04-05,2026-04-05
c003603,2026-04-05,2026-04-21
c003604,2026-04-05,2026-04-05
c003604,2026-04-05,2026-04-16
c003604,2026-04-05,2026-04-28
c003604,2026-04-05,2026-05-05
c003604,2026-04-05,2026-05-20
c003605,2026-04-12,2026-04-12
c003605,2026-04-12,2026-04-24
c003605,2026-04-12,2026-04-29
c003606,2026-04-12,2026-04-12
c003606,2026-04-12,2026-05-10
c003606,2026-04-12,2026-05-19
c003607,2026-04-12,2026-04-12
c003607,2026-04-12,2026-04-22
c003607,2026-04-12,2026-05-18
c003608,2026-04-12,2026-04-12
c003608,2026-04-12,2026-04-26
c003608,2026-04-12,2026-05-07
c003608,2026-04-12,2026-05-24
c003609,2026-04-12,2026-04-12
c003609,2026-04-12,2026-04-30
c003609,2026-04-12,2026-05-09
c003609,2026-04-12,2026-05-27
c003610,2026-04-12,2026-04-12
c003610,2026-04-12,2026-05-09
c003610,2026-04-12,2026-05-15
c003610,2026-04-12,2026-05-18
c003611,2026-04-12,2026-04-12
c003611,2026-04-12,2026-04-22
c003611,2026-04-12,2026-05-01
c003611,2026-04-12,2026-05-18
c003611,2026-04-12,2026-05-28
c003612,2026-04-12,2026-04-12
c003612,2026-04-12,2026-04-29
c003612,2026-04-12,2026-05-27
c003613,2026-04-12,2026-04-12
c003613,2026-04-12,2026-04-24
c003613,2026-04-12,2026-05-13
c003613,2026-04-12,2026-05-21
c003613,2026-04-12,2026-05-31
c003614,2026-04-12,2026-04-12
c003614,2026-04-12,2026-04-24
c003614,2026-04-12,2026-04-27
c003615,2026-04-12,2026-04-12
c003615,2026-04-12,2026-04-19
c003616,2026-04-12,2026-04-12
c003616,2026-04-12,2026-05-04
c003617,2026-04-12,2026-04-12
c003617,2026-04-12,2026-04-20
c003617,2026-04-12,2026-05-11
c003618,2026-04-12,2026-04-12
c003618,2026-04-12,2026-05-13
c003618,2026-04-12,2026-05-22
c003618,2026-04-12,2026-05-28
c003619,2026-04-12,2026-04-12
c003619,2026-04-12,2026-04-21
c003619,2026-04-12,2026-04-28
c003619,2026-04-12,2026-05-03
c003620,2026-04-12,2026-04-12
c003620,2026-04-12,2026-05-06
c003621,2026-04-12,2026-04-12
c003621,2026-04-12,2026-04-24
c003621,2026-04-12,2026-05-14
c003622,2026-04-12,2026-04-12
c003622,2026-04-12,2026-04-24
c003622,2026-04-12,2026-05-14
c003622,2026-04-12,2026-05-23
c003623,2026-04-12,2026-04-12
c003623,2026-04-12,2026-05-27
c003624,2026-04-12,2026-04-12
c003624,2026-04-12,2026-04-19
c003624,2026-04-12,2026-05-10
c003625,2026-04-12,2026-04-12
c003626,2026-04-12,2026-04-12
c003626,2026-04-12,2026-04-21
c003626,2026-04-12,2026-05-14
c003627,2026-04-12,2026-04-12
c003627,2026-04-12,2026-04-24
c003627,2026-04-12,2026-05-10
c003628,2026-04-12,2026-04-12
c003628,2026-04-12,2026-05-02
c003628,2026-04-12,2026-05-08
c003629,2026-04-12,2026-04-12
c003629,2026-04-12,2026-04-30
c003629,2026-04-12,2026-05-07
c003629,2026-04-12,2026-05-16
c003629,2026-04-12,2026-05-23
c003629,2026-04-12,2026-05-26
c003630,2026-04-12,2026-04-12
c003630,2026-04-12,2026-04-23
c003630,2026-04-12,2026-04-30
c003630,2026-04-12,2026-05-21
c003630,2026-04-12,2026-05-28
c003631,2026-04-12,2026-04-12
c003631,2026-04-12,2026-04-23
c003631,2026-04-12,2026-04-28
c003632,2026-04-12,2026-04-12
c003632,2026-04-12,2026-04-20
c003632,2026-04-12,2026-05-01
c003633,2026-04-12,2026-04-12
c003633,2026-04-12,2026-04-24
c003633,2026-04-12,2026-05-08
c003634,2026-04-12,2026-04-12
c003634,2026-04-12,2026-05-01
c003635,2026-04-12,2026-04-12
c003635,2026-04-12,2026-05-28
c003636,2026-04-12,2026-04-12
c003636,2026-04-12,2026-05-08
c003636,2026-04-12,2026-05-14
c003637,2026-04-12,2026-04-12
c003638,2026-04-12,2026-04-12
c003638,2026-04-12,2026-04-21
c003638,2026-04-12,2026-04-29
c003638,2026-04-12,2026-05-16
c003638,2026-04-12,2026-05-26
c003639,2026-04-12,2026-04-12
c003639,2026-04-12,2026-04-28
c003639,2026-04-12,2026-05-03
c003639,2026-04-12,2026-05-18
c003640,2026-04-12,2026-04-12
c003640,2026-04-12,2026-04-25
c003640,2026-04-12,2026-04-29
c003641,2026-04-12,2026-04-12
c003641,2026-04-12,2026-04-22
c003641,2026-04-12,2026-04-26
c003641,2026-04-12,2026-05-17
c003642,2026-04-12,2026-04-12
c003642,2026-04-12,2026-04-20
c003642,2026-04-12,2026-04-26
c003643,2026-04-12,2026-04-12
c003643,2026-04-12,2026-04-19
c003644,2026-04-12,2026-04-12
c003644,2026-04-12,2026-05-07
c003645,2026-04-12,2026-04-12
c003645,2026-04-12,2026-04-23
c003645,2026-04-12,2026-05-29
c003645,2026-04-12,2026-05-31
c003646,2026-04-12,2026-04-12
c003646,2026-04-12,2026-04-23
c003647,2026-04-12,2026-04-12
c003647,2026-04-12,2026-04-25
c003647,2026-04-12,2026-05-08
c003647,2026-04-12,2026-05-15
c003648,2026-04-12,2026-04-12
c003648,2026-04-12,2026-04-22
c003649,2026-04-12,2026-04-12
c003649,2026-04-12,2026-05-01
c003649,2026-04-12,2026-05-03
c003649,2026-04-12,2026-05-28
c003650,2026-04-12,2026-04-12
c003650,2026-04-12,2026-04-20
c003650,2026-04-12,2026-05-14
c003651,2026-04-12,2026-04-12
c003651,2026-04-12,2026-05-01
c003651,2026-04-12,2026-05-19
c003652,2026-04-12,2026-04-12
c003652,2026-04-12,2026-04-22
c003652,2026-04-12,2026-05-03
c003652,2026-04-12,2026-05-12
c003652,2026-04-12,2026-05-21
c003653,2026-04-12,2026-04-12
c003653,2026-04-12,2026-04-25
c003654,2026-04-12,2026-04-12
c003654,2026-04-12,2026-04-21
c003655,2026-04-12,2026-04-12
c003656,2026-04-12,2026-04-12
c003656,2026-04-12,2026-04-21
c003656,2026-04-12,2026-04-27
c003657,2026-04-12,2026-04-12
c003657,2026-04-12,2026-05-01
c003657,2026-04-12,2026-05-06
c003657,2026-04-12,2026-05-29
c003658,2026-04-12,2026-04-12
c003658,2026-04-12,2026-04-24
c003658,2026-04-12,2026-04-28
c003658,2026-04-12,2026-05-08
c003658,2026-04-12,2026-05-25
c003659,2026-04-12,2026-04-12
c003659,2026-04-12,2026-04-25
c003659,2026-04-12,2026-04-30
c003659,2026-04-12,2026-05-09
c003660,2026-04-12,2026-04-12
c003660,2026-04-12,2026-04-20
c003660,2026-04-12,2026-05-03
c003661,2026-04-12,2026-04-12
c003661,2026-04-12,2026-04-20
c003661,2026-04-12,2026-04-26
c003661,2026-04-12,2026-05-05
c003662,2026-04-12,2026-04-12
c003662,2026-04-12,2026-04-23
c003662,2026-04-12,2026-05-02
c003663,2026-04-12,2026-04-12
c003663,2026-04-12,2026-04-20
c003664,2026-04-12,2026-04-12
c003664,2026-04-12,2026-04-23
c003664,2026-04-12,2026-05-13
c003665,2026-04-12,2026-04-12
c003665,2026-04-12,2026-05-13
c003666,2026-04-12,2026-04-12
c003666,2026-04-12,2026-04-23
c003666,2026-04-12,2026-05-14
c003666,2026-04-12,2026-05-28
c003667,2026-04-12,2026-04-12
c003667,2026-04-12,2026-05-12
c003667,2026-04-12,2026-05-28
c003668,2026-04-12,2026-04-12
c003668,2026-04-12,2026-04-24
c003668,2026-04-12,2026-04-30
c003668,2026-04-12,2026-05-20
c003669,2026-04-12,2026-04-12
c003670,2026-04-12,2026-04-12
c003670,2026-04-12,2026-04-20
c003670,2026-04-12,2026-05-30
c003671,2026-04-12,2026-04-12
c003671,2026-04-12,2026-04-24
c003671,2026-04-12,2026-04-28
c003672,2026-04-12,2026-04-12
c003672,2026-04-12,2026-04-23
c003672,2026-04-12,2026-05-04
c003672,2026-04-12,2026-05-10
c003673,2026-04-12,2026-04-12
c003673,2026-04-12,2026-04-30
c003673,2026-04-12,2026-05-09
c003673,2026-04-12,2026-05-23
c003674,2026-04-12,2026-04-12
c003674,2026-04-12,2026-04-20
c003674,2026-04-12,2026-05-03
c003675,2026-04-12,2026-04-12
c003675,2026-04-12,2026-05-01
c003675,2026-04-12,2026-05-05
c003676,2026-04-12,2026-04-12
c003676,2026-04-12,2026-04-21
c003676,2026-04-12,2026-05-01
c003676,2026-04-12,2026-05-29
c003677,2026-04-12,2026-04-12
c003677,2026-04-12,2026-05-16
c003678,2026-04-12,2026-04-12
c003678,2026-04-12,2026-05-11
c003678,2026-04-12,2026-05-18
c003678,2026-04-12,2026-05-27
c003679,2026-04-12,2026-04-12
c003679,2026-04-12,2026-04-21
c003679,2026-04-12,2026-05-08
c003679,2026-04-12,2026-05-16
c003679,2026-04-12,2026-05-17
c003680,2026-04-12,2026-04-12
c003680,2026-04-12,2026-04-25
c003680,2026-04-12,2026-04-28
c003680,2026-04-12,2026-05-17
c003681,2026-04-12,2026-04-12
c003681,2026-04-12,2026-05-10
c003681,2026-04-12,2026-05-21
c003681,2026-04-12,2026-05-27
c003682,2026-04-12,2026-04-12
c003682,2026-04-12,2026-04-25
c003682,2026-04-12,2026-05-21
c003683,2026-04-12,2026-04-12
c003683,2026-04-12,2026-04-28
c003683,2026-04-12,2026-05-06
c003684,2026-04-12,2026-04-12
c003684,2026-04-12,2026-04-20
c003685,2026-04-12,2026-04-12
c003685,2026-04-12,2026-04-25
c003686,2026-04-12,2026-04-12
c003686,2026-04-12,2026-04-22
c003686,2026-04-12,2026-05-01
c003686,2026-04-12,2026-05-08
c003687,2026-04-12,2026-04-12
c003688,2026-04-12,2026-04-12
c003688,2026-04-12,2026-04-25
c003689,2026-04-12,2026-04-12
c003689,2026-04-12,2026-04-19
c003690,2026-04-12,2026-04-12
c003690,2026-04-12,2026-04-22
c003690,2026-04-12,2026-04-26
c003690,2026-04-12,2026-05-05
c003691,2026-04-12,2026-04-12
c003691,2026-04-12,2026-04-19
c003691,2026-04-12,2026-05-13
c003692,2026-04-12,2026-04-12
c003692,2026-04-12,2026-05-27
c003693,2026-04-12,2026-04-12
c003693,2026-04-12,2026-05-08
c003693,2026-04-12,2026-05-16
c003693,2026-04-12,2026-05-22
c003694,2026-04-12,2026-04-12
c003694,2026-04-12,2026-05-08
c003694,2026-04-12,2026-05-15
c003694,2026-04-12,2026-05-30
c003695,2026-04-12,2026-04-12
c003695,2026-04-12,2026-04-24
c003695,2026-04-12,2026-05-04
c003696,2026-04-12,2026-04-12
c003696,2026-04-12,2026-04-23
c003696,2026-04-12,2026-04-28
c003696,2026-04-12,2026-05-07
c003696,2026-04-12,2026-05-15
c003697,2026-04-12,2026-04-12
c003697,2026-04-12,2026-04-25
c003697,2026-04-12,2026-05-28
c003698,2026-04-12,2026-04-12
c003698,2026-04-12,2026-04-26
c003698,2026-04-12,2026-05-06
c003699,2026-04-12,2026-04-12
c003699,2026-04-12,2026-04-20
c003699,2026-04-12,2026-04-28
c003699,2026-04-12,2026-05-04
c003699,2026-04-12,2026-05-12
c003699,2026-04-12,2026-05-31
c003700,2026-04-12,2026-04-12
c003700,2026-04-12,2026-04-27
c003700,2026-04-12,2026-05-16
c003701,2026-04-12,2026-04-12
c003701,2026-04-12,2026-04-22
c003701,2026-04-12,2026-04-29
c003701,2026-04-12,2026-05-13
c003701,2026-04-12,2026-05-21
c003702,2026-04-12,2026-04-12
c003702,2026-04-12,2026-04-30
c003702,2026-04-12,2026-05-04
c003702,2026-04-12,2026-05-11
c003703,2026-04-12,2026-04-12
c003703,2026-04-12,2026-04-22
c003703,2026-04-12,2026-05-05
c003704,2026-04-12,2026-04-12
c003704,2026-04-12,2026-04-23
c003704,2026-04-12,2026-05-27
c003705,2026-04-12,2026-04-12
c003706,2026-04-12,2026-04-12
c003706,2026-04-12,2026-05-01
c003706,2026-04-12,2026-05-06
c003706,2026-04-12,2026-05-16
c003707,2026-04-12,2026-04-12
c003707,2026-04-12,2026-04-24
c003708,2026-04-12,2026-04-12
c003708,2026-04-12,2026-05-06
c003709,2026-04-12,2026-04-12
c003709,2026-04-12,2026-04-21
c003709,2026-04-12,2026-04-29
c003709,2026-04-12,2026-05-07
c003709,2026-04-12,2026-05-19
c003710,2026-04-12,2026-04-12
c003710,2026-04-12,2026-04-21
c003710,2026-04-12,2026-04-30
c003710,2026-04-12,2026-05-06
c003710,2026-04-12,2026-05-11
c003710,2026-04-12,2026-05-20
c003711,2026-04-12,2026-04-12
c003711,2026-04-12,2026-05-02
c003712,2026-04-12,2026-04-12
c003712,2026-04-12,2026-04-22
c003712,2026-04-12,2026-05-02
c003712,2026-04-12,2026-05-11
c003712,2026-04-12,2026-05-22
c003713,2026-04-12,2026-04-12
c003713,2026-04-12,2026-04-22
c003713,2026-04-12,2026-04-29
c003713,2026-04-12,2026-05-07
c003714,2026-04-12,2026-04-12
c003714,2026-04-12,2026-04-24
c003714,2026-04-12,2026-04-27
c003714,2026-04-12,2026-05-07
c003715,2026-04-12,2026-04-12
c003715,2026-04-12,2026-04-23
c003715,2026-04-12,2026-05-02
c003715,2026-04-12,2026-05-23
c003716,2026-04-12,2026-04-12
c003716,2026-04-12,2026-05-06
c003716,2026-04-12,2026-05-20
c003717,2026-04-12,2026-04-12
c003717,2026-04-12,2026-04-22
c003717,2026-04-12,2026-05-01
c003718,2026-04-12,2026-04-12
c003718,2026-04-12,2026-05-16
c003719,2026-04-12,2026-04-12
c003719,2026-04-12,2026-04-29
c003719,2026-04-12,2026-05-16
c003719,2026-04-12,2026-05-25
c003720,2026-04-12,2026-04-12
c003721,2026-04-12,2026-04-12
c003722,2026-04-12,2026-04-12
c003723,2026-04-12,2026-04-12
c003723,2026-04-12,2026-04-21
c003724,2026-04-12,2026-04-12
c003724,2026-04-12,2026-04-30
c003725,2026-04-12,2026-04-12
c003725,2026-04-12,2026-04-23
c003725,2026-04-12,2026-05-03
c003726,2026-04-12,2026-04-12
c003726,2026-04-12,2026-04-26
c003726,2026-04-12,2026-05-07
c003726,2026-04-12,2026-05-11
c003726,2026-04-12,2026-05-31
c003727,2026-04-12,2026-04-12
c003727,2026-04-12,2026-05-06
c003728,2026-04-12,2026-04-12
c003728,2026-04-12,2026-04-30
c003728,2026-04-12,2026-05-07
c003728,2026-04-12,2026-05-24
c003728,2026-04-12,2026-05-31
c003729,2026-04-12,2026-04-12
c003729,2026-04-12,2026-05-20
c003730,2026-04-12,2026-04-12
c003730,2026-04-12,2026-04-23
c003730,2026-04-12,2026-05-16
c003731,2026-04-12,2026-04-12
c003732,2026-04-12,2026-04-12
c003732,2026-04-12,2026-04-23
c003732,2026-04-12,2026-04-27
c003732,2026-04-12,2026-05-24
c003733,2026-04-12,2026-04-12
c003733,2026-04-12,2026-04-19
c003733,2026-04-12,2026-04-26
c003733,2026-04-12,2026-05-06
c003733,2026-04-12,2026-05-16
c003734,2026-04-12,2026-04-12
c003734,2026-04-12,2026-04-21
c003734,2026-04-12,2026-04-30
c003734,2026-04-12,2026-05-10
c003735,2026-04-12,2026-04-12
c003735,2026-04-12,2026-04-30
c003735,2026-04-12,2026-05-05
c003736,2026-04-12,2026-04-12
c003737,2026-04-12,2026-04-12
c003737,2026-04-12,2026-04-29
c003737,2026-04-12,2026-05-03
c003737,2026-04-12,2026-05-28
c003738,2026-04-12,2026-04-12
c003738,2026-04-12,2026-04-24
c003739,2026-04-12,2026-04-12
c003739,2026-04-12,2026-05-01
c003740,2026-04-12,2026-04-12
c003740,2026-04-12,2026-04-30
c003740,2026-04-12,2026-05-25
c003741,2026-04-12,2026-04-12
c003741,2026-04-12,2026-04-30
c003741,2026-04-12,2026-05-27
c003741,2026-04-12,2026-05-31
c003742,2026-04-12,2026-04-12
c003742,2026-04-12,2026-04-25
c003742,2026-04-12,2026-04-30
c003743,2026-04-12,2026-04-12
c003743,2026-04-12,2026-04-27
c003743,2026-04-12,2026-05-15
c003744,2026-04-12,2026-04-12
c003744,2026-04-12,2026-04-24
c003744,2026-04-12,2026-04-29
c003744,2026-04-12,2026-05-09
c003744,2026-04-12,2026-05-16
c003744,2026-04-12,2026-05-28
c003745,2026-04-12,2026-04-12
c003745,2026-04-12,2026-04-25
c003745,2026-04-12,2026-05-10
c003745,2026-04-12,2026-05-22
c003746,2026-04-12,2026-04-12
c003746,2026-04-12,2026-05-26
c003746,2026-04-12,2026-05-31
c003747,2026-04-12,2026-04-12
c003747,2026-04-12,2026-05-06
c003748,2026-04-12,2026-04-12
c003748,2026-04-12,2026-04-24
c003748,2026-04-12,2026-05-01
c003749,2026-04-12,2026-04-12
c003749,2026-04-12,2026-04-22
c003749,2026-04-12,2026-05-07
c003749,2026-04-12,2026-05-20
c003750,2026-04-12,2026-04-12
c003750,2026-04-12,2026-04-22
c003750,2026-04-12,2026-04-29
c003750,2026-04-12,2026-05-06
c003751,2026-04-12,2026-04-12
c003751,2026-04-12,2026-04-21
c003752,2026-04-12,2026-04-12
c003752,2026-04-12,2026-05-22
c003753,2026-04-12,2026-04-12
c003754,2026-04-12,2026-04-12
c003755,2026-04-12,2026-04-12
c003755,2026-04-12,2026-04-24
c003755,2026-04-12,2026-04-29
c003756,2026-04-12,2026-04-12
c003756,2026-04-12,2026-05-15
c003757,2026-04-12,2026-04-12
c003757,2026-04-12,2026-04-20
c003757,2026-04-12,2026-04-30
c003757,2026-04-12,2026-05-13
c003758,2026-04-12,2026-04-12
c003758,2026-04-12,2026-04-23
c003759,2026-04-12,2026-04-12
c003759,2026-04-12,2026-04-21
c003759,2026-04-12,2026-05-01
c003760,2026-04-12,2026-04-12
c003760,2026-04-12,2026-04-23
c003760,2026-04-12,2026-05-27
c003761,2026-04-12,2026-04-12
c003761,2026-04-12,2026-04-22
c003761,2026-04-12,2026-04-26
c003761,2026-04-12,2026-05-06
c003761,2026-04-12,2026-05-20
c003762,2026-04-12,2026-04-12
c003762,2026-04-12,2026-04-21
c003762,2026-04-12,2026-05-01
c003762,2026-04-12,2026-05-05
c003763,2026-04-12,2026-04-12
c003763,2026-04-12,2026-04-23
c003763,2026-04-12,2026-05-01
c003764,2026-04-12,2026-04-12
c003764,2026-04-12,2026-04-20
c003764,2026-04-12,2026-05-01
c003764,2026-04-12,2026-05-09
c003764,2026-04-12,2026-05-19
c003764,2026-04-12,2026-05-29
c003765,2026-04-12,2026-04-12
c003765,2026-04-12,2026-04-22
c003765,2026-04-12,2026-04-26
c003765,2026-04-12,2026-05-05
c003765,2026-04-12,2026-05-29
c003766,2026-04-12,2026-04-12
c003766,2026-04-12,2026-05-01
c003767,2026-04-12,2026-04-12
c003767,2026-04-12,2026-04-27
c003767,2026-04-12,2026-05-07
c003767,2026-04-12,2026-05-12
c003767,2026-04-12,2026-05-20
c003768,2026-04-12,2026-04-12
c003768,2026-04-12,2026-04-25
c003769,2026-04-12,2026-04-12
c003769,2026-04-12,2026-04-29
c003770,2026-04-12,2026-04-12
c003770,2026-04-12,2026-04-24
c003771,2026-04-12,2026-04-12
c003771,2026-04-12,2026-04-21
c003771,2026-04-12,2026-05-02
c003771,2026-04-12,2026-05-10
c003772,2026-04-12,2026-04-12
c003772,2026-04-12,2026-04-24
c003772,2026-04-12,2026-05-01
c003772,2026-04-12,2026-05-06
c003772,2026-04-12,2026-05-20
c003773,2026-04-12,2026-04-12
c003773,2026-04-12,2026-04-24
c003773,2026-04-12,2026-04-29
c003773,2026-04-12,2026-05-03
c003773,2026-04-12,2026-05-14
c003774,2026-04-12,2026-04-12
c003774,2026-04-12,2026-04-27
c003775,2026-04-12,2026-04-12
c003775,2026-04-12,2026-05-28
c003776,2026-04-12,2026-04-12
c003776,2026-04-12,2026-05-19
c003777,2026-04-12,2026-04-12
c003777,2026-04-12,2026-05-04
c003777,2026-04-12,2026-05-20
c003778,2026-04-12,2026-04-12
c003778,2026-04-12,2026-04-22
c003778,2026-04-12,2026-05-11
c003779,2026-04-12,2026-04-12
c003779,2026-04-12,2026-04-23
c003779,2026-04-12,2026-04-27
c003779,2026-04-12,2026-05-04
c003779,2026-04-12,2026-05-21
c003780,2026-04-12,2026-04-12
c003780,2026-04-12,2026-04-22
c003780,2026-04-12,2026-05-08
c003781,2026-04-12,2026-04-12
c003781,2026-04-12,2026-04-21
c003781,2026-04-12,2026-05-01
c003781,2026-04-12,2026-05-04
c003781,2026-04-12,2026-05-15
c003782,2026-04-12,2026-04-12
c003782,2026-04-12,2026-04-25
c003782,2026-04-12,2026-04-28
c003782,2026-04-12,2026-05-19
c003783,2026-04-12,2026-04-12
c003783,2026-04-12,2026-04-22
c003783,2026-04-12,2026-04-30
c003783,2026-04-12,2026-05-07
c003784,2026-04-12,2026-04-12
c003784,2026-04-12,2026-04-21
c003785,2026-04-12,2026-04-12
c003785,2026-04-12,2026-04-19
c003786,2026-04-12,2026-04-12
c003786,2026-04-12,2026-04-23
c003786,2026-04-12,2026-05-07
c003787,2026-04-12,2026-04-12
c003787,2026-04-12,2026-04-23
c003788,2026-04-12,2026-04-12
c003788,2026-04-12,2026-04-20
c003788,2026-04-12,2026-05-16
c003789,2026-04-12,2026-04-12
c003789,2026-04-12,2026-04-19
c003789,2026-04-12,2026-04-30
c003790,2026-04-12,2026-04-12
c003790,2026-04-12,2026-04-25
c003790,2026-04-12,2026-04-28
c003790,2026-04-12,2026-05-16
c003791,2026-04-12,2026-04-12
c003791,2026-04-12,2026-04-22
c003791,2026-04-12,2026-05-14
c003791,2026-04-12,2026-05-28
c003792,2026-04-12,2026-04-12
c003792,2026-04-12,2026-04-22
c003792,2026-04-12,2026-05-01
c003793,2026-04-12,2026-04-12
c003793,2026-04-12,2026-04-19
c003793,2026-04-12,2026-05-10
c003793,2026-04-12,2026-05-21
c003794,2026-04-12,2026-04-12
c003794,2026-04-12,2026-04-24
c003795,2026-04-12,2026-04-12
c003795,2026-04-12,2026-05-08
c003795,2026-04-12,2026-05-15
c003795,2026-04-12,2026-05-24
c003796,2026-04-12,2026-04-12
c003796,2026-04-12,2026-04-21
c003796,2026-04-12,2026-05-07
c003796,2026-04-12,2026-05-10
c003797,2026-04-12,2026-04-12
c003797,2026-04-12,2026-04-27
c003797,2026-04-12,2026-05-05
c003798,2026-04-12,2026-04-12
c003798,2026-04-12,2026-04-22
c003798,2026-04-12,2026-04-26
c003798,2026-04-12,2026-05-04
c003798,2026-04-12,2026-05-18
c003799,2026-04-12,2026-04-12
c003799,2026-04-12,2026-04-30
c003800,2026-04-12,2026-04-12
c003800,2026-04-12,2026-05-18
c003801,2026-04-12,2026-04-12
c003801,2026-04-12,2026-04-21
c003801,2026-04-12,2026-05-21
c003802,2026-04-12,2026-04-12
c003802,2026-04-12,2026-05-05
c003802,2026-04-12,2026-05-13
c003803,2026-04-12,2026-04-12
c003803,2026-04-12,2026-04-25
c003803,2026-04-12,2026-05-07
c003803,2026-04-12,2026-05-22
c003804,2026-04-12,2026-04-12
c003804,2026-04-12,2026-04-23
c003804,2026-04-12,2026-04-27
c003804,2026-04-12,2026-05-05
c003805,2026-04-12,2026-04-12
c003805,2026-04-12,2026-04-22
c003805,2026-04-12,2026-04-29
c003805,2026-04-12,2026-05-17
c003805,2026-04-12,2026-05-25
c003806,2026-04-12,2026-04-12
c003806,2026-04-12,2026-04-29
c003806,2026-04-12,2026-05-16
c003807,2026-04-12,2026-04-12
c003807,2026-04-12,2026-04-21
c003807,2026-04-12,2026-05-07
c003808,2026-04-12,2026-04-12
c003808,2026-04-12,2026-04-30
c003808,2026-04-12,2026-05-19
c003809,2026-04-12,2026-04-12
c003809,2026-04-12,2026-04-21
c003809,2026-04-12,2026-04-27
c003809,2026-04-12,2026-05-14
c003810,2026-04-12,2026-04-12
c003810,2026-04-12,2026-04-22
c003810,2026-04-12,2026-04-29
c003810,2026-04-12,2026-05-06
c003810,2026-04-12,2026-05-20
c003811,2026-04-12,2026-04-12
c003811,2026-04-12,2026-04-21
c003812,2026-04-12,2026-04-12
c003812,2026-04-12,2026-04-19
c003812,2026-04-12,2026-05-03
c003812,2026-04-12,2026-05-23
c003813,2026-04-12,2026-04-12
c003813,2026-04-12,2026-04-22
c003814,2026-04-12,2026-04-12
c003815,2026-04-12,2026-04-12
c003815,2026-04-12,2026-05-01
c003815,2026-04-12,2026-05-18
c003816,2026-04-12,2026-04-12
c003816,2026-04-12,2026-04-20
c003816,2026-04-12,2026-05-13
c003816,2026-04-12,2026-05-31
c003817,2026-04-12,2026-04-12
c003817,2026-04-12,2026-04-26
c003817,2026-04-12,2026-05-30
c003818,2026-04-12,2026-04-12
c003818,2026-04-12,2026-04-29
c003818,2026-04-12,2026-05-13
c003818,2026-04-12,2026-05-30
c003819,2026-04-12,2026-04-12
c003819,2026-04-12,2026-04-19
c003819,2026-04-12,2026-05-05
c003819,2026-04-12,2026-05-11
c003819,2026-04-12,2026-05-29
c003820,2026-04-12,2026-04-12
c003820,2026-04-12,2026-04-29
c003820,2026-04-12,2026-05-06
c003821,2026-04-12,2026-04-12
c003821,2026-04-12,2026-04-29
c003821,2026-04-12,2026-05-03
c003821,2026-04-12,2026-05-16
c003822,2026-04-12,2026-04-12
c003822,2026-04-12,2026-04-27
c003823,2026-04-12,2026-04-12
c003823,2026-04-12,2026-04-30
c003823,2026-04-12,2026-05-10
c003824,2026-04-12,2026-04-12
c003824,2026-04-12,2026-04-22
c003824,2026-04-12,2026-05-01
c003824,2026-04-12,2026-05-03
c003825,2026-04-12,2026-04-12
c003825,2026-04-12,2026-04-23
c003825,2026-04-12,2026-05-09
c003825,2026-04-12,2026-05-28
c003826,2026-04-12,2026-04-12
c003827,2026-04-12,2026-04-12
c003827,2026-04-12,2026-04-29
c003827,2026-04-12,2026-05-03
c003827,2026-04-12,2026-05-17
c003828,2026-04-12,2026-04-12
c003828,2026-04-12,2026-04-20
c003828,2026-04-12,2026-05-15
c003829,2026-04-12,2026-04-12
c003829,2026-04-12,2026-04-22
c003829,2026-04-12,2026-05-06
c003830,2026-04-12,2026-04-12
c003830,2026-04-12,2026-04-23
c003830,2026-04-12,2026-05-30
c003831,2026-04-12,2026-04-12
c003832,2026-04-12,2026-04-12
c003832,2026-04-12,2026-05-09
c003832,2026-04-12,2026-05-25
c003833,2026-04-12,2026-04-12
c003833,2026-04-12,2026-04-24
c003833,2026-04-12,2026-05-04
c003834,2026-04-12,2026-04-12
c003834,2026-04-12,2026-04-24
c003834,2026-04-12,2026-05-01
c003834,2026-04-12,2026-05-04
c003834,2026-04-12,2026-05-23
c003835,2026-04-12,2026-04-12
c003835,2026-04-12,2026-04-20
c003835,2026-04-12,2026-04-27
c003835,2026-04-12,2026-05-04
c003835,2026-04-12,2026-05-26
c003836,2026-04-12,2026-04-12
c003836,2026-04-12,2026-04-26
c003836,2026-04-12,2026-05-19
c003837,2026-04-12,2026-04-12
c003837,2026-04-12,2026-04-22
c003837,2026-04-12,2026-05-03
c003838,2026-04-12,2026-04-12
c003838,2026-04-12,2026-05-04
c003838,2026-04-12,2026-05-13
c003839,2026-04-12,2026-04-12
c003839,2026-04-12,2026-05-10
c003840,2026-04-12,2026-04-12
c003840,2026-04-12,2026-05-04
c003841,2026-04-19,2026-04-19
c003842,2026-04-19,2026-04-19
c003842,2026-04-19,2026-04-26
c003842,2026-04-19,2026-05-07
c003842,2026-04-19,2026-05-14
c003842,2026-04-19,2026-05-20
c003843,2026-04-19,2026-04-19
c003843,2026-04-19,2026-05-03
c003843,2026-04-19,2026-05-13
c003843,2026-04-19,2026-05-18
c003843,2026-04-19,2026-05-26
c003844,2026-04-19,2026-04-19
c003844,2026-04-19,2026-04-26
c003844,2026-04-19,2026-05-09
c003844,2026-04-19,2026-05-27
c003845,2026-04-19,2026-04-19
c003845,2026-04-19,2026-04-27
c003845,2026-04-19,2026-05-08
c003845,2026-04-19,2026-05-16
c003846,2026-04-19,2026-04-19
c003846,2026-04-19,2026-04-29
c003846,2026-04-19,2026-05-08
c003847,2026-04-19,2026-04-19
c003847,2026-04-19,2026-05-08
c003847,2026-04-19,2026-05-11
c003848,2026-04-19,2026-04-19
c003848,2026-04-19,2026-05-09
c003848,2026-04-19,2026-05-14
c003849,2026-04-19,2026-04-19
c003849,2026-04-19,2026-05-02
c003849,2026-04-19,2026-05-07
c003849,2026-04-19,2026-05-20
c003850,2026-04-19,2026-04-19
c003850,2026-04-19,2026-05-04
c003850,2026-04-19,2026-05-21
c003851,2026-04-19,2026-04-19
c003851,2026-04-19,2026-05-14
c003852,2026-04-19,2026-04-19
c003852,2026-04-19,2026-04-27
c003853,2026-04-19,2026-04-19
c003853,2026-04-19,2026-05-01
c003853,2026-04-19,2026-05-06
c003854,2026-04-19,2026-04-19
c003854,2026-04-19,2026-04-29
c003854,2026-04-19,2026-05-07
c003854,2026-04-19,2026-05-16
c003855,2026-04-19,2026-04-19
c003855,2026-04-19,2026-04-30
c003855,2026-04-19,2026-05-04
c003855,2026-04-19,2026-05-15
c003856,2026-04-19,2026-04-19
c003856,2026-04-19,2026-04-29
c003856,2026-04-19,2026-05-10
c003856,2026-04-19,2026-05-28
c003857,2026-04-19,2026-04-19
c003857,2026-04-19,2026-04-30
c003858,2026-04-19,2026-04-19
c003858,2026-04-19,2026-04-29
c003858,2026-04-19,2026-05-30
c003859,2026-04-19,2026-04-19
c003859,2026-04-19,2026-04-30
c003860,2026-04-19,2026-04-19
c003860,2026-04-19,2026-04-26
c003861,2026-04-19,2026-04-19
c003861,2026-04-19,2026-04-29
c003861,2026-04-19,2026-05-08
c003861,2026-04-19,2026-05-12
c003862,2026-04-19,2026-04-19
c003862,2026-04-19,2026-04-28
c003862,2026-04-19,2026-05-04
c003862,2026-04-19,2026-05-18
c003863,2026-04-19,2026-04-19
c003863,2026-04-19,2026-05-01
c003864,2026-04-19,2026-04-19
c003864,2026-04-19,2026-04-28
c003864,2026-04-19,2026-05-06
c003865,2026-04-19,2026-04-19
c003865,2026-04-19,2026-05-02
c003865,2026-04-19,2026-05-04
c003865,2026-04-19,2026-05-16
c003865,2026-04-19,2026-05-30
c003866,2026-04-19,2026-04-19
c003866,2026-04-19,2026-05-04
c003866,2026-04-19,2026-05-18
c003867,2026-04-19,2026-04-19
c003867,2026-04-19,2026-05-07
c003868,2026-04-19,2026-04-19
c003868,2026-04-19,2026-04-30
c003869,2026-04-19,2026-04-19
c003869,2026-04-19,2026-04-30
c003869,2026-04-19,2026-05-06
c003869,2026-04-19,2026-05-23
c003870,2026-04-19,2026-04-19
c003871,2026-04-19,2026-04-19
c003871,2026-04-19,2026-04-29
c003871,2026-04-19,2026-05-13
c003871,2026-04-19,2026-05-27
c003872,2026-04-19,2026-04-19
c003872,2026-04-19,2026-04-28
c003872,2026-04-19,2026-05-11
c003872,2026-04-19,2026-05-25
c003873,2026-04-19,2026-04-19
c003873,2026-04-19,2026-04-30
c003873,2026-04-19,2026-05-15
c003873,2026-04-19,2026-05-25
c003874,2026-04-19,2026-04-19
c003875,2026-04-19,2026-04-19
c003875,2026-04-19,2026-05-01
c003876,2026-04-19,2026-04-19
c003876,2026-04-19,2026-05-06
c003877,2026-04-19,2026-04-19
c003877,2026-04-19,2026-05-03
c003877,2026-04-19,2026-05-13
c003877,2026-04-19,2026-05-23
c003878,2026-04-19,2026-04-19
c003878,2026-04-19,2026-04-27
c003878,2026-04-19,2026-05-05
c003878,2026-04-19,2026-05-15
c003878,2026-04-19,2026-05-21
c003879,2026-04-19,2026-04-19
c003879,2026-04-19,2026-05-01
c003879,2026-04-19,2026-05-12
c003880,2026-04-19,2026-04-19
c003880,2026-04-19,2026-04-29
c003880,2026-04-19,2026-05-11
c003881,2026-04-19,2026-04-19
c003881,2026-04-19,2026-04-28
c003882,2026-04-19,2026-04-19
c003882,2026-04-19,2026-04-29
c003882,2026-04-19,2026-05-09
c003882,2026-04-19,2026-05-17
c003882,2026-04-19,2026-05-30
c003883,2026-04-19,2026-04-19
c003883,2026-04-19,2026-05-02
c003883,2026-04-19,2026-05-03
c003883,2026-04-19,2026-05-26
c003884,2026-04-19,2026-04-19
c003884,2026-04-19,2026-05-02
c003884,2026-04-19,2026-05-17
c003885,2026-04-19,2026-04-19
c003885,2026-04-19,2026-05-13
c003886,2026-04-19,2026-04-19
c003886,2026-04-19,2026-05-21
c003887,2026-04-19,2026-04-19
c003887,2026-04-19,2026-05-02
c003887,2026-04-19,2026-05-18
c003887,2026-04-19,2026-05-27
c003888,2026-04-19,2026-04-19
c003888,2026-04-19,2026-04-29
c003889,2026-04-19,2026-04-19
c003889,2026-04-19,2026-04-28
c003890,2026-04-19,2026-04-19
c003891,2026-04-19,2026-04-19
c003891,2026-04-19,2026-05-01
c003891,2026-04-19,2026-05-13
c003891,2026-04-19,2026-05-17
c003892,2026-04-19,2026-04-19
c003892,2026-04-19,2026-04-26
c003892,2026-04-19,2026-05-13
c003893,2026-04-19,2026-04-19
c003893,2026-04-19,2026-05-08
c003893,2026-04-19,2026-05-27
c003894,2026-04-19,2026-04-19
c003894,2026-04-19,2026-05-08
c003894,2026-04-19,2026-05-13
c003895,2026-04-19,2026-04-19
c003895,2026-04-19,2026-04-27
c003895,2026-04-19,2026-05-25
c003896,2026-04-19,2026-04-19
c003896,2026-04-19,2026-04-28
c003896,2026-04-19,2026-05-05
c003896,2026-04-19,2026-05-21
c003897,2026-04-19,2026-04-19
c003897,2026-04-19,2026-05-03
c003898,2026-04-19,2026-04-19
c003898,2026-04-19,2026-05-02
c003898,2026-04-19,2026-05-10
c003898,2026-04-19,2026-05-25
c003899,2026-04-19,2026-04-19
c003899,2026-04-19,2026-04-30
c003899,2026-04-19,2026-05-04
c003899,2026-04-19,2026-05-27
c003900,2026-04-19,2026-04-19
c003900,2026-04-19,2026-05-02
c003900,2026-04-19,2026-05-05
c003901,2026-04-19,2026-04-19
c003901,2026-04-19,2026-05-11
c003901,2026-04-19,2026-05-20
c003902,2026-04-19,2026-04-19
c003902,2026-04-19,2026-05-02
c003903,2026-04-19,2026-04-19
c003903,2026-04-19,2026-05-02
c003903,2026-04-19,2026-05-09
c003903,2026-04-19,2026-05-21
c003904,2026-04-19,2026-04-19
c003904,2026-04-19,2026-05-02
c003904,2026-04-19,2026-05-12
c003904,2026-04-19,2026-05-22
c003905,2026-04-19,2026-04-19
c003905,2026-04-19,2026-04-28
c003905,2026-04-19,2026-05-04
c003905,2026-04-19,2026-05-30
c003906,2026-04-19,2026-04-19
c003906,2026-04-19,2026-05-07
c003906,2026-04-19,2026-05-23
c003906,2026-04-19,2026-05-27
c003907,2026-04-19,2026-04-19
c003907,2026-04-19,2026-04-28
c003907,2026-04-19,2026-05-10
c003908,2026-04-19,2026-04-19
c003908,2026-04-19,2026-05-01
c003908,2026-04-19,2026-05-04
c003909,2026-04-19,2026-04-19
c003909,2026-04-19,2026-04-27
c003909,2026-04-19,2026-05-08
c003910,2026-04-19,2026-04-19
c003910,2026-04-19,2026-05-14
c003911,2026-04-19,2026-04-19
c003911,2026-04-19,2026-05-01
c003911,2026-04-19,2026-05-13
c003912,2026-04-19,2026-04-19
c003912,2026-04-19,2026-05-08
c003912,2026-04-19,2026-05-15
c003912,2026-04-19,2026-05-29
c003913,2026-04-19,2026-04-19
c003913,2026-04-19,2026-04-28
c003913,2026-04-19,2026-05-19
c003914,2026-04-19,2026-04-19
c003914,2026-04-19,2026-04-28
c003914,2026-04-19,2026-05-22
c003915,2026-04-19,2026-04-19
c003916,2026-04-19,2026-04-19
c003916,2026-04-19,2026-04-29
c003916,2026-04-19,2026-05-20
c003917,2026-04-19,2026-04-19
c003917,2026-04-19,2026-04-29
c003918,2026-04-19,2026-04-19
c003918,2026-04-19,2026-04-30
c003918,2026-04-19,2026-05-04
c003918,2026-04-19,2026-05-31
c003919,2026-04-19,2026-04-19
c003919,2026-04-19,2026-05-05
c003920,2026-04-19,2026-04-19
c003920,2026-04-19,2026-05-02
c003920,2026-04-19,2026-05-09
c003920,2026-04-19,2026-05-20
c003921,2026-04-19,2026-04-19
c003921,2026-04-19,2026-04-26
c003921,2026-04-19,2026-05-12
c003922,2026-04-19,2026-04-19
c003922,2026-04-19,2026-05-04
c003922,2026-04-19,2026-05-21
c003922,2026-04-19,2026-05-24
c003923,2026-04-19,2026-04-19
c003923,2026-04-19,2026-05-08
c003923,2026-04-19,2026-05-15
c003923,2026-04-19,2026-05-29
c003924,2026-04-19,2026-04-19
c003924,2026-04-19,2026-04-28
c003924,2026-04-19,2026-05-09
c003924,2026-04-19,2026-05-31
c003925,2026-04-19,2026-04-19
c003925,2026-04-19,2026-05-08
c003925,2026-04-19,2026-05-14
c003926,2026-04-19,2026-04-19
c003926,2026-04-19,2026-05-14
c003927,2026-04-19,2026-04-19
c003927,2026-04-19,2026-05-07
c003927,2026-04-19,2026-05-22
c003927,2026-04-19,2026-05-25
c003928,2026-04-19,2026-04-19
c003928,2026-04-19,2026-05-06
c003928,2026-04-19,2026-05-16
c003929,2026-04-19,2026-04-19
c003929,2026-04-19,2026-05-15
c003930,2026-04-19,2026-04-19
c003930,2026-04-19,2026-04-28
c003930,2026-04-19,2026-05-10
c003930,2026-04-19,2026-05-22
c003930,2026-04-19,2026-05-28
c003931,2026-04-19,2026-04-19
c003931,2026-04-19,2026-04-26
c003931,2026-04-19,2026-05-11
c003932,2026-04-19,2026-04-19
c003932,2026-04-19,2026-04-28
c003932,2026-04-19,2026-05-05
c003932,2026-04-19,2026-05-30
c003933,2026-04-19,2026-04-19
c003933,2026-04-19,2026-04-27
c003934,2026-04-19,2026-04-19
c003935,2026-04-19,2026-04-19
c003935,2026-04-19,2026-04-26
c003935,2026-04-19,2026-05-24
c003936,2026-04-19,2026-04-19
c003936,2026-04-19,2026-04-26
c003936,2026-04-19,2026-05-05
c003936,2026-04-19,2026-05-17
c003937,2026-04-19,2026-04-19
c003938,2026-04-19,2026-04-19
c003938,2026-04-19,2026-04-29
c003938,2026-04-19,2026-05-09
c003938,2026-04-19,2026-05-16
c003939,2026-04-19,2026-04-19
c003939,2026-04-19,2026-04-28
c003939,2026-04-19,2026-05-10
c003940,2026-04-19,2026-04-19
c003940,2026-04-19,2026-05-05
c003941,2026-04-19,2026-04-19
c003941,2026-04-19,2026-05-03
c003941,2026-04-19,2026-05-11
c003942,2026-04-19,2026-04-19
c003942,2026-04-19,2026-04-30
c003942,2026-04-19,2026-05-09
c003942,2026-04-19,2026-05-22
c003943,2026-04-19,2026-04-19
c003943,2026-04-19,2026-05-01
c003943,2026-04-19,2026-05-05
c003944,2026-04-19,2026-04-19
c003944,2026-04-19,2026-05-07
c003944,2026-04-19,2026-05-11
c003945,2026-04-19,2026-04-19
c003945,2026-04-19,2026-05-01
c003945,2026-04-19,2026-05-03
c003945,2026-04-19,2026-05-10
c003945,2026-04-19,2026-05-19
c003946,2026-04-19,2026-04-19
c003946,2026-04-19,2026-04-29
c003946,2026-04-19,2026-05-08
c003946,2026-04-19,2026-05-12
c003946,2026-04-19,2026-05-19
c003947,2026-04-19,2026-04-19
c003947,2026-04-19,2026-05-02
c003947,2026-04-19,2026-05-16
c003947,2026-04-19,2026-05-25
c003948,2026-04-19,2026-04-19
c003949,2026-04-19,2026-04-19
c003949,2026-04-19,2026-05-13
c003949,2026-04-19,2026-05-29
c003950,2026-04-19,2026-04-19
c003950,2026-04-19,2026-04-29
c003950,2026-04-19,2026-05-30
c003951,2026-04-19,2026-04-19
c003951,2026-04-19,2026-04-29
c003951,2026-04-19,2026-05-09
c003952,2026-04-19,2026-04-19
c003952,2026-04-19,2026-04-29
c003952,2026-04-19,2026-05-23
c003952,2026-04-19,2026-05-24
c003953,2026-04-19,2026-04-19
c003953,2026-04-19,2026-05-14
c003954,2026-04-19,2026-04-19
c003954,2026-04-19,2026-05-09
c003954,2026-04-19,2026-05-13
c003955,2026-04-19,2026-04-19
c003956,2026-04-19,2026-04-19
c003956,2026-04-19,2026-05-11
c003957,2026-04-19,2026-04-19
c003957,2026-04-19,2026-05-03
c003957,2026-04-19,2026-05-28
c003957,2026-04-19,2026-05-31
c003958,2026-04-19,2026-04-19
c003958,2026-04-19,2026-04-29
c003959,2026-04-19,2026-04-19
c003959,2026-04-19,2026-04-26
c003959,2026-04-19,2026-05-04
c003960,2026-04-19,2026-04-19
c003960,2026-04-19,2026-05-28
c003961,2026-04-19,2026-04-19
c003961,2026-04-19,2026-05-14
c003961,2026-04-19,2026-05-28
c003962,2026-04-19,2026-04-19
c003962,2026-04-19,2026-04-27
c003962,2026-04-19,2026-05-05
c003963,2026-04-19,2026-04-19
c003963,2026-04-19,2026-04-29
c003963,2026-04-19,2026-05-03
c003964,2026-04-19,2026-04-19
c003965,2026-04-19,2026-04-19
c003965,2026-04-19,2026-04-30
c003965,2026-04-19,2026-05-06
c003965,2026-04-19,2026-05-19
c003965,2026-04-19,2026-05-26
c003966,2026-04-19,2026-04-19
c003966,2026-04-19,2026-05-12
c003966,2026-04-19,2026-05-28
c003967,2026-04-19,2026-04-19
c003967,2026-04-19,2026-04-29
c003967,2026-04-19,2026-05-08
c003967,2026-04-19,2026-05-12
c003967,2026-04-19,2026-05-23
c003968,2026-04-19,2026-04-19
c003968,2026-04-19,2026-05-03
c003968,2026-04-19,2026-05-12
c003968,2026-04-19,2026-05-28
c003969,2026-04-19,2026-04-19
c003970,2026-04-19,2026-04-19
c003971,2026-04-19,2026-04-19
c003971,2026-04-19,2026-04-27
c003971,2026-04-19,2026-05-15
c003972,2026-04-19,2026-04-19
c003973,2026-04-19,2026-04-19
c003973,2026-04-19,2026-05-02
c003973,2026-04-19,2026-05-22
c003974,2026-04-19,2026-04-19
c003974,2026-04-19,2026-04-28
c003974,2026-04-19,2026-05-10
c003974,2026-04-19,2026-05-17
c003975,2026-04-19,2026-04-19
c003975,2026-04-19,2026-04-28
c003975,2026-04-19,2026-05-07
c003975,2026-04-19,2026-05-27
c003976,2026-04-19,2026-04-19
c003976,2026-04-19,2026-04-29
c003976,2026-04-19,2026-05-21
c003977,2026-04-19,2026-04-19
c003977,2026-04-19,2026-05-05
c003977,2026-04-19,2026-05-12
c003977,2026-04-19,2026-05-17
c003978,2026-04-19,2026-04-19
c003978,2026-04-19,2026-05-17
c003979,2026-04-19,2026-04-19
c003979,2026-04-19,2026-04-30
c003980,2026-04-19,2026-04-19
c003980,2026-04-19,2026-04-30
c003980,2026-04-19,2026-05-04
c003981,2026-04-19,2026-04-19
c003981,2026-04-19,2026-04-30
c003981,2026-04-19,2026-05-05
c003982,2026-04-19,2026-04-19
c003982,2026-04-19,2026-04-28
c003982,2026-04-19,2026-05-20
c003983,2026-04-19,2026-04-19
c003983,2026-04-19,2026-05-02
c003983,2026-04-19,2026-05-22
c003984,2026-04-19,2026-04-19
c003984,2026-04-19,2026-05-04
c003984,2026-04-19,2026-05-19
c003985,2026-04-19,2026-04-19
c003985,2026-04-19,2026-05-06
c003985,2026-04-19,2026-05-17
c003986,2026-04-19,2026-04-19
c003986,2026-04-19,2026-05-01
c003986,2026-04-19,2026-05-06
c003986,2026-04-19,2026-05-22
c003986,2026-04-19,2026-05-29
c003987,2026-04-19,2026-04-19
c003987,2026-04-19,2026-05-02
c003988,2026-04-19,2026-04-19
c003988,2026-04-19,2026-04-29
c003988,2026-04-19,2026-05-09
c003988,2026-04-19,2026-05-17
c003988,2026-04-19,2026-05-26
c003989,2026-04-19,2026-04-19
c003989,2026-04-19,2026-05-02
c003989,2026-04-19,2026-05-03
c003990,2026-04-19,2026-04-19
c003990,2026-04-19,2026-05-09
c003991,2026-04-19,2026-04-19
c003991,2026-04-19,2026-05-02
c003992,2026-04-19,2026-04-19
c003992,2026-04-19,2026-05-01
c003992,2026-04-19,2026-05-08
c003993,2026-04-19,2026-04-19
c003993,2026-04-19,2026-04-28
c003993,2026-04-19,2026-05-03
c003993,2026-04-19,2026-05-13
c003994,2026-04-19,2026-04-19
c003995,2026-04-19,2026-04-19
c003995,2026-04-19,2026-05-13
c003995,2026-04-19,2026-05-30
c003996,2026-04-19,2026-04-19
c003996,2026-04-19,2026-05-28
c003997,2026-04-19,2026-04-19
c003998,2026-04-19,2026-04-19
c003998,2026-04-19,2026-04-30
c003999,2026-04-19,2026-04-19
c003999,2026-04-19,2026-05-02
c003999,2026-04-19,2026-05-27
c004000,2026-04-19,2026-04-19
c004000,2026-04-19,2026-05-08
c004000,2026-04-19,2026-05-15
c004001,2026-04-19,2026-04-19
c004001,2026-04-19,2026-04-30
c004001,2026-04-19,2026-05-16
c004002,2026-04-19,2026-04-19
c004002,2026-04-19,2026-05-07
c004002,2026-04-19,2026-05-10
c004002,2026-04-19,2026-05-21
c004003,2026-04-19,2026-04-19
c004003,2026-04-19,2026-05-06
c004004,2026-04-19,2026-04-19
c004004,2026-04-19,2026-05-02
c004004,2026-04-19,2026-05-04
c004004,2026-04-19,2026-05-23
c004005,2026-04-19,2026-04-19
c004005,2026-04-19,2026-05-23
c004006,2026-04-19,2026-04-19
c004006,2026-04-19,2026-04-28
c004006,2026-04-19,2026-05-03
c004006,2026-04-19,2026-05-15
c004006,2026-04-19,2026-05-31
c004007,2026-04-19,2026-04-19
c004007,2026-04-19,2026-05-12
c004007,2026-04-19,2026-05-22
c004007,2026-04-19,2026-05-31
c004008,2026-04-19,2026-04-19
c004008,2026-04-19,2026-04-27
c004008,2026-04-19,2026-05-23
c004009,2026-04-19,2026-04-19
c004009,2026-04-19,2026-04-29
c004009,2026-04-19,2026-05-12
c004009,2026-04-19,2026-05-20
c004010,2026-04-19,2026-04-19
c004010,2026-04-19,2026-04-26
c004011,2026-04-19,2026-04-19
c004011,2026-04-19,2026-04-29
c004011,2026-04-19,2026-05-16
c004011,2026-04-19,2026-05-26
c004012,2026-04-19,2026-04-19
c004012,2026-04-19,2026-04-26
c004012,2026-04-19,2026-05-09
c004012,2026-04-19,2026-05-18
c004013,2026-04-19,2026-04-19
c004013,2026-04-19,2026-04-30
c004014,2026-04-19,2026-04-19
c004014,2026-04-19,2026-05-01
c004015,2026-04-19,2026-04-19
c004015,2026-04-19,2026-04-30
c004015,2026-04-19,2026-05-18
c004016,2026-04-19,2026-04-19
c004017,2026-04-19,2026-04-19
c004017,2026-04-19,2026-05-14
c004017,2026-04-19,2026-05-21
c004018,2026-04-19,2026-04-19
c004018,2026-04-19,2026-05-01
c004018,2026-04-19,2026-05-18
c004019,2026-04-19,2026-04-19
c004020,2026-04-19,2026-04-19
c004020,2026-04-19,2026-05-28
c004021,2026-04-19,2026-04-19
c004021,2026-04-19,2026-05-12
c004021,2026-04-19,2026-05-21
c004022,2026-04-19,2026-04-19
c004022,2026-04-19,2026-05-09
c004022,2026-04-19,2026-05-14
c004023,2026-04-19,2026-04-19
c004023,2026-04-19,2026-05-14
c004023,2026-04-19,2026-05-17
c004024,2026-04-19,2026-04-19
c004024,2026-04-19,2026-05-06
c004025,2026-04-19,2026-04-19
c004025,2026-04-19,2026-04-28
c004025,2026-04-19,2026-05-22
c004025,2026-04-19,2026-05-28
c004026,2026-04-19,2026-04-19
c004026,2026-04-19,2026-04-27
c004026,2026-04-19,2026-05-16
c004027,2026-04-19,2026-04-19
c004027,2026-04-19,2026-05-16
c004028,2026-04-19,2026-04-19
c004028,2026-04-19,2026-05-01
c004028,2026-04-19,2026-05-19
c004028,2026-04-19,2026-05-25
c004029,2026-04-19,2026-04-19
c004029,2026-04-19,2026-04-27
c004029,2026-04-19,2026-05-08
c004029,2026-04-19,2026-05-21
c004030,2026-04-19,2026-04-19
c004031,2026-04-19,2026-04-19
c004031,2026-04-19,2026-05-12
c004032,2026-04-19,2026-04-19
c004032,2026-04-19,2026-04-28
c004032,2026-04-19,2026-05-05
c004033,2026-04-19,2026-04-19
c004033,2026-04-19,2026-04-30
c004033,2026-04-19,2026-05-04
c004033,2026-04-19,2026-05-10
c004033,2026-04-19,2026-05-23
c004033,2026-04-19,2026-05-25
c004034,2026-04-19,2026-04-19
c004034,2026-04-19,2026-05-12
c004035,2026-04-19,2026-04-19
c004035,2026-04-19,2026-05-22
c004036,2026-04-19,2026-04-19
c004036,2026-04-19,2026-05-24
c004037,2026-04-19,2026-04-19
c004037,2026-04-19,2026-05-06
c004038,2026-04-19,2026-04-19
c004038,2026-04-19,2026-05-01
c004038,2026-04-19,2026-05-09
c004038,2026-04-19,2026-05-10
c004039,2026-04-19,2026-04-19
c004039,2026-04-19,2026-05-02
c004039,2026-04-19,2026-05-08
c004039,2026-04-19,2026-05-12
c004040,2026-04-19,2026-04-19
c004040,2026-04-19,2026-04-28
c004040,2026-04-19,2026-05-22
c004041,2026-04-19,2026-04-19
c004041,2026-04-19,2026-04-26
c004042,2026-04-19,2026-04-19
c004042,2026-04-19,2026-05-29
c004043,2026-04-19,2026-04-19
c004043,2026-04-19,2026-05-02
c004043,2026-04-19,2026-05-22
c004043,2026-04-19,2026-05-28
c004044,2026-04-19,2026-04-19
c004044,2026-04-19,2026-05-18
c004045,2026-04-19,2026-04-19
c004045,2026-04-19,2026-05-08
c004045,2026-04-19,2026-05-15
c004046,2026-04-19,2026-04-19
c004046,2026-04-19,2026-04-30
c004046,2026-04-19,2026-05-09
c004047,2026-04-19,2026-04-19
c004047,2026-04-19,2026-05-02
c004047,2026-04-19,2026-05-07
c004048,2026-04-19,2026-04-19
c004048,2026-04-19,2026-05-15
c004048,2026-04-19,2026-05-21
c004049,2026-04-19,2026-04-19
c004049,2026-04-19,2026-05-19
c004050,2026-04-19,2026-04-19
c004050,2026-04-19,2026-05-13
c004051,2026-04-19,2026-04-19
c004051,2026-04-19,2026-04-26
c004051,2026-04-19,2026-05-18
c004051,2026-04-19,2026-05-27
c004052,2026-04-19,2026-04-19
c004052,2026-04-19,2026-04-30
c004052,2026-04-19,2026-05-03
c004053,2026-04-19,2026-04-19
c004053,2026-04-19,2026-05-07
c004053,2026-04-19,2026-05-10
c004053,2026-04-19,2026-05-19
c004053,2026-04-19,2026-05-30
c004054,2026-04-19,2026-04-19
c004055,2026-04-19,2026-04-19
c004055,2026-04-19,2026-05-13
c004055,2026-04-19,2026-05-29
c004056,2026-04-19,2026-04-19
c004056,2026-04-19,2026-04-30
c004056,2026-04-19,2026-05-28
c004057,2026-04-19,2026-04-19
c004057,2026-04-19,2026-04-27
c004057,2026-04-19,2026-05-08
c004057,2026-04-19,2026-05-13
c004058,2026-04-19,2026-04-19
c004058,2026-04-19,2026-05-08
c004059,2026-04-19,2026-04-19
c004059,2026-04-19,2026-04-29
c004059,2026-04-19,2026-05-05
c004060,2026-04-19,2026-04-19
c004060,2026-04-19,2026-05-01
c004060,2026-04-19,2026-05-04
c004061,2026-04-19,2026-04-19
c004061,2026-04-19,2026-05-06
c004062,2026-04-19,2026-04-19
c004062,2026-04-19,2026-05-25
c004063,2026-04-19,2026-04-19
c004063,2026-04-19,2026-04-26
c004063,2026-04-19,2026-05-22
c004063,2026-04-19,2026-05-28
c004064,2026-04-19,2026-04-19
c004064,2026-04-19,2026-05-08
c004065,2026-04-26,2026-04-26
c004065,2026-04-26,2026-05-07
c004065,2026-04-26,2026-05-12
c004065,2026-04-26,2026-05-21
c004066,2026-04-26,2026-04-26
c004066,2026-04-26,2026-05-07
c004066,2026-04-26,2026-05-17
c004067,2026-04-26,2026-04-26
c004067,2026-04-26,2026-05-09
c004067,2026-04-26,2026-05-12
c004068,2026-04-26,2026-04-26
c004068,2026-04-26,2026-05-05
c004068,2026-04-26,2026-05-29
c004069,2026-04-26,2026-04-26
c004070,2026-04-26,2026-04-26
c004071,2026-04-26,2026-04-26
c004072,2026-04-26,2026-04-26
c004072,2026-04-26,2026-05-03
c004072,2026-04-26,2026-05-14
c004072,2026-04-26,2026-05-18
c004073,2026-04-26,2026-04-26
c004073,2026-04-26,2026-05-06
c004073,2026-04-26,2026-05-28
c004074,2026-04-26,2026-04-26
c004074,2026-04-26,2026-05-05
c004074,2026-04-26,2026-05-21
c004074,2026-04-26,2026-05-31
c004075,2026-04-26,2026-04-26
c004075,2026-04-26,2026-05-21
c004075,2026-04-26,2026-05-29
c004076,2026-04-26,2026-04-26
c004076,2026-04-26,2026-05-07
c004076,2026-04-26,2026-05-11
c004076,2026-04-26,2026-05-29
c004077,2026-04-26,2026-04-26
c004077,2026-04-26,2026-05-06
c004077,2026-04-26,2026-05-15
c004077,2026-04-26,2026-05-26
c004078,2026-04-26,2026-04-26
c004079,2026-04-26,2026-04-26
c004079,2026-04-26,2026-05-18
c004080,2026-04-26,2026-04-26
c004080,2026-04-26,2026-05-11
c004080,2026-04-26,2026-05-22
c004081,2026-04-26,2026-04-26
c004081,2026-04-26,2026-05-05
c004081,2026-04-26,2026-05-11
c004081,2026-04-26,2026-05-17
c004082,2026-04-26,2026-04-26
c004082,2026-04-26,2026-05-09
c004082,2026-04-26,2026-05-26
c004083,2026-04-26,2026-04-26
c004083,2026-04-26,2026-05-08
c004084,2026-04-26,2026-04-26
c004084,2026-04-26,2026-05-22
c004085,2026-04-26,2026-04-26
c004085,2026-04-26,2026-05-20
c004086,2026-04-26,2026-04-26
c004086,2026-04-26,2026-05-04
c004086,2026-04-26,2026-05-16
c004087,2026-04-26,2026-04-26
c004087,2026-04-26,2026-05-11
c004088,2026-04-26,2026-04-26
c004088,2026-04-26,2026-05-07
c004089,2026-04-26,2026-04-26
c004089,2026-04-26,2026-05-21
c004090,2026-04-26,2026-04-26
c004091,2026-04-26,2026-04-26
c004091,2026-04-26,2026-05-03
c004092,2026-04-26,2026-04-26
c004092,2026-04-26,2026-05-13
c004093,2026-04-26,2026-04-26
c004094,2026-04-26,2026-04-26
c004094,2026-04-26,2026-05-28
c004095,2026-04-26,2026-04-26
c004095,2026-04-26,2026-05-05
c004095,2026-04-26,2026-05-15
c004095,2026-04-26,2026-05-24
c004096,2026-04-26,2026-04-26
c004096,2026-04-26,2026-05-05
c004097,2026-04-26,2026-04-26
c004097,2026-04-26,2026-05-06
c004097,2026-04-26,2026-05-23
c004098,2026-04-26,2026-04-26
c004098,2026-04-26,2026-05-05
c004098,2026-04-26,2026-05-11
c004099,2026-04-26,2026-04-26
c004099,2026-04-26,2026-05-07
c004099,2026-04-26,2026-05-13
c004099,2026-04-26,2026-05-30
c004100,2026-04-26,2026-04-26
c004100,2026-04-26,2026-05-06
c004100,2026-04-26,2026-05-10
c004101,2026-04-26,2026-04-26
c004102,2026-04-26,2026-04-26
c004102,2026-04-26,2026-05-30
c004103,2026-04-26,2026-04-26
c004104,2026-04-26,2026-04-26
c004104,2026-04-26,2026-05-07
c004104,2026-04-26,2026-05-11
c004104,2026-04-26,2026-05-19
c004104,2026-04-26,2026-05-29
c004105,2026-04-26,2026-04-26
c004105,2026-04-26,2026-05-08
c004105,2026-04-26,2026-05-26
c004106,2026-04-26,2026-04-26
c004106,2026-04-26,2026-05-09
c004106,2026-04-26,2026-05-19
c004107,2026-04-26,2026-04-26
c004107,2026-04-26,2026-05-20
c004107,2026-04-26,2026-05-25
c004108,2026-04-26,2026-04-26
c004108,2026-04-26,2026-05-19
c004108,2026-04-26,2026-05-24
c004109,2026-04-26,2026-04-26
c004109,2026-04-26,2026-05-04
c004109,2026-04-26,2026-05-11
c004110,2026-04-26,2026-04-26
c004110,2026-04-26,2026-05-05
c004111,2026-04-26,2026-04-26
c004111,2026-04-26,2026-05-04
c004111,2026-04-26,2026-05-14
c004112,2026-04-26,2026-04-26
c004112,2026-04-26,2026-05-08
c004112,2026-04-26,2026-05-22
c004113,2026-04-26,2026-04-26
c004113,2026-04-26,2026-05-08
c004113,2026-04-26,2026-05-11
c004113,2026-04-26,2026-05-18
c004113,2026-04-26,2026-05-27
c004114,2026-04-26,2026-04-26
c004114,2026-04-26,2026-05-03
c004114,2026-04-26,2026-05-23
c004115,2026-04-26,2026-04-26
c004115,2026-04-26,2026-05-05
c004115,2026-04-26,2026-05-19
c004116,2026-04-26,2026-04-26
c004117,2026-04-26,2026-04-26
c004117,2026-04-26,2026-05-03
c004117,2026-04-26,2026-05-17
c004118,2026-04-26,2026-04-26
c004118,2026-04-26,2026-05-09
c004118,2026-04-26,2026-05-24
c004119,2026-04-26,2026-04-26
c004119,2026-04-26,2026-05-19
c004119,2026-04-26,2026-05-25
c004120,2026-04-26,2026-04-26
c004120,2026-04-26,2026-05-20
c004121,2026-04-26,2026-04-26
c004121,2026-04-26,2026-05-04
c004121,2026-04-26,2026-05-13
c004122,2026-04-26,2026-04-26
c004122,2026-04-26,2026-05-20
c004123,2026-04-26,2026-04-26
c004124,2026-04-26,2026-04-26
c004124,2026-04-26,2026-05-30
c004125,2026-04-26,2026-04-26
c004125,2026-04-26,2026-05-23
c004126,2026-04-26,2026-04-26
c004126,2026-04-26,2026-05-18
c004127,2026-04-26,2026-04-26
c004127,2026-04-26,2026-05-08
c004127,2026-04-26,2026-05-10
c004128,2026-04-26,2026-04-26
c004129,2026-04-26,2026-04-26
c004129,2026-04-26,2026-05-09
c004129,2026-04-26,2026-05-14
c004129,2026-04-26,2026-05-24
c004130,2026-04-26,2026-04-26
c004130,2026-04-26,2026-05-04
c004130,2026-04-26,2026-05-16
c004131,2026-04-26,2026-04-26
c004131,2026-04-26,2026-05-08
c004132,2026-04-26,2026-04-26
c004132,2026-04-26,2026-05-04
c004132,2026-04-26,2026-05-10
c004132,2026-04-26,2026-05-21
c004133,2026-04-26,2026-04-26
c004133,2026-04-26,2026-05-31
c004134,2026-04-26,2026-04-26
c004135,2026-04-26,2026-04-26
c004135,2026-04-26,2026-05-03
c004136,2026-04-26,2026-04-26
c004136,2026-04-26,2026-05-11
c004136,2026-04-26,2026-05-19
c004137,2026-04-26,2026-04-26
c004138,2026-04-26,2026-04-26
c004138,2026-04-26,2026-05-08
c004138,2026-04-26,2026-05-18
c004138,2026-04-26,2026-05-26
c004139,2026-04-26,2026-04-26
c004139,2026-04-26,2026-05-06
c004139,2026-04-26,2026-05-13
c004140,2026-04-26,2026-04-26
c004140,2026-04-26,2026-05-13
c004141,2026-04-26,2026-04-26
c004141,2026-04-26,2026-05-12
c004141,2026-04-26,2026-05-22
c004142,2026-04-26,2026-04-26
c004142,2026-04-26,2026-05-10
c004143,2026-04-26,2026-04-26
c004143,2026-04-26,2026-05-11
c004144,2026-04-26,2026-04-26
c004145,2026-04-26,2026-04-26
c004145,2026-04-26,2026-05-20
c004146,2026-04-26,2026-04-26
c004146,2026-04-26,2026-05-09
c004146,2026-04-26,2026-05-18
c004147,2026-04-26,2026-04-26
c004147,2026-04-26,2026-05-04
c004147,2026-04-26,2026-05-16
c004147,2026-04-26,2026-05-29
c004148,2026-04-26,2026-04-26
c004148,2026-04-26,2026-05-05
c004148,2026-04-26,2026-05-31
c004149,2026-04-26,2026-04-26
c004150,2026-04-26,2026-04-26
c004150,2026-04-26,2026-05-08
c004150,2026-04-26,2026-05-22
c004150,2026-04-26,2026-05-29
c004151,2026-04-26,2026-04-26
c004151,2026-04-26,2026-05-07
c004151,2026-04-26,2026-05-12
c004151,2026-04-26,2026-05-27
c004152,2026-04-26,2026-04-26
c004152,2026-04-26,2026-05-07
c004153,2026-04-26,2026-04-26
c004153,2026-04-26,2026-05-05
c004153,2026-04-26,2026-05-10
c004154,2026-04-26,2026-04-26
c004155,2026-04-26,2026-04-26
c004155,2026-04-26,2026-05-08
c004155,2026-04-26,2026-05-12
c004155,2026-04-26,2026-05-20
c004155,2026-04-26,2026-05-27
c004156,2026-04-26,2026-04-26
c004156,2026-04-26,2026-05-03
c004156,2026-04-26,2026-05-25
c004157,2026-04-26,2026-04-26
c004157,2026-04-26,2026-05-04
c004157,2026-04-26,2026-05-10
c004157,2026-04-26,2026-05-21
c004157,2026-04-26,2026-05-25
c004158,2026-04-26,2026-04-26
c004158,2026-04-26,2026-05-06
c004158,2026-04-26,2026-05-24
c004159,2026-04-26,2026-04-26
c004159,2026-04-26,2026-05-29
c004160,2026-04-26,2026-04-26
c004160,2026-04-26,2026-05-14
c004161,2026-04-26,2026-04-26
c004161,2026-04-26,2026-05-06
c004161,2026-04-26,2026-05-19
c004162,2026-04-26,2026-04-26
c004162,2026-04-26,2026-05-05
c004162,2026-04-26,2026-05-18
c004162,2026-04-26,2026-05-30
c004163,2026-04-26,2026-04-26
c004164,2026-04-26,2026-04-26
c004164,2026-04-26,2026-05-06
c004164,2026-04-26,2026-05-18
c004165,2026-04-26,2026-04-26
c004165,2026-04-26,2026-05-08
c004166,2026-04-26,2026-04-26
c004166,2026-04-26,2026-05-05
c004167,2026-04-26,2026-04-26
c004167,2026-04-26,2026-05-09
c004167,2026-04-26,2026-05-18
c004168,2026-04-26,2026-04-26
c004168,2026-04-26,2026-05-06
c004169,2026-04-26,2026-04-26
c004169,2026-04-26,2026-05-25
c004170,2026-04-26,2026-04-26
c004170,2026-04-26,2026-05-17
c004171,2026-04-26,2026-04-26
c004171,2026-04-26,2026-05-03
c004171,2026-04-26,2026-05-10
c004171,2026-04-26,2026-05-17
c004172,2026-04-26,2026-04-26
c004172,2026-04-26,2026-05-04
c004173,2026-04-26,2026-04-26
c004173,2026-04-26,2026-05-05
c004173,2026-04-26,2026-05-11
c004174,2026-04-26,2026-04-26
c004174,2026-04-26,2026-05-18
c004175,2026-04-26,2026-04-26
c004175,2026-04-26,2026-05-16
c004175,2026-04-26,2026-05-19
c004176,2026-04-26,2026-04-26
c004176,2026-04-26,2026-05-04
c004176,2026-04-26,2026-05-21
c004177,2026-04-26,2026-04-26
c004177,2026-04-26,2026-05-08
c004177,2026-04-26,2026-05-13
c004178,2026-04-26,2026-04-26
c004178,2026-04-26,2026-05-12
c004178,2026-04-26,2026-05-17
c004179,2026-04-26,2026-04-26
c004179,2026-04-26,2026-05-04
c004179,2026-04-26,2026-05-17
c004180,2026-04-26,2026-04-26
c004180,2026-04-26,2026-05-08
c004181,2026-04-26,2026-04-26
c004181,2026-04-26,2026-05-17
c004182,2026-04-26,2026-04-26
c004182,2026-04-26,2026-05-21
c004182,2026-04-26,2026-05-30
c004183,2026-04-26,2026-04-26
c004183,2026-04-26,2026-05-12
c004184,2026-04-26,2026-04-26
c004184,2026-04-26,2026-05-05
c004184,2026-04-26,2026-05-12
c004184,2026-04-26,2026-05-21
c004185,2026-04-26,2026-04-26
c004185,2026-04-26,2026-05-09
c004185,2026-04-26,2026-05-13
c004185,2026-04-26,2026-05-22
c004186,2026-04-26,2026-04-26
c004186,2026-04-26,2026-05-07
c004186,2026-04-26,2026-05-24
c004187,2026-04-26,2026-04-26
c004188,2026-04-26,2026-04-26
c004188,2026-04-26,2026-05-13
c004189,2026-04-26,2026-04-26
c004189,2026-04-26,2026-05-05
c004189,2026-04-26,2026-05-31
c004190,2026-04-26,2026-04-26
c004190,2026-04-26,2026-05-05
c004190,2026-04-26,2026-05-18
c004191,2026-04-26,2026-04-26
c004191,2026-04-26,2026-05-05
c004191,2026-04-26,2026-05-16
c004192,2026-04-26,2026-04-26
c004192,2026-04-26,2026-05-05
c004192,2026-04-26,2026-05-16
c004192,2026-04-26,2026-05-22
c004193,2026-04-26,2026-04-26
c004193,2026-04-26,2026-05-09
c004193,2026-04-26,2026-05-21
c004194,2026-04-26,2026-04-26
c004194,2026-04-26,2026-05-27
c004195,2026-04-26,2026-04-26
c004195,2026-04-26,2026-05-06
c004196,2026-04-26,2026-04-26
c004197,2026-04-26,2026-04-26
c004197,2026-04-26,2026-05-07
c004197,2026-04-26,2026-05-13
c004198,2026-04-26,2026-04-26
c004198,2026-04-26,2026-05-06
c004198,2026-04-26,2026-05-27
c004199,2026-04-26,2026-04-26
c004199,2026-04-26,2026-05-07
c004199,2026-04-26,2026-05-28
c004199,2026-04-26,2026-05-31
c004200,2026-04-26,2026-04-26
c004200,2026-04-26,2026-05-05
c004200,2026-04-26,2026-05-16
c004201,2026-04-26,2026-04-26
c004201,2026-04-26,2026-05-05
c004201,2026-04-26,2026-05-15
c004202,2026-04-26,2026-04-26
c004202,2026-04-26,2026-05-07
c004202,2026-04-26,2026-05-14
c004202,2026-04-26,2026-05-18
c004202,2026-04-26,2026-05-26
c004203,2026-04-26,2026-04-26
c004203,2026-04-26,2026-05-03
c004203,2026-04-26,2026-05-30
c004203,2026-04-26,2026-05-31
c004204,2026-04-26,2026-04-26
c004204,2026-04-26,2026-05-07
c004204,2026-04-26,2026-05-17
c004204,2026-04-26,2026-05-27
c004205,2026-04-26,2026-04-26
c004205,2026-04-26,2026-05-06
c004205,2026-04-26,2026-05-15
c004206,2026-04-26,2026-04-26
c004206,2026-04-26,2026-05-03
c004206,2026-04-26,2026-05-20
c004206,2026-04-26,2026-05-25
c004207,2026-04-26,2026-04-26
c004207,2026-04-26,2026-05-05
c004207,2026-04-26,2026-05-27
c004208,2026-04-26,2026-04-26
c004208,2026-04-26,2026-05-04
c004208,2026-04-26,2026-05-15
c004209,2026-04-26,2026-04-26
c004209,2026-04-26,2026-05-19
c004210,2026-04-26,2026-04-26
c004210,2026-04-26,2026-05-14
c004211,2026-04-26,2026-04-26
c004211,2026-04-26,2026-05-11
c004211,2026-04-26,2026-05-20
c004212,2026-04-26,2026-04-26
c004213,2026-04-26,2026-04-26
c004213,2026-04-26,2026-05-10
c004214,2026-04-26,2026-04-26
c004214,2026-04-26,2026-05-16
c004214,2026-04-26,2026-05-27
c004215,2026-04-26,2026-04-26
c004215,2026-04-26,2026-05-26
c004216,2026-04-26,2026-04-26
c004216,2026-04-26,2026-05-09
c004217,2026-04-26,2026-04-26
c004218,2026-04-26,2026-04-26
c004219,2026-04-26,2026-04-26
c004219,2026-04-26,2026-05-08
c004219,2026-04-26,2026-05-27
c004220,2026-04-26,2026-04-26
c004220,2026-04-26,2026-05-14
c004221,2026-04-26,2026-04-26
c004221,2026-04-26,2026-05-28
c004222,2026-04-26,2026-04-26
c004222,2026-04-26,2026-05-04
c004223,2026-04-26,2026-04-26
c004223,2026-04-26,2026-05-12
c004224,2026-04-26,2026-04-26
c004224,2026-04-26,2026-05-05
c004224,2026-04-26,2026-05-10
c004225,2026-04-26,2026-04-26
c004225,2026-04-26,2026-05-09
c004225,2026-04-26,2026-05-30
c004226,2026-04-26,2026-04-26
c004226,2026-04-26,2026-05-07
c004226,2026-04-26,2026-05-18
c004227,2026-04-26,2026-04-26
c004227,2026-04-26,2026-05-06
c004227,2026-04-26,2026-05-15
c004228,2026-04-26,2026-04-26
c004228,2026-04-26,2026-05-06
c004228,2026-04-26,2026-05-12
c004229,2026-04-26,2026-04-26
c004229,2026-04-26,2026-05-04
c004229,2026-04-26,2026-05-21
c004229,2026-04-26,2026-05-26
c004230,2026-04-26,2026-04-26
c004230,2026-04-26,2026-05-24
c004231,2026-04-26,2026-04-26
c004231,2026-04-26,2026-05-11
c004232,2026-04-26,2026-04-26
c004232,2026-04-26,2026-05-04
c004232,2026-04-26,2026-05-16
c004233,2026-04-26,2026-04-26
c004234,2026-04-26,2026-04-26
c004234,2026-04-26,2026-05-09
c004234,2026-04-26,2026-05-13
c004234,2026-04-26,2026-05-21
c004234,2026-04-26,2026-05-30
c004235,2026-04-26,2026-04-26
c004235,2026-04-26,2026-05-03
c004235,2026-04-26,2026-05-13
c004236,2026-04-26,2026-04-26
c004236,2026-04-26,2026-05-05
c004237,2026-04-26,2026-04-26
c004237,2026-04-26,2026-05-03
c004238,2026-04-26,2026-04-26
c004238,2026-04-26,2026-05-11
c004239,2026-04-26,2026-04-26
c004239,2026-04-26,2026-05-21
c004240,2026-04-26,2026-04-26
c004240,2026-04-26,2026-05-06
c004240,2026-04-26,2026-05-30
c004241,2026-04-26,2026-04-26
c004241,2026-04-26,2026-05-05
c004241,2026-04-26,2026-05-12
c004241,2026-04-26,2026-05-26
c004242,2026-04-26,2026-04-26
c004242,2026-04-26,2026-05-20
c004243,2026-04-26,2026-04-26
c004243,2026-04-26,2026-05-05
c004244,2026-04-26,2026-04-26
c004244,2026-04-26,2026-05-20
c004245,2026-04-26,2026-04-26
c004245,2026-04-26,2026-05-05
c004246,2026-04-26,2026-04-26
c004246,2026-04-26,2026-05-03
c004247,2026-04-26,2026-04-26
c004247,2026-04-26,2026-05-16
c004248,2026-04-26,2026-04-26
c004248,2026-04-26,2026-05-04
c004249,2026-04-26,2026-04-26
c004249,2026-04-26,2026-05-08
c004249,2026-04-26,2026-05-11
c004249,2026-04-26,2026-05-19
c004249,2026-04-26,2026-05-25
c004250,2026-04-26,2026-04-26
c004250,2026-04-26,2026-05-26
c004251,2026-04-26,2026-04-26
c004251,2026-04-26,2026-05-16
c004251,2026-04-26,2026-05-27
c004252,2026-04-26,2026-04-26
c004252,2026-04-26,2026-05-19
c004253,2026-04-26,2026-04-26
c004253,2026-04-26,2026-05-04
c004253,2026-04-26,2026-05-11
c004253,2026-04-26,2026-05-28
c004254,2026-04-26,2026-04-26
c004254,2026-04-26,2026-05-03
c004255,2026-04-26,2026-04-26
c004255,2026-04-26,2026-05-08
c004255,2026-04-26,2026-05-14
c004256,2026-04-26,2026-04-26
c004257,2026-05-03,2026-05-03
c004257,2026-05-03,2026-05-19
c004257,2026-05-03,2026-05-28
c004258,2026-05-03,2026-05-03
c004258,2026-05-03,2026-05-13
c004258,2026-05-03,2026-05-26
c004259,2026-05-03,2026-05-03
c004259,2026-05-03,2026-05-17
c004260,2026-05-03,2026-05-03
c004260,2026-05-03,2026-05-14
c004260,2026-05-03,2026-05-26
c004261,2026-05-03,2026-05-03
c004261,2026-05-03,2026-05-10
c004261,2026-05-03,2026-05-23
c004261,2026-05-03,2026-05-28
c004262,2026-05-03,2026-05-03
c004262,2026-05-03,2026-05-15
c004263,2026-05-03,2026-05-03
c004263,2026-05-03,2026-05-15
c004263,2026-05-03,2026-05-22
c004264,2026-05-03,2026-05-03
c004264,2026-05-03,2026-05-16
c004265,2026-05-03,2026-05-03
c004265,2026-05-03,2026-05-25
c004266,2026-05-03,2026-05-03
c004266,2026-05-03,2026-05-27
c004267,2026-05-03,2026-05-03
c004267,2026-05-03,2026-05-19
c004267,2026-05-03,2026-05-30
c004267,2026-05-03,2026-05-31
c004268,2026-05-03,2026-05-03
c004268,2026-05-03,2026-05-14
c004268,2026-05-03,2026-05-24
c004269,2026-05-03,2026-05-03
c004269,2026-05-03,2026-05-16
c004269,2026-05-03,2026-05-22
c004269,2026-05-03,2026-05-29
c004270,2026-05-03,2026-05-03
c004270,2026-05-03,2026-05-12
c004270,2026-05-03,2026-05-21
c004270,2026-05-03,2026-05-25
c004271,2026-05-03,2026-05-03
c004271,2026-05-03,2026-05-11
c004271,2026-05-03,2026-05-19
c004271,2026-05-03,2026-05-29
c004272,2026-05-03,2026-05-03
c004273,2026-05-03,2026-05-03
c004273,2026-05-03,2026-05-15
c004273,2026-05-03,2026-05-27
c004274,2026-05-03,2026-05-03
c004274,2026-05-03,2026-05-17
c004275,2026-05-03,2026-05-03
c004275,2026-05-03,2026-05-11
c004276,2026-05-03,2026-05-03
c004276,2026-05-03,2026-05-15
c004276,2026-05-03,2026-05-22
c004277,2026-05-03,2026-05-03
c004277,2026-05-03,2026-05-12
c004277,2026-05-03,2026-05-21
c004278,2026-05-03,2026-05-03
c004278,2026-05-03,2026-05-10
c004278,2026-05-03,2026-05-29
c004279,2026-05-03,2026-05-03
c004279,2026-05-03,2026-05-26
c004280,2026-05-03,2026-05-03
c004280,2026-05-03,2026-05-11
c004281,2026-05-03,2026-05-03
c004281,2026-05-03,2026-05-15
c004281,2026-05-03,2026-05-21
c004282,2026-05-03,2026-05-03
c004282,2026-05-03,2026-05-22
c004283,2026-05-03,2026-05-03
c004283,2026-05-03,2026-05-11
c004283,2026-05-03,2026-05-29
c004284,2026-05-03,2026-05-03
c004284,2026-05-03,2026-05-12
c004285,2026-05-03,2026-05-03
c004285,2026-05-03,2026-05-11
c004285,2026-05-03,2026-05-25
c004286,2026-05-03,2026-05-03
c004286,2026-05-03,2026-05-13
c004286,2026-05-03,2026-05-30
c004287,2026-05-03,2026-05-03
c004287,2026-05-03,2026-05-24
c004287,2026-05-03,2026-05-31
c004288,2026-05-03,2026-05-03
c004289,2026-05-03,2026-05-03
c004289,2026-05-03,2026-05-14
c004290,2026-05-03,2026-05-03
c004290,2026-05-03,2026-05-21
c004291,2026-05-03,2026-05-03
c004291,2026-05-03,2026-05-21
c004291,2026-05-03,2026-05-28
c004292,2026-05-03,2026-05-03
c004292,2026-05-03,2026-05-23
c004292,2026-05-03,2026-05-26
c004293,2026-05-03,2026-05-03
c004293,2026-05-03,2026-05-11
c004294,2026-05-03,2026-05-03
c004294,2026-05-03,2026-05-10
c004295,2026-05-03,2026-05-03
c004295,2026-05-03,2026-05-12
c004295,2026-05-03,2026-05-18
c004295,2026-05-03,2026-05-27
c004296,2026-05-03,2026-05-03
c004296,2026-05-03,2026-05-24
c004297,2026-05-03,2026-05-03
c004297,2026-05-03,2026-05-11
c004298,2026-05-03,2026-05-03
c004298,2026-05-03,2026-05-23
c004299,2026-05-03,2026-05-03
c004299,2026-05-03,2026-05-14
c004299,2026-05-03,2026-05-18
c004300,2026-05-03,2026-05-03
c004300,2026-05-03,2026-05-10
c004300,2026-05-03,2026-05-19
c004301,2026-05-03,2026-05-03
c004302,2026-05-03,2026-05-03
c004302,2026-05-03,2026-05-15
c004303,2026-05-03,2026-05-03
c004303,2026-05-03,2026-05-15
c004304,2026-05-03,2026-05-03
c004304,2026-05-03,2026-05-16
c004304,2026-05-03,2026-05-21
c004304,2026-05-03,2026-05-29
c004305,2026-05-03,2026-05-03
c004306,2026-05-03,2026-05-03
c004306,2026-05-03,2026-05-23
c004307,2026-05-03,2026-05-03
c004307,2026-05-03,2026-05-19
c004307,2026-05-03,2026-05-29
c004308,2026-05-03,2026-05-03
c004308,2026-05-03,2026-05-25
c004309,2026-05-03,2026-05-03
c004310,2026-05-03,2026-05-03
c004311,2026-05-03,2026-05-03
c004311,2026-05-03,2026-05-12
c004311,2026-05-03,2026-05-21
c004311,2026-05-03,2026-05-30
c004312,2026-05-03,2026-05-03
c004312,2026-05-03,2026-05-10
c004312,2026-05-03,2026-05-27
c004313,2026-05-03,2026-05-03
c004313,2026-05-03,2026-05-18
c004314,2026-05-03,2026-05-03
c004315,2026-05-03,2026-05-03
c004315,2026-05-03,2026-05-21
c004316,2026-05-03,2026-05-03
c004317,2026-05-03,2026-05-03
c004318,2026-05-03,2026-05-03
c004319,2026-05-03,2026-05-03
c004319,2026-05-03,2026-05-14
c004320,2026-05-03,2026-05-03
c004320,2026-05-03,2026-05-14
c004320,2026-05-03,2026-05-23
c004321,2026-05-03,2026-05-03
c004321,2026-05-03,2026-05-21
c004322,2026-05-03,2026-05-03
c004322,2026-05-03,2026-05-28
c004323,2026-05-03,2026-05-03
c004323,2026-05-03,2026-05-11
c004323,2026-05-03,2026-05-30
c004324,2026-05-03,2026-05-03
c004324,2026-05-03,2026-05-10
c004324,2026-05-03,2026-05-25
c004325,2026-05-03,2026-05-03
c004325,2026-05-03,2026-05-17
c004326,2026-05-03,2026-05-03
c004326,2026-05-03,2026-05-13
c004326,2026-05-03,2026-05-18
c004327,2026-05-03,2026-05-03
c004327,2026-05-03,2026-05-14
c004328,2026-05-03,2026-05-03
c004328,2026-05-03,2026-05-14
c004328,2026-05-03,2026-05-21
c004329,2026-05-03,2026-05-03
c004329,2026-05-03,2026-05-19
c004330,2026-05-03,2026-05-03
c004330,2026-05-03,2026-05-28
c004331,2026-05-03,2026-05-03
c004331,2026-05-03,2026-05-20
c004331,2026-05-03,2026-05-31
c004332,2026-05-03,2026-05-03
c004333,2026-05-03,2026-05-03
c004333,2026-05-03,2026-05-13
c004334,2026-05-03,2026-05-03
c004334,2026-05-03,2026-05-16
c004334,2026-05-03,2026-05-23
c004335,2026-05-03,2026-05-03
c004335,2026-05-03,2026-05-14
c004335,2026-05-03,2026-05-18
c004336,2026-05-03,2026-05-03
c004336,2026-05-03,2026-05-15
c004336,2026-05-03,2026-05-23
c004337,2026-05-03,2026-05-03
c004337,2026-05-03,2026-05-16
c004338,2026-05-03,2026-05-03
c004338,2026-05-03,2026-05-10
c004338,2026-05-03,2026-05-28
c004339,2026-05-03,2026-05-03
c004339,2026-05-03,2026-05-16
c004339,2026-05-03,2026-05-19
c004340,2026-05-03,2026-05-03
c004340,2026-05-03,2026-05-22
c004341,2026-05-03,2026-05-03
c004341,2026-05-03,2026-05-16
c004341,2026-05-03,2026-05-22
c004341,2026-05-03,2026-05-24
c004342,2026-05-03,2026-05-03
c004342,2026-05-03,2026-05-15
c004342,2026-05-03,2026-05-22
c004343,2026-05-03,2026-05-03
c004343,2026-05-03,2026-05-21
c004344,2026-05-03,2026-05-03
c004345,2026-05-03,2026-05-03
c004346,2026-05-03,2026-05-03
c004347,2026-05-03,2026-05-03
c004347,2026-05-03,2026-05-13
c004347,2026-05-03,2026-05-23
c004348,2026-05-03,2026-05-03
c004349,2026-05-03,2026-05-03
c004349,2026-05-03,2026-05-16
c004349,2026-05-03,2026-05-17
c004349,2026-05-03,2026-05-27
c004350,2026-05-03,2026-05-03
c004350,2026-05-03,2026-05-14
c004351,2026-05-03,2026-05-03
c004351,2026-05-03,2026-05-14
c004352,2026-05-03,2026-05-03
c004352,2026-05-03,2026-05-21
c004353,2026-05-03,2026-05-03
c004353,2026-05-03,2026-05-10
c004353,2026-05-03,2026-05-20
c004353,2026-05-03,2026-05-26
c004354,2026-05-03,2026-05-03
c004354,2026-05-03,2026-05-21
c004354,2026-05-03,2026-05-27
c004355,2026-05-03,2026-05-03
c004355,2026-05-03,2026-05-12
c004355,2026-05-03,2026-05-26
c004356,2026-05-03,2026-05-03
c004356,2026-05-03,2026-05-12
c004356,2026-05-03,2026-05-31
c004357,2026-05-03,2026-05-03
c004357,2026-05-03,2026-05-19
c004358,2026-05-03,2026-05-03
c004358,2026-05-03,2026-05-11
c004359,2026-05-03,2026-05-03
c004359,2026-05-03,2026-05-13
c004359,2026-05-03,2026-05-18
c004360,2026-05-03,2026-05-03
c004360,2026-05-03,2026-05-17
c004361,2026-05-03,2026-05-03
c004361,2026-05-03,2026-05-24
c004362,2026-05-03,2026-05-03
c004362,2026-05-03,2026-05-24
c004363,2026-05-03,2026-05-03
c004363,2026-05-03,2026-05-17
c004363,2026-05-03,2026-05-25
c004364,2026-05-03,2026-05-03
c004364,2026-05-03,2026-05-10
c004364,2026-05-03,2026-05-26
c004365,2026-05-03,2026-05-03
c004365,2026-05-03,2026-05-29
c004366,2026-05-03,2026-05-03
c004366,2026-05-03,2026-05-12
c004366,2026-05-03,2026-05-23
c004366,2026-05-03,2026-05-25
c004367,2026-05-03,2026-05-03
c004367,2026-05-03,2026-05-27
c004367,2026-05-03,2026-05-31
c004368,2026-05-03,2026-05-03
c004368,2026-05-03,2026-05-13
c004369,2026-05-03,2026-05-03
c004369,2026-05-03,2026-05-13
c004369,2026-05-03,2026-05-22
c004370,2026-05-03,2026-05-03
c004370,2026-05-03,2026-05-30
c004371,2026-05-03,2026-05-03
c004372,2026-05-03,2026-05-03
c004372,2026-05-03,2026-05-16
c004372,2026-05-03,2026-05-29
c004373,2026-05-03,2026-05-03
c004373,2026-05-03,2026-05-19
c004373,2026-05-03,2026-05-31
c004374,2026-05-03,2026-05-03
c004374,2026-05-03,2026-05-30
c004375,2026-05-03,2026-05-03
c004376,2026-05-03,2026-05-03
c004376,2026-05-03,2026-05-12
c004377,2026-05-03,2026-05-03
c004377,2026-05-03,2026-05-15
c004377,2026-05-03,2026-05-20
c004378,2026-05-03,2026-05-03
c004378,2026-05-03,2026-05-23
c004379,2026-05-03,2026-05-03
c004379,2026-05-03,2026-05-15
c004379,2026-05-03,2026-05-21
c004379,2026-05-03,2026-05-28
c004380,2026-05-03,2026-05-03
c004380,2026-05-03,2026-05-10
c004380,2026-05-03,2026-05-23
c004380,2026-05-03,2026-05-28
c004381,2026-05-03,2026-05-03
c004381,2026-05-03,2026-05-15
c004382,2026-05-03,2026-05-03
c004382,2026-05-03,2026-05-10
c004382,2026-05-03,2026-05-19
c004382,2026-05-03,2026-05-29
c004383,2026-05-03,2026-05-03
c004383,2026-05-03,2026-05-28
c004384,2026-05-03,2026-05-03
c004384,2026-05-03,2026-05-15
c004384,2026-05-03,2026-05-22
c004384,2026-05-03,2026-05-29
c004385,2026-05-03,2026-05-03
c004385,2026-05-03,2026-05-14
c004385,2026-05-03,2026-05-27
c004386,2026-05-03,2026-05-03
c004386,2026-05-03,2026-05-12
c004386,2026-05-03,2026-05-27
c004387,2026-05-03,2026-05-03
c004388,2026-05-03,2026-05-03
c004388,2026-05-03,2026-05-22
c004389,2026-05-03,2026-05-03
c004390,2026-05-03,2026-05-03
c004391,2026-05-03,2026-05-03
c004392,2026-05-03,2026-05-03
c004392,2026-05-03,2026-05-13
c004392,2026-05-03,2026-05-22
c004393,2026-05-03,2026-05-03
c004394,2026-05-03,2026-05-03
c004394,2026-05-03,2026-05-13
c004395,2026-05-03,2026-05-03
c004395,2026-05-03,2026-05-11
c004395,2026-05-03,2026-05-17
c004395,2026-05-03,2026-05-30
c004396,2026-05-03,2026-05-03
c004396,2026-05-03,2026-05-19
c004397,2026-05-03,2026-05-03
c004397,2026-05-03,2026-05-18
c004397,2026-05-03,2026-05-31
c004398,2026-05-03,2026-05-03
c004398,2026-05-03,2026-05-15
c004398,2026-05-03,2026-05-19
c004399,2026-05-03,2026-05-03
c004399,2026-05-03,2026-05-15
c004399,2026-05-03,2026-05-27
c004400,2026-05-03,2026-05-03
c004400,2026-05-03,2026-05-15
c004400,2026-05-03,2026-05-22
c004401,2026-05-03,2026-05-03
c004401,2026-05-03,2026-05-16
c004401,2026-05-03,2026-05-28
c004402,2026-05-03,2026-05-03
c004402,2026-05-03,2026-05-12
c004402,2026-05-03,2026-05-18
c004403,2026-05-03,2026-05-03
c004403,2026-05-03,2026-05-10
c004404,2026-05-03,2026-05-03
c004404,2026-05-03,2026-05-18
c004405,2026-05-03,2026-05-03
c004405,2026-05-03,2026-05-25
c004406,2026-05-03,2026-05-03
c004406,2026-05-03,2026-05-12
c004407,2026-05-03,2026-05-03
c004407,2026-05-03,2026-05-12
c004407,2026-05-03,2026-05-19
c004407,2026-05-03,2026-05-25
c004408,2026-05-03,2026-05-03
c004408,2026-05-03,2026-05-17
c004409,2026-05-03,2026-05-03
c004409,2026-05-03,2026-05-15
c004409,2026-05-03,2026-05-30
c004410,2026-05-03,2026-05-03
c004411,2026-05-03,2026-05-03
c004411,2026-05-03,2026-05-18
c004412,2026-05-03,2026-05-03
c004412,2026-05-03,2026-05-17
c004413,2026-05-03,2026-05-03
c004413,2026-05-03,2026-05-13
c004413,2026-05-03,2026-05-18
c004414,2026-05-03,2026-05-03
c004414,2026-05-03,2026-05-13
c004414,2026-05-03,2026-05-29
c004415,2026-05-03,2026-05-03
c004415,2026-05-03,2026-05-18
c004416,2026-05-03,2026-05-03
c004416,2026-05-03,2026-05-14
c004416,2026-05-03,2026-05-22
c004416,2026-05-03,2026-05-27
c004417,2026-05-03,2026-05-03
c004417,2026-05-03,2026-05-21
c004418,2026-05-03,2026-05-03
c004418,2026-05-03,2026-05-16
c004418,2026-05-03,2026-05-19
c004419,2026-05-03,2026-05-03
c004419,2026-05-03,2026-05-15
c004419,2026-05-03,2026-05-24
c004420,2026-05-03,2026-05-03
c004421,2026-05-03,2026-05-03
c004421,2026-05-03,2026-05-11
c004421,2026-05-03,2026-05-22
c004421,2026-05-03,2026-05-24
c004422,2026-05-03,2026-05-03
c004422,2026-05-03,2026-05-11
c004422,2026-05-03,2026-05-28
c004423,2026-05-03,2026-05-03
c004424,2026-05-03,2026-05-03
c004424,2026-05-03,2026-05-16
c004424,2026-05-03,2026-05-18
c004425,2026-05-03,2026-05-03
c004425,2026-05-03,2026-05-23
c004426,2026-05-03,2026-05-03
c004427,2026-05-03,2026-05-03
c004428,2026-05-03,2026-05-03
c004428,2026-05-03,2026-05-13
c004429,2026-05-03,2026-05-03
c004429,2026-05-03,2026-05-10
c004430,2026-05-03,2026-05-03
c004430,2026-05-03,2026-05-24
c004431,2026-05-03,2026-05-03
c004431,2026-05-03,2026-05-14
c004431,2026-05-03,2026-05-28
c004432,2026-05-03,2026-05-03
c004433,2026-05-03,2026-05-03
c004433,2026-05-03,2026-05-22
c004434,2026-05-03,2026-05-03
c004434,2026-05-03,2026-05-15
c004434,2026-05-03,2026-05-24
c004435,2026-05-03,2026-05-03
c004435,2026-05-03,2026-05-14
c004435,2026-05-03,2026-05-22
c004436,2026-05-03,2026-05-03
c004436,2026-05-03,2026-05-20
c004437,2026-05-03,2026-05-03
c004437,2026-05-03,2026-05-10
c004437,2026-05-03,2026-05-17
c004437,2026-05-03,2026-05-25
c004438,2026-05-03,2026-05-03
c004438,2026-05-03,2026-05-13
c004438,2026-05-03,2026-05-19
c004438,2026-05-03,2026-05-31
c004439,2026-05-03,2026-05-03
c004440,2026-05-03,2026-05-03
c004440,2026-05-03,2026-05-30
c004441,2026-05-03,2026-05-03
c004441,2026-05-03,2026-05-10
c004442,2026-05-03,2026-05-03
c004442,2026-05-03,2026-05-11
c004442,2026-05-03,2026-05-22
c004442,2026-05-03,2026-05-30
c004443,2026-05-03,2026-05-03
c004444,2026-05-03,2026-05-03
c004444,2026-05-03,2026-05-12
c004445,2026-05-03,2026-05-03
c004446,2026-05-03,2026-05-03
c004447,2026-05-03,2026-05-03
c004447,2026-05-03,2026-05-16
c004447,2026-05-03,2026-05-19
c004448,2026-05-03,2026-05-03
c004449,2026-05-03,2026-05-03
c004449,2026-05-03,2026-05-21
c004450,2026-05-03,2026-05-03
c004450,2026-05-03,2026-05-29
c004451,2026-05-03,2026-05-03
c004451,2026-05-03,2026-05-24
c004452,2026-05-03,2026-05-03
c004452,2026-05-03,2026-05-14
c004453,2026-05-03,2026-05-03
c004453,2026-05-03,2026-05-22
c004453,2026-05-03,2026-05-24
c004453,2026-05-03,2026-05-31
c004454,2026-05-03,2026-05-03
c004454,2026-05-03,2026-05-12
c004455,2026-05-03,2026-05-03
c004455,2026-05-03,2026-05-19
c004455,2026-05-03,2026-05-28
c004456,2026-05-03,2026-05-03
c004456,2026-05-03,2026-05-12
c004456,2026-05-03,2026-05-17
c004456,2026-05-03,2026-05-24
c004457,2026-05-03,2026-05-03
c004457,2026-05-03,2026-05-11
c004457,2026-05-03,2026-05-26
c004458,2026-05-03,2026-05-03
c004458,2026-05-03,2026-05-16
c004458,2026-05-03,2026-05-25
c004459,2026-05-10,2026-05-10
c004459,2026-05-10,2026-05-19
c004459,2026-05-10,2026-05-24
c004460,2026-05-10,2026-05-10
c004460,2026-05-10,2026-05-28
c004461,2026-05-10,2026-05-10
c004461,2026-05-10,2026-05-25
c004462,2026-05-10,2026-05-10
c004463,2026-05-10,2026-05-10
c004463,2026-05-10,2026-05-22
c004464,2026-05-10,2026-05-10
c004464,2026-05-10,2026-05-21
c004464,2026-05-10,2026-05-28
c004465,2026-05-10,2026-05-10
c004465,2026-05-10,2026-05-22
c004466,2026-05-10,2026-05-10
c004466,2026-05-10,2026-05-21
c004466,2026-05-10,2026-05-27
c004467,2026-05-10,2026-05-10
c004467,2026-05-10,2026-05-21
c004467,2026-05-10,2026-05-29
c004468,2026-05-10,2026-05-10
c004468,2026-05-10,2026-05-22
c004469,2026-05-10,2026-05-10
c004469,2026-05-10,2026-05-17
c004470,2026-05-10,2026-05-10
c004470,2026-05-10,2026-05-23
c004471,2026-05-10,2026-05-10
c004472,2026-05-10,2026-05-10
c004473,2026-05-10,2026-05-10
c004473,2026-05-10,2026-05-22
c004474,2026-05-10,2026-05-10
c004475,2026-05-10,2026-05-10
c004475,2026-05-10,2026-05-29
c004476,2026-05-10,2026-05-10
c004476,2026-05-10,2026-05-22
c004477,2026-05-10,2026-05-10
c004477,2026-05-10,2026-05-18
c004478,2026-05-10,2026-05-10
c004478,2026-05-10,2026-05-17
c004479,2026-05-10,2026-05-10
c004479,2026-05-10,2026-05-30
c004480,2026-05-10,2026-05-10
c004480,2026-05-10,2026-05-17
c004480,2026-05-10,2026-05-26
c004481,2026-05-10,2026-05-10
c004481,2026-05-10,2026-05-28
c004482,2026-05-10,2026-05-10
c004482,2026-05-10,2026-05-20
c004482,2026-05-10,2026-05-26
c004483,2026-05-10,2026-05-10
c004484,2026-05-10,2026-05-10
c004485,2026-05-10,2026-05-10
c004486,2026-05-10,2026-05-10
c004486,2026-05-10,2026-05-27
c004487,2026-05-10,2026-05-10
c004487,2026-05-10,2026-05-22
c004488,2026-05-10,2026-05-10
c004488,2026-05-10,2026-05-23
c004489,2026-05-10,2026-05-10
c004489,2026-05-10,2026-05-20
c004490,2026-05-10,2026-05-10
c004490,2026-05-10,2026-05-30
c004491,2026-05-10,2026-05-10
c004492,2026-05-10,2026-05-10
c004492,2026-05-10,2026-05-20
c004493,2026-05-10,2026-05-10
c004494,2026-05-10,2026-05-10
c004494,2026-05-10,2026-05-22
c004495,2026-05-10,2026-05-10
c004495,2026-05-10,2026-05-23
c004495,2026-05-10,2026-05-28
c004496,2026-05-10,2026-05-10
c004496,2026-05-10,2026-05-20
c004497,2026-05-10,2026-05-10
c004497,2026-05-10,2026-05-29
c004498,2026-05-10,2026-05-10
c004498,2026-05-10,2026-05-28
c004499,2026-05-10,2026-05-10
c004499,2026-05-10,2026-05-21
c004499,2026-05-10,2026-05-29
c004500,2026-05-10,2026-05-10
c004500,2026-05-10,2026-05-30
c004501,2026-05-10,2026-05-10
c004501,2026-05-10,2026-05-28
c004502,2026-05-10,2026-05-10
c004502,2026-05-10,2026-05-24
c004503,2026-05-10,2026-05-10
c004503,2026-05-10,2026-05-25
c004504,2026-05-10,2026-05-10
c004505,2026-05-10,2026-05-10
c004505,2026-05-10,2026-05-19
c004506,2026-05-10,2026-05-10
c004506,2026-05-10,2026-05-21
c004507,2026-05-10,2026-05-10
c004508,2026-05-10,2026-05-10
c004508,2026-05-10,2026-05-29
c004509,2026-05-10,2026-05-10
c004509,2026-05-10,2026-05-20
c004509,2026-05-10,2026-05-29
c004510,2026-05-10,2026-05-10
c004511,2026-05-10,2026-05-10
c004511,2026-05-10,2026-05-25
c004512,2026-05-10,2026-05-10
c004512,2026-05-10,2026-05-23
c004513,2026-05-10,2026-05-10
c004513,2026-05-10,2026-05-25
c004514,2026-05-10,2026-05-10
c004515,2026-05-10,2026-05-10
c004515,2026-05-10,2026-05-20
c004515,2026-05-10,2026-05-29
c004516,2026-05-10,2026-05-10
c004516,2026-05-10,2026-05-17
c004517,2026-05-10,2026-05-10
c004517,2026-05-10,2026-05-27
c004518,2026-05-10,2026-05-10
c004518,2026-05-10,2026-05-17
c004519,2026-05-10,2026-05-10
c004520,2026-05-10,2026-05-10
c004520,2026-05-10,2026-05-18
c004520,2026-05-10,2026-05-25
c004521,2026-05-10,2026-05-10
c004522,2026-05-10,2026-05-10
c004522,2026-05-10,2026-05-30
c004523,2026-05-10,2026-05-10
c004523,2026-05-10,2026-05-17
c004524,2026-05-10,2026-05-10
c004524,2026-05-10,2026-05-18
c004525,2026-05-10,2026-05-10
c004525,2026-05-10,2026-05-23
c004526,2026-05-10,2026-05-10
c004526,2026-05-10,2026-05-18
c004526,2026-05-10,2026-05-30
c004527,2026-05-10,2026-05-10
c004527,2026-05-10,2026-05-25
c004528,2026-05-10,2026-05-10
c004529,2026-05-10,2026-05-10
c004529,2026-05-10,2026-05-21
c004529,2026-05-10,2026-05-27
c004530,2026-05-10,2026-05-10
c004530,2026-05-10,2026-05-27
c004531,2026-05-10,2026-05-10
c004531,2026-05-10,2026-05-23
c004531,2026-05-10,2026-05-26
c004532,2026-05-10,2026-05-10
c004532,2026-05-10,2026-05-18
c004532,2026-05-10,2026-05-30
c004533,2026-05-10,2026-05-10
c004534,2026-05-10,2026-05-10
c004534,2026-05-10,2026-05-27
c004535,2026-05-10,2026-05-10
c004535,2026-05-10,2026-05-31
c004536,2026-05-10,2026-05-10
c004536,2026-05-10,2026-05-21
c004536,2026-05-10,2026-05-24
c004537,2026-05-10,2026-05-10
c004537,2026-05-10,2026-05-22
c004538,2026-05-10,2026-05-10
c004538,2026-05-10,2026-05-22
c004538,2026-05-10,2026-05-30
c004539,2026-05-10,2026-05-10
c004539,2026-05-10,2026-05-22
c004539,2026-05-10,2026-05-30
c004540,2026-05-10,2026-05-10
c004540,2026-05-10,2026-05-22
c004540,2026-05-10,2026-05-28
c004541,2026-05-10,2026-05-10
c004541,2026-05-10,2026-05-21
c004541,2026-05-10,2026-05-27
c004542,2026-05-10,2026-05-10
c004542,2026-05-10,2026-05-17
c004542,2026-05-10,2026-05-24
c004543,2026-05-10,2026-05-10
c004543,2026-05-10,2026-05-27
c004544,2026-05-10,2026-05-10
c004544,2026-05-10,2026-05-27
c004545,2026-05-10,2026-05-10
c004545,2026-05-10,2026-05-30
c004546,2026-05-10,2026-05-10
c004546,2026-05-10,2026-05-22
c004547,2026-05-10,2026-05-10
c004547,2026-05-10,2026-05-29
c004548,2026-05-10,2026-05-10
c004548,2026-05-10,2026-05-20
c004548,2026-05-10,2026-05-24
c004549,2026-05-10,2026-05-10
c004549,2026-05-10,2026-05-20
c004550,2026-05-10,2026-05-10
c004551,2026-05-10,2026-05-10
c004551,2026-05-10,2026-05-29
c004551,2026-05-10,2026-05-31
c004552,2026-05-10,2026-05-10
c004552,2026-05-10,2026-05-31
c004553,2026-05-10,2026-05-10
c004553,2026-05-10,2026-05-22
c004553,2026-05-10,2026-05-29
c004554,2026-05-10,2026-05-10
c004555,2026-05-10,2026-05-10
c004556,2026-05-10,2026-05-10
c004556,2026-05-10,2026-05-31
c004557,2026-05-10,2026-05-10
c004557,2026-05-10,2026-05-20
c004557,2026-05-10,2026-05-27
c004558,2026-05-10,2026-05-10
c004558,2026-05-10,2026-05-25
c004559,2026-05-10,2026-05-10
c004559,2026-05-10,2026-05-20
c004560,2026-05-10,2026-05-10
c004560,2026-05-10,2026-05-21
c004561,2026-05-10,2026-05-10
c004561,2026-05-10,2026-05-20
c004562,2026-05-10,2026-05-10
c004562,2026-05-10,2026-05-22
c004562,2026-05-10,2026-05-30
c004563,2026-05-10,2026-05-10
c004563,2026-05-10,2026-05-20
c004564,2026-05-10,2026-05-10
c004564,2026-05-10,2026-05-25
c004565,2026-05-10,2026-05-10
c004565,2026-05-10,2026-05-22
c004565,2026-05-10,2026-05-29
c004566,2026-05-10,2026-05-10
c004567,2026-05-10,2026-05-10
c004567,2026-05-10,2026-05-21
c004567,2026-05-10,2026-05-29
c004567,2026-05-10,2026-05-31
c004568,2026-05-10,2026-05-10
c004568,2026-05-10,2026-05-21
c004569,2026-05-10,2026-05-10
c004569,2026-05-10,2026-05-25
c004570,2026-05-10,2026-05-10
c004570,2026-05-10,2026-05-22
c004571,2026-05-10,2026-05-10
c004571,2026-05-10,2026-05-19
c004571,2026-05-10,2026-05-24
c004572,2026-05-10,2026-05-10
c004572,2026-05-10,2026-05-19
c004573,2026-05-10,2026-05-10
c004574,2026-05-10,2026-05-10
c004574,2026-05-10,2026-05-20
c004575,2026-05-10,2026-05-10
c004576,2026-05-10,2026-05-10
c004576,2026-05-10,2026-05-20
c004577,2026-05-10,2026-05-10
c004577,2026-05-10,2026-05-18
c004577,2026-05-10,2026-05-30
c004578,2026-05-10,2026-05-10
c004578,2026-05-10,2026-05-22
c004579,2026-05-10,2026-05-10
c004579,2026-05-10,2026-05-17
c004579,2026-05-10,2026-05-29
c004580,2026-05-10,2026-05-10
c004580,2026-05-10,2026-05-18
c004581,2026-05-10,2026-05-10
c004581,2026-05-10,2026-05-22
c004582,2026-05-10,2026-05-10
c004582,2026-05-10,2026-05-20
c004582,2026-05-10,2026-05-26
c004583,2026-05-10,2026-05-10
c004583,2026-05-10,2026-05-21
c004584,2026-05-10,2026-05-10
c004584,2026-05-10,2026-05-20
c004585,2026-05-10,2026-05-10
c004585,2026-05-10,2026-05-17
c004585,2026-05-10,2026-05-30
c004586,2026-05-10,2026-05-10
c004587,2026-05-10,2026-05-10
c004587,2026-05-10,2026-05-29
c004588,2026-05-10,2026-05-10
c004588,2026-05-10,2026-05-29
c004589,2026-05-10,2026-05-10
c004590,2026-05-10,2026-05-10
c004590,2026-05-10,2026-05-21
c004591,2026-05-10,2026-05-10
c004591,2026-05-10,2026-05-17
c004591,2026-05-10,2026-05-28
c004592,2026-05-10,2026-05-10
c004592,2026-05-10,2026-05-29
c004593,2026-05-10,2026-05-10
c004593,2026-05-10,2026-05-17
c004593,2026-05-10,2026-05-25
c004594,2026-05-10,2026-05-10
c004594,2026-05-10,2026-05-22
c004595,2026-05-10,2026-05-10
c004595,2026-05-10,2026-05-17
c004596,2026-05-10,2026-05-10
c004596,2026-05-10,2026-05-24
c004597,2026-05-10,2026-05-10
c004597,2026-05-10,2026-05-23
c004597,2026-05-10,2026-05-25
c004598,2026-05-10,2026-05-10
c004599,2026-05-10,2026-05-10
c004599,2026-05-10,2026-05-25
c004600,2026-05-10,2026-05-10
c004600,2026-05-10,2026-05-23
c004600,2026-05-10,2026-05-29
c004601,2026-05-10,2026-05-10
c004601,2026-05-10,2026-05-24
c004601,2026-05-10,2026-05-31
c004602,2026-05-10,2026-05-10
c004602,2026-05-10,2026-05-21
c004603,2026-05-10,2026-05-10
c004603,2026-05-10,2026-05-17
c004603,2026-05-10,2026-05-25
c004604,2026-05-10,2026-05-10
c004604,2026-05-10,2026-05-17
c004605,2026-05-10,2026-05-10
c004606,2026-05-10,2026-05-10
c004606,2026-05-10,2026-05-22
c004606,2026-05-10,2026-05-25
c004607,2026-05-10,2026-05-10
c004607,2026-05-10,2026-05-19
c004607,2026-05-10,2026-05-31
c004608,2026-05-10,2026-05-10
c004608,2026-05-10,2026-05-23
c004608,2026-05-10,2026-05-27
c004609,2026-05-10,2026-05-10
c004610,2026-05-10,2026-05-10
c004610,2026-05-10,2026-05-22
c004611,2026-05-10,2026-05-10
c004611,2026-05-10,2026-05-28
c004612,2026-05-10,2026-05-10
c004612,2026-05-10,2026-05-20
c004613,2026-05-10,2026-05-10
c004613,2026-05-10,2026-05-24
c004614,2026-05-10,2026-05-10
c004614,2026-05-10,2026-05-19
c004614,2026-05-10,2026-05-28
c004615,2026-05-10,2026-05-10
c004615,2026-05-10,2026-05-17
c004615,2026-05-10,2026-05-30
c004616,2026-05-10,2026-05-10
c004616,2026-05-10,2026-05-30
c004617,2026-05-10,2026-05-10
c004618,2026-05-10,2026-05-10
c004618,2026-05-10,2026-05-22
c004618,2026-05-10,2026-05-29
c004619,2026-05-10,2026-05-10
c004620,2026-05-10,2026-05-10
c004620,2026-05-10,2026-05-22
c004620,2026-05-10,2026-05-30
c004620,2026-05-10,2026-05-31
c004621,2026-05-10,2026-05-10
c004621,2026-05-10,2026-05-30
c004622,2026-05-10,2026-05-10
c004623,2026-05-10,2026-05-10
c004623,2026-05-10,2026-05-30
c004624,2026-05-10,2026-05-10
c004625,2026-05-10,2026-05-10
c004625,2026-05-10,2026-05-26
c004626,2026-05-10,2026-05-10
c004626,2026-05-10,2026-05-22
c004627,2026-05-10,2026-05-10
c004627,2026-05-10,2026-05-20
c004627,2026-05-10,2026-05-27
c004628,2026-05-10,2026-05-10
c004628,2026-05-10,2026-05-19
c004628,2026-05-10,2026-05-25
c004629,2026-05-10,2026-05-10
c004629,2026-05-10,2026-05-20
c004629,2026-05-10,2026-05-26
c004630,2026-05-10,2026-05-10
c004630,2026-05-10,2026-05-21
c004631,2026-05-10,2026-05-10
c004631,2026-05-10,2026-05-22
c004632,2026-05-10,2026-05-10
c004632,2026-05-10,2026-05-23
c004632,2026-05-10,2026-05-27
c004632,2026-05-10,2026-05-31
c004633,2026-05-10,2026-05-10
c004633,2026-05-10,2026-05-22
c004633,2026-05-10,2026-05-25
c004634,2026-05-10,2026-05-10
c004634,2026-05-10,2026-05-21
c004634,2026-05-10,2026-05-29
c004635,2026-05-10,2026-05-10
c004635,2026-05-10,2026-05-29
c004636,2026-05-10,2026-05-10
c004636,2026-05-10,2026-05-18
c004637,2026-05-10,2026-05-10
c004637,2026-05-10,2026-05-17
c004637,2026-05-10,2026-05-26
c004638,2026-05-10,2026-05-10
c004638,2026-05-10,2026-05-18
c004638,2026-05-10,2026-05-28
c004639,2026-05-10,2026-05-10
c004639,2026-05-10,2026-05-24
c004640,2026-05-10,2026-05-10
c004640,2026-05-10,2026-05-24
c004641,2026-05-10,2026-05-10
c004642,2026-05-10,2026-05-10
c004643,2026-05-10,2026-05-10
c004643,2026-05-10,2026-05-24
c004644,2026-05-10,2026-05-10
c004644,2026-05-10,2026-05-21
c004645,2026-05-10,2026-05-10
c004645,2026-05-10,2026-05-29
c004646,2026-05-10,2026-05-10
c004646,2026-05-10,2026-05-29
c004647,2026-05-10,2026-05-10
c004647,2026-05-10,2026-05-22
c004648,2026-05-10,2026-05-10
c004648,2026-05-10,2026-05-21
c004649,2026-05-10,2026-05-10
c004649,2026-05-10,2026-05-20
c004650,2026-05-10,2026-05-10
c004650,2026-05-10,2026-05-18
c004650,2026-05-10,2026-05-27
c004651,2026-05-10,2026-05-10
c004651,2026-05-10,2026-05-23
c004651,2026-05-10,2026-05-27
c004652,2026-05-10,2026-05-10
c004652,2026-05-10,2026-05-26
c004653,2026-05-10,2026-05-10
c004653,2026-05-10,2026-05-19
c004654,2026-05-10,2026-05-10
c004654,2026-05-10,2026-05-20
c004655,2026-05-10,2026-05-10
c004655,2026-05-10,2026-05-20
c004656,2026-05-10,2026-05-10
c004656,2026-05-10,2026-05-17
c004657,2026-05-10,2026-05-10
c004657,2026-05-10,2026-05-24
c004658,2026-05-10,2026-05-10
c004658,2026-05-10,2026-05-22
c004659,2026-05-10,2026-05-10
c004659,2026-05-10,2026-05-19
c004660,2026-05-10,2026-05-10
c004661,2026-05-10,2026-05-10
c004661,2026-05-10,2026-05-26
c004662,2026-05-10,2026-05-10
c004662,2026-05-10,2026-05-24
c004663,2026-05-10,2026-05-10
c004663,2026-05-10,2026-05-22
c004663,2026-05-10,2026-05-27
c004664,2026-05-10,2026-05-10
c004664,2026-05-10,2026-05-18
c004665,2026-05-10,2026-05-10
c004665,2026-05-10,2026-05-19
c004666,2026-05-10,2026-05-10
c004667,2026-05-10,2026-05-10
c004667,2026-05-10,2026-05-23
c004667,2026-05-10,2026-05-24
c004668,2026-05-10,2026-05-10
c004668,2026-05-10,2026-05-19
c004669,2026-05-10,2026-05-10
c004670,2026-05-10,2026-05-10
c004671,2026-05-10,2026-05-10
c004671,2026-05-10,2026-05-19
c004671,2026-05-10,2026-05-28
c004672,2026-05-10,2026-05-10
c004672,2026-05-10,2026-05-23
c004673,2026-05-10,2026-05-10
c004673,2026-05-10,2026-05-24
c004674,2026-05-10,2026-05-10
c004675,2026-05-10,2026-05-10
c004675,2026-05-10,2026-05-26
c004676,2026-05-10,2026-05-10
c004676,2026-05-10,2026-05-17
c004677,2026-05-10,2026-05-10
c004677,2026-05-10,2026-05-18
c004678,2026-05-10,2026-05-10
c004679,2026-05-10,2026-05-10
c004679,2026-05-10,2026-05-17
c004679,2026-05-10,2026-05-24
c004680,2026-05-10,2026-05-10
c004681,2026-05-10,2026-05-10
c004681,2026-05-10,2026-05-22
c004682,2026-05-10,2026-05-10
c004682,2026-05-10,2026-05-18
c004682,2026-05-10,2026-05-28
c004682,2026-05-10,2026-05-31
c004683,2026-05-10,2026-05-10
c004683,2026-05-10,2026-05-21
c004683,2026-05-10,2026-05-29
c004684,2026-05-10,2026-05-10
c004684,2026-05-10,2026-05-21
c004684,2026-05-10,2026-05-28
c004685,2026-05-10,2026-05-10
c004685,2026-05-10,2026-05-31
c004686,2026-05-10,2026-05-10
c004686,2026-05-10,2026-05-20
c004687,2026-05-10,2026-05-10
c004687,2026-05-10,2026-05-19
c004687,2026-05-10,2026-05-26
c004688,2026-05-10,2026-05-10
c004688,2026-05-10,2026-05-19
c004688,2026-05-10,2026-05-24
c004689,2026-05-10,2026-05-10
c004689,2026-05-10,2026-05-29
c004690,2026-05-10,2026-05-10
c004690,2026-05-10,2026-05-24
c004691,2026-05-10,2026-05-10
c004692,2026-05-10,2026-05-10
c004692,2026-05-10,2026-05-18
c004692,2026-05-10,2026-05-24
c004693,2026-05-10,2026-05-10
c004693,2026-05-10,2026-05-19
c004694,2026-05-10,2026-05-10
c004694,2026-05-10,2026-05-20
c004695,2026-05-10,2026-05-10
c004695,2026-05-10,2026-05-28
c004696,2026-05-10,2026-05-10
c004696,2026-05-10,2026-05-21
c004696,2026-05-10,2026-05-31
c004697,2026-05-10,2026-05-10
c004697,2026-05-10,2026-05-17
c004697,2026-05-10,2026-05-30
c004698,2026-05-10,2026-05-10
c004698,2026-05-10,2026-05-17
c004699,2026-05-10,2026-05-10
c004699,2026-05-10,2026-05-30
c004700,2026-05-10,2026-05-10
c004700,2026-05-10,2026-05-18
c004701,2026-05-10,2026-05-10
c004701,2026-05-10,2026-05-31
c004702,2026-05-10,2026-05-10
c004702,2026-05-10,2026-05-28
c004702,2026-05-10,2026-05-31
c004703,2026-05-10,2026-05-10
c004703,2026-05-10,2026-05-20
c004704,2026-05-10,2026-05-10
c004704,2026-05-10,2026-05-19
c004705,2026-05-10,2026-05-10
c004705,2026-05-10,2026-05-17
c004705,2026-05-10,2026-05-31
c004706,2026-05-10,2026-05-10
c004706,2026-05-10,2026-05-20
c004706,2026-05-10,2026-05-27
c004706,2026-05-10,2026-05-31
c004707,2026-05-17,2026-05-17
c004707,2026-05-17,2026-05-30
c004708,2026-05-17,2026-05-17
c004708,2026-05-17,2026-05-25
c004709,2026-05-17,2026-05-17
c004710,2026-05-17,2026-05-17
c004710,2026-05-17,2026-05-25
c004711,2026-05-17,2026-05-17
c004711,2026-05-17,2026-05-27
c004712,2026-05-17,2026-05-17
c004713,2026-05-17,2026-05-17
c004714,2026-05-17,2026-05-17
c004715,2026-05-17,2026-05-17
c004716,2026-05-17,2026-05-17
c004716,2026-05-17,2026-05-25
c004717,2026-05-17,2026-05-17
c004717,2026-05-17,2026-05-31
c004718,2026-05-17,2026-05-17
c004718,2026-05-17,2026-05-25
c004719,2026-05-17,2026-05-17
c004720,2026-05-17,2026-05-17
c004721,2026-05-17,2026-05-17
c004721,2026-05-17,2026-05-24
c004721,2026-05-17,2026-05-31
c004722,2026-05-17,2026-05-17
c004723,2026-05-17,2026-05-17
c004723,2026-05-17,2026-05-27
c004724,2026-05-17,2026-05-17
c004724,2026-05-17,2026-05-27
c004725,2026-05-17,2026-05-17
c004725,2026-05-17,2026-05-25
c004726,2026-05-17,2026-05-17
c004726,2026-05-17,2026-05-25
c004727,2026-05-17,2026-05-17
c004728,2026-05-17,2026-05-17
c004728,2026-05-17,2026-05-28
c004729,2026-05-17,2026-05-17
c004730,2026-05-17,2026-05-17
c004730,2026-05-17,2026-05-29
c004731,2026-05-17,2026-05-17
c004731,2026-05-17,2026-05-25
c004732,2026-05-17,2026-05-17
c004732,2026-05-17,2026-05-27
c004733,2026-05-17,2026-05-17
c004733,2026-05-17,2026-05-31
c004734,2026-05-17,2026-05-17
c004734,2026-05-17,2026-05-26
c004735,2026-05-17,2026-05-17
c004735,2026-05-17,2026-05-30
c004736,2026-05-17,2026-05-17
c004736,2026-05-17,2026-05-26
c004737,2026-05-17,2026-05-17
c004737,2026-05-17,2026-05-25
c004738,2026-05-17,2026-05-17
c004738,2026-05-17,2026-05-27
c004739,2026-05-17,2026-05-17
c004739,2026-05-17,2026-05-24
c004740,2026-05-17,2026-05-17
c004740,2026-05-17,2026-05-28
c004741,2026-05-17,2026-05-17
c004741,2026-05-17,2026-05-25
c004741,2026-05-17,2026-05-31
c004742,2026-05-17,2026-05-17
c004742,2026-05-17,2026-05-24
c004742,2026-05-17,2026-05-31
c004743,2026-05-17,2026-05-17
c004744,2026-05-17,2026-05-17
c004745,2026-05-17,2026-05-17
c004746,2026-05-17,2026-05-17
c004746,2026-05-17,2026-05-26
c004746,2026-05-17,2026-05-31
c004747,2026-05-17,2026-05-17
c004748,2026-05-17,2026-05-17
c004748,2026-05-17,2026-05-27
c004749,2026-05-17,2026-05-17
c004749,2026-05-17,2026-05-30
c004750,2026-05-17,2026-05-17
c004750,2026-05-17,2026-05-27
c004751,2026-05-17,2026-05-17
c004751,2026-05-17,2026-05-29
c004752,2026-05-17,2026-05-17
c004753,2026-05-17,2026-05-17
c004754,2026-05-17,2026-05-17
c004755,2026-05-17,2026-05-17
c004755,2026-05-17,2026-05-25
c004756,2026-05-17,2026-05-17
c004757,2026-05-17,2026-05-17
c004757,2026-05-17,2026-05-30
c004757,2026-05-17,2026-05-31
c004758,2026-05-17,2026-05-17
c004758,2026-05-17,2026-05-29
c004759,2026-05-17,2026-05-17
c004760,2026-05-17,2026-05-17
c004760,2026-05-17,2026-05-28
c004761,2026-05-17,2026-05-17
c004762,2026-05-17,2026-05-17
c004762,2026-05-17,2026-05-29
c004763,2026-05-17,2026-05-17
c004763,2026-05-17,2026-05-24
c004764,2026-05-17,2026-05-17
c004765,2026-05-17,2026-05-17
c004765,2026-05-17,2026-05-28
c004766,2026-05-17,2026-05-17
c004767,2026-05-17,2026-05-17
c004767,2026-05-17,2026-05-28
c004768,2026-05-17,2026-05-17
c004768,2026-05-17,2026-05-24
c004769,2026-05-17,2026-05-17
c004769,2026-05-17,2026-05-27
c004770,2026-05-17,2026-05-17
c004770,2026-05-17,2026-05-29
c004771,2026-05-17,2026-05-17
c004772,2026-05-17,2026-05-17
c004772,2026-05-17,2026-05-26
c004773,2026-05-17,2026-05-17
c004773,2026-05-17,2026-05-24
c004774,2026-05-17,2026-05-17
c004774,2026-05-17,2026-05-24
c004775,2026-05-17,2026-05-17
c004775,2026-05-17,2026-05-31
c004776,2026-05-17,2026-05-17
c004776,2026-05-17,2026-05-29
c004777,2026-05-17,2026-05-17
c004777,2026-05-17,2026-05-24
c004778,2026-05-17,2026-05-17
c004779,2026-05-17,2026-05-17
c004780,2026-05-17,2026-05-17
c004781,2026-05-17,2026-05-17
c004781,2026-05-17,2026-05-26
c004782,2026-05-17,2026-05-17
c004782,2026-05-17,2026-05-24
c004783,2026-05-17,2026-05-17
c004784,2026-05-17,2026-05-17
c004785,2026-05-17,2026-05-17
c004786,2026-05-17,2026-05-17
c004787,2026-05-17,2026-05-17
c004787,2026-05-17,2026-05-29
c004788,2026-05-17,2026-05-17
c004788,2026-05-17,2026-05-26
c004789,2026-05-17,2026-05-17
c004789,2026-05-17,2026-05-29
c004790,2026-05-17,2026-05-17
c004790,2026-05-17,2026-05-27
c004791,2026-05-17,2026-05-17
c004791,2026-05-17,2026-05-25
c004792,2026-05-17,2026-05-17
c004792,2026-05-17,2026-05-28
c004793,2026-05-17,2026-05-17
c004794,2026-05-17,2026-05-17
c004794,2026-05-17,2026-05-28
c004795,2026-05-17,2026-05-17
c004795,2026-05-17,2026-05-31
c004796,2026-05-17,2026-05-17
c004796,2026-05-17,2026-05-27
c004797,2026-05-17,2026-05-17
c004797,2026-05-17,2026-05-31
c004798,2026-05-17,2026-05-17
c004799,2026-05-17,2026-05-17
c004800,2026-05-17,2026-05-17
c004800,2026-05-17,2026-05-30
c004801,2026-05-17,2026-05-17
c004802,2026-05-17,2026-05-17
c004802,2026-05-17,2026-05-26
c004803,2026-05-17,2026-05-17
c004803,2026-05-17,2026-05-27
c004804,2026-05-17,2026-05-17
c004804,2026-05-17,2026-05-26
c004804,2026-05-17,2026-05-31
c004805,2026-05-17,2026-05-17
c004805,2026-05-17,2026-05-26
c004806,2026-05-17,2026-05-17
c004807,2026-05-17,2026-05-17
c004807,2026-05-17,2026-05-29
c004808,2026-05-17,2026-05-17
c004808,2026-05-17,2026-05-25
c004809,2026-05-17,2026-05-17
c004810,2026-05-17,2026-05-17
c004810,2026-05-17,2026-05-26
c004811,2026-05-17,2026-05-17
c004812,2026-05-17,2026-05-17
c004813,2026-05-17,2026-05-17
c004813,2026-05-17,2026-05-28
c004814,2026-05-17,2026-05-17
c004815,2026-05-17,2026-05-17
c004815,2026-05-17,2026-05-30
c004816,2026-05-17,2026-05-17
c004817,2026-05-17,2026-05-17
c004817,2026-05-17,2026-05-27
c004818,2026-05-17,2026-05-17
c004819,2026-05-17,2026-05-17
c004819,2026-05-17,2026-05-31
c004820,2026-05-17,2026-05-17
c004821,2026-05-17,2026-05-17
c004822,2026-05-17,2026-05-17
c004822,2026-05-17,2026-05-29
c004823,2026-05-17,2026-05-17
c004824,2026-05-17,2026-05-17
c004824,2026-05-17,2026-05-26
c004824,2026-05-17,2026-05-31
c004825,2026-05-17,2026-05-17
c004826,2026-05-17,2026-05-17
c004826,2026-05-17,2026-05-28
c004827,2026-05-17,2026-05-17
c004827,2026-05-17,2026-05-24
c004828,2026-05-17,2026-05-17
c004829,2026-05-17,2026-05-17
c004829,2026-05-17,2026-05-29
c004829,2026-05-17,2026-05-31
c004830,2026-05-17,2026-05-17
c004831,2026-05-17,2026-05-17
c004831,2026-05-17,2026-05-28
c004831,2026-05-17,2026-05-31
c004832,2026-05-17,2026-05-17
c004832,2026-05-17,2026-05-26
c004833,2026-05-17,2026-05-17
c004834,2026-05-17,2026-05-17
c004835,2026-05-17,2026-05-17
c004835,2026-05-17,2026-05-28
c004836,2026-05-17,2026-05-17
c004836,2026-05-17,2026-05-29
c004837,2026-05-17,2026-05-17
c004837,2026-05-17,2026-05-28
c004838,2026-05-17,2026-05-17
c004838,2026-05-17,2026-05-30
c004839,2026-05-17,2026-05-17
c004839,2026-05-17,2026-05-25
c004840,2026-05-17,2026-05-17
c004840,2026-05-17,2026-05-25
c004841,2026-05-17,2026-05-17
c004841,2026-05-17,2026-05-29
c004841,2026-05-17,2026-05-31
c004842,2026-05-17,2026-05-17
c004843,2026-05-17,2026-05-17
c004844,2026-05-17,2026-05-17
c004844,2026-05-17,2026-05-27
c004845,2026-05-17,2026-05-17
c004846,2026-05-17,2026-05-17
c004846,2026-05-17,2026-05-28
c004847,2026-05-17,2026-05-17
c004847,2026-05-17,2026-05-27
c004848,2026-05-17,2026-05-17
c004848,2026-05-17,2026-05-30
c004849,2026-05-17,2026-05-17
c004849,2026-05-17,2026-05-26
c004850,2026-05-17,2026-05-17
c004850,2026-05-17,2026-05-27
c004851,2026-05-17,2026-05-17
c004851,2026-05-17,2026-05-28
c004852,2026-05-17,2026-05-17
c004853,2026-05-17,2026-05-17
c004854,2026-05-17,2026-05-17
c004855,2026-05-17,2026-05-17
c004855,2026-05-17,2026-05-31
c004856,2026-05-17,2026-05-17
c004856,2026-05-17,2026-05-29
c004857,2026-05-17,2026-05-17
c004858,2026-05-17,2026-05-17
c004859,2026-05-17,2026-05-17
c004859,2026-05-17,2026-05-29
c004859,2026-05-17,2026-05-31
c004860,2026-05-17,2026-05-17
c004861,2026-05-17,2026-05-17
c004861,2026-05-17,2026-05-27
c004862,2026-05-17,2026-05-17
c004863,2026-05-17,2026-05-17
c004863,2026-05-17,2026-05-29
c004864,2026-05-17,2026-05-17
c004865,2026-05-17,2026-05-17
c004866,2026-05-17,2026-05-17
c004866,2026-05-17,2026-05-29
c004867,2026-05-17,2026-05-17
c004867,2026-05-17,2026-05-27
c004868,2026-05-17,2026-05-17
c004869,2026-05-17,2026-05-17
c004869,2026-05-17,2026-05-29
c004870,2026-05-17,2026-05-17
c004870,2026-05-17,2026-05-30
c004871,2026-05-17,2026-05-17
c004871,2026-05-17,2026-05-28
c004872,2026-05-17,2026-05-17
c004872,2026-05-17,2026-05-25
c004873,2026-05-17,2026-05-17
c004873,2026-05-17,2026-05-29
c004874,2026-05-17,2026-05-17
c004874,2026-05-17,2026-05-29
c004875,2026-05-17,2026-05-17
c004876,2026-05-17,2026-05-17
c004876,2026-05-17,2026-05-28
c004877,2026-05-17,2026-05-17
c004877,2026-05-17,2026-05-29
c004878,2026-05-17,2026-05-17
c004878,2026-05-17,2026-05-25
c004879,2026-05-17,2026-05-17
c004879,2026-05-17,2026-05-28
c004880,2026-05-17,2026-05-17
c004880,2026-05-17,2026-05-29
c004881,2026-05-17,2026-05-17
c004882,2026-05-17,2026-05-17
c004882,2026-05-17,2026-05-26
c004883,2026-05-17,2026-05-17
c004883,2026-05-17,2026-05-28
c004884,2026-05-17,2026-05-17
c004884,2026-05-17,2026-05-26
c004885,2026-05-17,2026-05-17
c004885,2026-05-17,2026-05-30
c004886,2026-05-17,2026-05-17
c004886,2026-05-17,2026-05-27
c004887,2026-05-17,2026-05-17
c004888,2026-05-17,2026-05-17
c004888,2026-05-17,2026-05-27
c004889,2026-05-17,2026-05-17
c004889,2026-05-17,2026-05-31
c004890,2026-05-17,2026-05-17
c004890,2026-05-17,2026-05-27
c004891,2026-05-17,2026-05-17
c004891,2026-05-17,2026-05-31
c004892,2026-05-17,2026-05-17
c004892,2026-05-17,2026-05-30
c004893,2026-05-17,2026-05-17
c004894,2026-05-17,2026-05-17
c004895,2026-05-17,2026-05-17
c004896,2026-05-17,2026-05-17
c004897,2026-05-17,2026-05-17
c004897,2026-05-17,2026-05-26
c004898,2026-05-17,2026-05-17
c004898,2026-05-17,2026-05-25
c004899,2026-05-17,2026-05-17
c004899,2026-05-17,2026-05-31
c004900,2026-05-17,2026-05-17
c004900,2026-05-17,2026-05-27
c004901,2026-05-17,2026-05-17
c004901,2026-05-17,2026-05-24
c004902,2026-05-17,2026-05-17
c004903,2026-05-17,2026-05-17
c004903,2026-05-17,2026-05-27
c004904,2026-05-17,2026-05-17
c004904,2026-05-17,2026-05-24
c004905,2026-05-17,2026-05-17
c004906,2026-05-17,2026-05-17
c004906,2026-05-17,2026-05-28
c004907,2026-05-17,2026-05-17
c004908,2026-05-17,2026-05-17
c004908,2026-05-17,2026-05-25
c004909,2026-05-17,2026-05-17
c004909,2026-05-17,2026-05-27
c004910,2026-05-17,2026-05-17
c004910,2026-05-17,2026-05-29
c004911,2026-05-17,2026-05-17
c004911,2026-05-17,2026-05-24
c004912,2026-05-17,2026-05-17
c004913,2026-05-17,2026-05-17
c004914,2026-05-17,2026-05-17
c004914,2026-05-17,2026-05-31
c004915,2026-05-17,2026-05-17
c004916,2026-05-17,2026-05-17
c004917,2026-05-17,2026-05-17
c004917,2026-05-17,2026-05-25
c004918,2026-05-17,2026-05-17
c004919,2026-05-17,2026-05-17
c004920,2026-05-17,2026-05-17
c004920,2026-05-17,2026-05-30
c004921,2026-05-17,2026-05-17
c004922,2026-05-17,2026-05-17
c004922,2026-05-17,2026-05-26
c004923,2026-05-17,2026-05-17
c004923,2026-05-17,2026-05-26
c004924,2026-05-17,2026-05-17
c004924,2026-05-17,2026-05-27
c004925,2026-05-17,2026-05-17
c004925,2026-05-17,2026-05-25
c004926,2026-05-17,2026-05-17
c004927,2026-05-17,2026-05-17
c004928,2026-05-17,2026-05-17
c004928,2026-05-17,2026-05-25
c004929,2026-05-17,2026-05-17
c004929,2026-05-17,2026-05-24
c004930,2026-05-17,2026-05-17
c004930,2026-05-17,2026-05-30
c004931,2026-05-17,2026-05-17
c004932,2026-05-17,2026-05-17
c004932,2026-05-17,2026-05-27
c004933,2026-05-17,2026-05-17
c004933,2026-05-17,2026-05-30
c004934,2026-05-17,2026-05-17
c004934,2026-05-17,2026-05-25
c004935,2026-05-17,2026-05-17
c004935,2026-05-17,2026-05-29
c004936,2026-05-17,2026-05-17
c004936,2026-05-17,2026-05-30
c004937,2026-05-17,2026-05-17
c004938,2026-05-17,2026-05-17
c004938,2026-05-17,2026-05-30
c004938,2026-05-17,2026-05-31
c004939,2026-05-17,2026-05-17
c004939,2026-05-17,2026-05-29
c004940,2026-05-17,2026-05-17
c004940,2026-05-17,2026-05-28
c004941,2026-05-17,2026-05-17
c004941,2026-05-17,2026-05-30
c004942,2026-05-17,2026-05-17
c004942,2026-05-17,2026-05-24
c004943,2026-05-17,2026-05-17
c004943,2026-05-17,2026-05-24
c004944,2026-05-17,2026-05-17
c004945,2026-05-17,2026-05-17
c004946,2026-05-17,2026-05-17
c004946,2026-05-17,2026-05-28
c004947,2026-05-17,2026-05-17
c004948,2026-05-17,2026-05-17
c004948,2026-05-17,2026-05-24
c004949,2026-05-17,2026-05-17
c004949,2026-05-17,2026-05-27
c004950,2026-05-17,2026-05-17
c004951,2026-05-17,2026-05-17
c004951,2026-05-17,2026-05-24
c004951,2026-05-17,2026-05-31
c004952,2026-05-17,2026-05-17
c004953,2026-05-17,2026-05-17
c004954,2026-05-17,2026-05-17
c004955,2026-05-17,2026-05-17
c004956,2026-05-17,2026-05-17
c004956,2026-05-17,2026-05-29
c004957,2026-05-17,2026-05-17
c004957,2026-05-17,2026-05-27
c004958,2026-05-17,2026-05-17
c004959,2026-05-17,2026-05-17
c004959,2026-05-17,2026-05-29
c004960,2026-05-17,2026-05-17
c004960,2026-05-17,2026-05-28
c004961,2026-05-17,2026-05-17
c004962,2026-05-17,2026-05-17
c004962,2026-05-17,2026-05-31
c004963,2026-05-17,2026-05-17
c004963,2026-05-17,2026-05-26
c004964,2026-05-17,2026-05-17
c004965,2026-05-17,2026-05-17
c004966,2026-05-17,2026-05-17
c004966,2026-05-17,2026-05-30
c004966,2026-05-17,2026-05-31
c004967,2026-05-17,2026-05-17
c004968,2026-05-17,2026-05-17
c004968,2026-05-17,2026-05-29
c004969,2026-05-17,2026-05-17
c004969,2026-05-17,2026-05-31
c004970,2026-05-17,2026-05-17
c004970,2026-05-17,2026-05-30
c004971,2026-05-17,2026-05-17
c004971,2026-05-17,2026-05-27
c004972,2026-05-17,2026-05-17
c004973,2026-05-17,2026-05-17
c004974,2026-05-17,2026-05-17
c004974,2026-05-17,2026-05-25
c004975,2026-05-17,2026-05-17
c004975,2026-05-17,2026-05-25
c004976,2026-05-17,2026-05-17
c004977,2026-05-17,2026-05-17
c004977,2026-05-17,2026-05-24
c004978,2026-05-17,2026-05-17
c004978,2026-05-17,2026-05-28
c004979,2026-05-17,2026-05-17
c004979,2026-05-17,2026-05-28
c004980,2026-05-17,2026-05-17
c004981,2026-05-17,2026-05-17
c004981,2026-05-17,2026-05-30
c004982,2026-05-17,2026-05-17
c004982,2026-05-17,2026-05-31
c004983,2026-05-17,2026-05-17
c004983,2026-05-17,2026-05-27
c004983,2026-05-17,2026-05-31
c004984,2026-05-17,2026-05-17
c004985,2026-05-17,2026-05-17
c004985,2026-05-17,2026-05-24
c004986,2026-05-17,2026-05-17
c004986,2026-05-17,2026-05-30
c004987,2026-05-17,2026-05-17
c004987,2026-05-17,2026-05-29
c004988,2026-05-17,2026-05-17
c004988,2026-05-17,2026-05-30
c004989,2026-05-17,2026-05-17
c004990,2026-05-17,2026-05-17
c004991,2026-05-17,2026-05-17
c004991,2026-05-17,2026-05-24
c004992,2026-05-24,2026-05-24
c004993,2026-05-24,2026-05-24
c004994,2026-05-24,2026-05-24
c004995,2026-05-24,2026-05-24
c004996,2026-05-24,2026-05-24
c004997,2026-05-24,2026-05-24
c004998,2026-05-24,2026-05-24
c004999,2026-05-24,2026-05-24
c005000,2026-05-24,2026-05-24
c005001,2026-05-24,2026-05-24
c005002,2026-05-24,2026-05-24
c005003,2026-05-24,2026-05-24
c005004,2026-05-24,2026-05-24
c005004,2026-05-24,2026-05-31
c005005,2026-05-24,2026-05-24
c005006,2026-05-24,2026-05-24
c005006,2026-05-24,2026-05-31
c005007,2026-05-24,2026-05-24
c005008,2026-05-24,2026-05-24
c005009,2026-05-24,2026-05-24
c005010,2026-05-24,2026-05-24
c005011,2026-05-24,2026-05-24
c005012,2026-05-24,2026-05-24
c005013,2026-05-24,2026-05-24
c005014,2026-05-24,2026-05-24
c005015,2026-05-24,2026-05-24
c005016,2026-05-24,2026-05-24
c005016,2026-05-24,2026-05-31
c005017,2026-05-24,2026-05-24
c005018,2026-05-24,2026-05-24
c005019,2026-05-24,2026-05-24
c005020,2026-05-24,2026-05-24
c005021,2026-05-24,2026-05-24
c005022,2026-05-24,2026-05-24
c005023,2026-05-24,2026-05-24
c005024,2026-05-24,2026-05-24
c005025,2026-05-24,2026-05-24
c005026,2026-05-24,2026-05-24
c005027,2026-05-24,2026-05-24
c005028,2026-05-24,2026-05-24
c005029,2026-05-24,2026-05-24
c005030,2026-05-24,2026-05-24
c005031,2026-05-24,2026-05-24
c005032,2026-05-24,2026-05-24
c005033,2026-05-24,2026-05-24
c005034,2026-05-24,2026-05-24
c005035,2026-05-24,2026-05-24
c005036,2026-05-24,2026-05-24
c005037,2026-05-24,2026-05-24
c005038,2026-05-24,2026-05-24
c005039,2026-05-24,2026-05-24
c005040,2026-05-24,2026-05-24
c005041,2026-05-24,2026-05-24
c005042,2026-05-24,2026-05-24
c005043,2026-05-24,2026-05-24
c005044,2026-05-24,2026-05-24
c005045,2026-05-24,2026-05-24
c005046,2026-05-24,2026-05-24
c005047,2026-05-24,2026-05-24
c005048,2026-05-24,2026-05-24
c005049,2026-05-24,2026-05-24
c005050,2026-05-24,2026-05-24
c005051,2026-05-24,2026-05-24
c005052,2026-05-24,2026-05-24
c005053,2026-05-24,2026-05-24
c005054,2026-05-24,2026-05-24
c005055,2026-05-24,2026-05-24
c005056,2026-05-24,2026-05-24
c005057,2026-05-24,2026-05-24
c005058,2026-05-24,2026-05-24
c005059,2026-05-24,2026-05-24
c005060,2026-05-24,2026-05-24
c005061,2026-05-24,2026-05-24
c005062,2026-05-24,2026-05-24
c005063,2026-05-24,2026-05-24
c005064,2026-05-24,2026-05-24
c005065,2026-05-24,2026-05-24
c005066,2026-05-24,2026-05-24
c005067,2026-05-24,2026-05-24
c005068,2026-05-24,2026-05-24
c005069,2026-05-24,2026-05-24
c005070,2026-05-24,2026-05-24
c005071,2026-05-24,2026-05-24
c005072,2026-05-24,2026-05-24
c005073,2026-05-24,2026-05-24
c005074,2026-05-24,2026-05-24
c005075,2026-05-24,2026-05-24
c005076,2026-05-24,2026-05-24
c005077,2026-05-24,2026-05-24
c005078,2026-05-24,2026-05-24
c005079,2026-05-24,2026-05-24
c005080,2026-05-24,2026-05-24
c005081,2026-05-24,2026-05-24
c005082,2026-05-24,2026-05-24
c005083,2026-05-24,2026-05-24
c005084,2026-05-24,2026-05-24
c005085,2026-05-24,2026-05-24
c005086,2026-05-24,2026-05-24
c005087,2026-05-24,2026-05-24
c005088,2026-05-24,2026-05-24
c005089,2026-05-24,2026-05-24
c005090,2026-05-24,2026-05-24
c005091,2026-05-24,2026-05-24
c005092,2026-05-24,2026-05-24
c005093,2026-05-24,2026-05-24
c005094,2026-05-24,2026-05-24
c005095,2026-05-24,2026-05-24
c005096,2026-05-24,2026-05-24
c005097,2026-05-24,2026-05-24
c005098,2026-05-24,2026-05-24
c005099,2026-05-24,2026-05-24
c005100,2026-05-24,2026-05-24
c005101,2026-05-24,2026-05-24
c005102,2026-05-24,2026-05-24
c005103,2026-05-24,2026-05-24
c005104,2026-05-24,2026-05-24
c005105,2026-05-24,2026-05-24
c005106,2026-05-24,2026-05-24
c005107,2026-05-24,2026-05-24
c005108,2026-05-24,2026-05-24
c005109,2026-05-24,2026-05-24
c005110,2026-05-24,2026-05-24
c005111,2026-05-24,2026-05-24
c005112,2026-05-24,2026-05-24
c005113,2026-05-24,2026-05-24
c005114,2026-05-24,2026-05-24
c005115,2026-05-24,2026-05-24
c005116,2026-05-24,2026-05-24
c005117,2026-05-24,2026-05-24
c005118,2026-05-24,2026-05-24
c005119,2026-05-24,2026-05-24
c005120,2026-05-24,2026-05-24
c005121,2026-05-24,2026-05-24
c005122,2026-05-24,2026-05-24
c005122,2026-05-24,2026-05-31
c005123,2026-05-24,2026-05-24
c005124,2026-05-24,2026-05-24
c005125,2026-05-24,2026-05-24
c005126,2026-05-24,2026-05-24
c005127,2026-05-24,2026-05-24
c005128,2026-05-24,2026-05-24
c005129,2026-05-24,2026-05-24
c005130,2026-05-24,2026-05-24
c005131,2026-05-24,2026-05-24
c005132,2026-05-24,2026-05-24
c005133,2026-05-24,2026-05-24
c005134,2026-05-24,2026-05-24
c005135,2026-05-24,2026-05-24
c005136,2026-05-24,2026-05-24
c005137,2026-05-24,2026-05-24
c005138,2026-05-24,2026-05-24
c005139,2026-05-24,2026-05-24
c005140,2026-05-24,2026-05-24
c005141,2026-05-24,2026-05-24
c005142,2026-05-24,2026-05-24
c005142,2026-05-24,2026-05-31
c005143,2026-05-24,2026-05-24
c005144,2026-05-24,2026-05-24
c005145,2026-05-24,2026-05-24
c005146,2026-05-24,2026-05-24
c005147,2026-05-24,2026-05-24
c005148,2026-05-24,2026-05-24
c005149,2026-05-24,2026-05-24
c005150,2026-05-24,2026-05-24
c005151,2026-05-24,2026-05-24
c005152,2026-05-24,2026-05-24
c005153,2026-05-24,2026-05-24
c005154,2026-05-24,2026-05-24
c005155,2026-05-24,2026-05-24
c005156,2026-05-24,2026-05-24
c005157,2026-05-24,2026-05-24
c005158,2026-05-24,2026-05-24
c005159,2026-05-24,2026-05-24
c005160,2026-05-24,2026-05-24
c005161,2026-05-24,2026-05-24
c005162,2026-05-24,2026-05-24
c005163,2026-05-24,2026-05-24
c005163,2026-05-24,2026-05-31
c005164,2026-05-24,2026-05-24
c005165,2026-05-24,2026-05-24
c005166,2026-05-24,2026-05-24
c005166,2026-05-24,2026-05-31
c005167,2026-05-24,2026-05-24
c005168,2026-05-24,2026-05-24
c005169,2026-05-24,2026-05-24
c005170,2026-05-24,2026-05-24
c005171,2026-05-24,2026-05-24
c005172,2026-05-24,2026-05-24
c005173,2026-05-24,2026-05-24
c005174,2026-05-24,2026-05-24
c005175,2026-05-24,2026-05-24
c005176,2026-05-24,2026-05-24
c005177,2026-05-24,2026-05-24
c005178,2026-05-24,2026-05-24
c005179,2026-05-24,2026-05-24
c005180,2026-05-24,2026-05-24
c005181,2026-05-24,2026-05-24
c005182,2026-05-24,2026-05-24
c005183,2026-05-24,2026-05-24
c005184,2026-05-24,2026-05-24
c005185,2026-05-24,2026-05-24
c005186,2026-05-24,2026-05-24
c005187,2026-05-24,2026-05-24
c005188,2026-05-24,2026-05-24
c005189,2026-05-24,2026-05-24
c005190,2026-05-24,2026-05-24
c005191,2026-05-24,2026-05-24
c005192,2026-05-24,2026-05-24
c005193,2026-05-24,2026-05-24
c005194,2026-05-24,2026-05-24
c005195,2026-05-24,2026-05-24
c005196,2026-05-24,2026-05-24
c005196,2026-05-24,2026-05-31
c005197,2026-05-24,2026-05-24
c005198,2026-05-24,2026-05-24
c005198,2026-05-24,2026-05-31
c005199,2026-05-24,2026-05-24
c005200,2026-05-24,2026-05-24
c005201,2026-05-24,2026-05-24
c005202,2026-05-24,2026-05-24
c005203,2026-05-24,2026-05-24
c005204,2026-05-24,2026-05-24
c005205,2026-05-24,2026-05-24
c005206,2026-05-24,2026-05-24
c005206,2026-05-24,2026-05-31
c005207,2026-05-24,2026-05-24
c005208,2026-05-24,2026-05-24
c005209,2026-05-24,2026-05-24
c005210,2026-05-24,2026-05-24
c005211,2026-05-24,2026-05-24
c005212,2026-05-24,2026-05-24
c005213,2026-05-24,2026-05-24
c005214,2026-05-24,2026-05-24
c005215,2026-05-24,2026-05-24
c005215,2026-05-24,2026-05-31
c005216,2026-05-24,2026-05-24
c005217,2026-05-24,2026-05-24
c005218,2026-05-24,2026-05-24
c005219,2026-05-24,2026-05-24
c005220,2026-05-24,2026-05-24
c005221,2026-05-24,2026-05-24
c005221,2026-05-24,2026-05-31
c005222,2026-05-24,2026-05-24
c005223,2026-05-24,2026-05-24
c005224,2026-05-24,2026-05-24
c005225,2026-05-24,2026-05-24
c005226,2026-05-24,2026-05-24
c005227,2026-05-24,2026-05-24
c005228,2026-05-24,2026-05-24
c005229,2026-05-24,2026-05-24
c005230,2026-05-24,2026-05-24
c005231,2026-05-24,2026-05-24
c005232,2026-05-24,2026-05-24
c005233,2026-05-24,2026-05-24
c005234,2026-05-24,2026-05-24
c005235,2026-05-24,2026-05-24
c005236,2026-05-24,2026-05-24
c005237,2026-05-24,2026-05-24
c005238,2026-05-24,2026-05-24
c005239,2026-05-24,2026-05-24
c005240,2026-05-24,2026-05-24
c005241,2026-05-24,2026-05-24
c005242,2026-05-24,2026-05-24
c005243,2026-05-24,2026-05-24
c005243,2026-05-24,2026-05-31
c005244,2026-05-24,2026-05-24
c005245,2026-05-24,2026-05-24
c005246,2026-05-24,2026-05-24
c005247,2026-05-24,2026-05-24
c005248,2026-05-24,2026-05-24
c005249,2026-05-24,2026-05-24
c005250,2026-05-24,2026-05-24
c005251,2026-05-24,2026-05-24
c005252,2026-05-24,2026-05-24
c005252,2026-05-24,2026-05-31
c005253,2026-05-24,2026-05-24
c005254,2026-05-24,2026-05-24
c005255,2026-05-24,2026-05-24
c005256,2026-05-24,2026-05-24
c005257,2026-05-24,2026-05-24
c005258,2026-05-24,2026-05-24
c005259,2026-05-24,2026-05-24
c005260,2026-05-24,2026-05-24
c005261,2026-05-24,2026-05-24
c005262,2026-05-24,2026-05-24
c005263,2026-05-24,2026-05-24
c005264,2026-05-24,2026-05-24
c005265,2026-05-24,2026-05-24
c005266,2026-05-24,2026-05-24
c005267,2026-05-24,2026-05-24
c005268,2026-05-24,2026-05-24
c005269,2026-05-24,2026-05-24
c005270,2026-05-24,2026-05-24
c005271,2026-05-24,2026-05-24
c005272,2026-05-24,2026-05-24
c005273,2026-05-24,2026-05-24
c005274,2026-05-24,2026-05-24
c005275,2026-05-24,2026-05-24
c005276,2026-05-24,2026-05-24
c005277,2026-05-24,2026-05-24
c005278,2026-05-24,2026-05-24
c005278,2026-05-24,2026-05-31
c005279,2026-05-24,2026-05-24
c005280,2026-05-24,2026-05-24
c005281,2026-05-24,2026-05-24
