user_id,step,event_time
u000000,visit,2026-03-21 04:44:19
u000001,visit,2025-12-24 11:59:32
u000002,visit,2026-05-22 06:28:22
u000003,visit,2025-12-03 20:19:02
u000004,visit,2026-05-10 22:35:01
u000005,visit,2026-02-10 13:33:43
u000005,signup,2026-02-10 21:40:23
u000006,visit,2025-12-20 00:03:11
u000007,visit,2026-02-16 15:25:34
u000008,visit,2026-02-23 07:18:37
u000008,signup,2026-02-25 02:46:24
u000009,visit,2026-02-23 11:38:28
u000010,visit,2025-12-10 20:52:57
u000011,visit,2026-01-27 01:50:39
u000012,visit,2026-03-03 12:47:22
u000013,visit,2026-05-02 20:16:21
u000013,signup,2026-05-03 02:57:25
u000014,visit,2025-12-12 03:37:05
u000015,visit,2025-12-22 14:00:43
u000016,visit,2026-02-09 11:38:17
u000016,signup,2026-02-10 07:44:22
u000016,activate,2026-02-10 22:08:25
u000017,visit,2026-05-02 19:38:26
u000018,visit,2026-05-02 22:28:48
u000018,signup,2026-05-04 15:12:27
u000019,visit,2026-04-19 06:33:30
u000020,visit,2025-12-02 09:17:32
u000021,visit,2026-05-15 08:09:48
u000021,signup,2026-05-16 00:22:04
u000022,visit,2026-05-01 18:43:57
u000023,visit,2026-01-11 18:51:26
u000023,signup,2026-01-13 11:54:27
u000023,activate,2026-01-15 02:40:53
u000024,visit,2026-05-11 00:41:27
u000025,visit,2026-03-01 20:54:06
u000026,visit,2026-05-09 00:08:02
u000026,signup,2026-05-09 02:18:04
u000027,visit,2026-05-09 10:19:28
u000028,visit,2026-01-14 14:46:55
u000028,signup,2026-01-14 17:08:21
u000028,activate,2026-01-16 20:25:07
u000028,purchase,2026-01-19 12:13:20
u000029,visit,2026-05-21 17:12:54
u000030,visit,2026-01-05 14:55:05
u000031,visit,2026-03-20 07:09:49
u000032,visit,2026-02-18 20:06:58
u000033,visit,2026-01-20 10:58:02
u000034,visit,2026-03-29 00:37:33
u000035,visit,2026-03-13 03:30:41
u000036,visit,2026-05-02 13:17:25
u000036,signup,2026-05-03 18:43:57
u000037,visit,2026-02-27 20:24:14
u000038,visit,2026-02-21 11:25:17
u000038,signup,2026-02-23 04:43:26
u000038,activate,2026-02-26 05:10:18
u000039,visit,2026-03-26 12:34:56
u000039,signup,2026-03-28 04:37:36
u000040,visit,2026-01-21 23:08:24
u000041,visit,2026-05-07 00:24:50
u000041,signup,2026-05-08 20:05:33
u000041,activate,2026-05-15 15:10:56
u000041,purchase,2026-05-26 17:31:18
u000042,visit,2026-02-11 09:36:03
u000043,visit,2026-05-01 05:27:23
u000044,visit,2026-02-19 02:37:33
u000044,signup,2026-02-19 05:27:06
u000045,visit,2025-12-12 11:52:46
u000046,visit,2025-12-19 12:06:00
u000046,signup,2025-12-19 17:32:35
u000047,visit,2026-02-12 18:54:58
u000048,visit,2026-02-16 11:27:11
u000049,visit,2026-03-31 02:39:15
u000050,visit,2026-03-30 16:45:14
u000051,visit,2026-01-20 18:35:44
u000051,signup,2026-01-22 17:54:39
u000052,visit,2025-12-31 22:30:15
u000052,signup,2026-01-01 22:51:26
u000052,activate,2026-01-01 23:31:00
u000052,purchase,2026-01-10 01:51:34
u000053,visit,2025-12-16 00:17:28
u000053,signup,2025-12-17 17:08:54
u000053,activate,2025-12-26 21:22:47
u000054,visit,2025-12-04 12:06:10
u000054,signup,2025-12-05 01:05:53
u000054,activate,2025-12-05 08:32:05
u000055,visit,2025-12-10 18:34:24
u000055,signup,2025-12-12 06:19:45
u000055,activate,2025-12-14 01:51:19
u000056,visit,2026-05-14 00:32:13
u000056,signup,2026-05-14 07:03:47
u000056,activate,2026-05-14 12:04:11
u000057,visit,2026-01-29 16:53:43
u000057,signup,2026-01-31 00:45:51
u000057,activate,2026-01-31 13:05:01
u000057,purchase,2026-02-16 18:30:36
u000058,visit,2026-05-05 22:19:22
u000059,visit,2026-02-21 22:06:16
u000060,visit,2026-04-02 14:11:03
u000061,visit,2026-03-30 10:08:25
u000062,visit,2025-12-10 18:07:05
u000062,signup,2025-12-11 17:49:53
u000063,visit,2026-01-19 11:50:31
u000063,signup,2026-01-20 02:15:40
u000064,visit,2025-12-06 01:47:10
u000065,visit,2026-01-01 01:54:21
u000065,signup,2026-01-01 16:10:01
u000066,visit,2025-12-23 04:48:07
u000066,signup,2025-12-23 14:53:33
u000067,visit,2026-04-11 18:37:29
u000068,visit,2026-03-06 14:39:46
u000068,signup,2026-03-06 15:59:50
u000069,visit,2026-03-08 19:25:41
u000070,visit,2026-02-11 03:30:22
u000070,signup,2026-02-12 04:01:25
u000070,activate,2026-02-12 13:51:15
u000071,visit,2026-03-12 04:30:38
u000071,signup,2026-03-13 13:15:22
u000071,activate,2026-03-15 16:27:03
u000071,purchase,2026-03-17 16:53:34
u000072,visit,2026-05-04 03:02:25
u000072,signup,2026-05-04 03:43:24
u000073,visit,2026-03-10 10:41:04
u000074,visit,2026-04-08 21:36:08
u000075,visit,2025-12-04 20:33:51
u000076,visit,2026-02-02 17:39:33
u000076,signup,2026-02-04 13:56:36
u000077,visit,2026-03-28 00:09:10
u000077,signup,2026-03-29 15:23:21
u000078,visit,2026-04-12 05:28:01
u000079,visit,2026-03-23 01:20:42
u000079,signup,2026-03-23 20:02:59
u000079,activate,2026-03-26 07:11:54
u000080,visit,2026-01-06 13:05:14
u000081,visit,2026-01-01 00:19:55
u000082,visit,2026-04-12 03:51:02
u000082,signup,2026-04-12 04:32:03
u000082,activate,2026-04-16 22:30:47
u000082,purchase,2026-04-25 20:00:32
u000083,visit,2025-12-19 10:10:44
u000083,signup,2025-12-19 14:30:22
u000083,activate,2025-12-20 02:06:04
u000083,purchase,2025-12-22 03:00:42
u000084,visit,2025-12-27 01:49:12
u000084,signup,2025-12-29 01:22:05
u000085,visit,2026-04-23 04:27:12
u000085,signup,2026-04-23 08:00:39
u000085,activate,2026-04-25 13:16:43
u000085,purchase,2026-04-27 05:36:17
u000086,visit,2026-04-10 16:14:57
u000087,visit,2026-04-11 02:46:43
u000088,visit,2025-12-26 21:48:06
u000089,visit,2026-05-15 23:03:04
u000089,signup,2026-05-17 13:03:51
u000090,visit,2025-12-16 20:34:45
u000091,visit,2025-12-21 03:44:07
u000092,visit,2025-12-24 13:16:26
u000093,visit,2026-03-17 06:33:43
u000094,visit,2026-04-06 09:34:34
u000094,signup,2026-04-07 06:01:37
u000095,visit,2026-03-24 21:16:50
u000095,signup,2026-03-25 13:48:37
u000095,activate,2026-03-25 22:45:54
u000096,visit,2026-02-02 13:27:51
u000097,visit,2026-04-16 06:49:05
u000098,visit,2026-05-18 23:35:46
u000098,signup,2026-05-19 00:33:54
u000098,activate,2026-05-20 18:38:36
u000099,visit,2025-12-27 04:59:58
u000100,visit,2026-04-16 00:58:40
u000100,signup,2026-04-16 10:28:46
u000100,activate,2026-04-16 11:12:54
u000100,purchase,2026-04-21 10:09:08
u000101,visit,2026-03-26 14:26:51
u000101,signup,2026-03-27 03:25:12
u000101,activate,2026-03-28 01:31:07
u000101,purchase,2026-04-08 17:58:30
u000102,visit,2026-01-25 02:27:09
u000102,signup,2026-01-25 18:45:28
u000102,activate,2026-01-28 07:01:50
u000102,purchase,2026-02-03 02:37:30
u000103,visit,2026-04-01 21:30:57
u000104,visit,2026-04-03 03:31:37
u000105,visit,2025-12-31 21:19:31
u000106,visit,2026-02-15 17:33:51
u000107,visit,2026-02-10 09:34:37
u000107,signup,2026-02-11 03:34:15
u000107,activate,2026-02-14 05:38:16
u000108,visit,2026-03-12 10:11:17
u000109,visit,2026-02-03 04:26:58
u000110,visit,2026-05-25 19:35:46
u000111,visit,2026-01-05 06:00:36
u000112,visit,2026-05-08 15:22:41
u000113,visit,2026-05-06 18:04:11
u000114,visit,2026-01-31 01:33:29
u000115,visit,2026-05-19 00:01:28
u000116,visit,2026-05-07 07:59:40
u000117,visit,2026-04-18 22:24:49
u000118,visit,2026-03-18 21:51:27
u000118,signup,2026-03-20 05:07:48
u000119,visit,2025-12-17 00:17:27
u000120,visit,2026-03-15 14:15:45
u000120,signup,2026-03-17 14:02:19
u000121,visit,2026-03-10 13:31:19
u000122,visit,2025-12-12 13:54:25
u000122,signup,2025-12-13 11:45:05
u000122,activate,2025-12-13 18:37:09
u000122,purchase,2025-12-19 20:56:31
u000123,visit,2026-01-12 04:05:20
u000124,visit,2026-02-03 23:29:20
u000125,visit,2026-05-22 19:18:41
u000126,visit,2026-01-10 10:58:44
u000127,visit,2026-04-30 19:00:02
u000127,signup,2026-05-01 09:44:44
u000128,visit,2026-05-06 23:15:00
u000128,signup,2026-05-08 22:45:24
u000129,visit,2026-02-24 01:22:18
u000129,signup,2026-02-24 15:08:33
u000130,visit,2026-04-26 21:32:50
u000130,signup,2026-04-27 16:55:44
u000131,visit,2026-04-05 02:08:14
u000132,visit,2026-05-14 20:21:55
u000132,signup,2026-05-15 02:11:39
u000132,activate,2026-05-17 01:16:19
u000133,visit,2026-03-22 05:50:10
u000134,visit,2026-05-23 16:24:48
u000135,visit,2025-12-03 21:49:19
u000135,signup,2025-12-04 04:54:14
u000135,activate,2025-12-06 16:06:35
u000135,purchase,2025-12-09 08:15:17
u000136,visit,2026-02-16 04:17:13
u000137,visit,2026-01-10 19:03:26
u000138,visit,2026-02-23 03:26:31
u000138,signup,2026-02-23 06:17:04
u000138,activate,2026-02-24 09:30:16
u000139,visit,2026-01-26 20:23:21
u000140,visit,2026-02-18 06:11:25
u000141,visit,2026-04-20 16:30:20
u000142,visit,2026-05-14 06:59:03
u000143,visit,2026-05-04 22:28:39
u000143,signup,2026-05-06 11:10:14
u000143,activate,2026-05-11 01:04:58
u000143,purchase,2026-05-21 05:05:33
u000144,visit,2026-03-27 01:04:39
u000144,signup,2026-03-29 00:41:56
u000145,visit,2026-02-14 04:43:55
u000146,visit,2026-03-09 05:53:30
u000146,signup,2026-03-11 03:05:10
u000147,visit,2026-04-22 00:36:16
u000147,signup,2026-04-23 11:14:22
u000147,activate,2026-04-27 18:08:36
u000148,visit,2026-03-30 08:27:45
u000148,signup,2026-03-31 16:12:21
u000149,visit,2026-05-06 21:55:35
u000150,visit,2026-01-17 22:30:19
u000151,visit,2026-05-02 10:22:15
u000152,visit,2026-05-23 21:39:17
u000153,visit,2026-02-07 16:07:39
u000153,signup,2026-02-07 20:07:35
u000154,visit,2025-12-05 09:23:06
u000154,signup,2025-12-06 13:00:31
u000155,visit,2026-01-17 05:42:00
u000156,visit,2026-02-24 20:33:56
u000156,signup,2026-02-24 21:45:06
u000156,activate,2026-02-25 06:29:48
u000157,visit,2026-05-20 05:25:20
u000157,signup,2026-05-21 23:58:51
u000158,visit,2026-03-21 12:52:18
u000159,visit,2026-05-22 10:17:53
u000160,visit,2026-03-25 21:21:16
u000161,visit,2026-04-28 23:55:04
u000162,visit,2026-04-08 03:18:40
u000163,visit,2026-02-14 19:04:43
u000163,signup,2026-02-14 23:51:05
u000163,activate,2026-02-15 12:16:56
u000164,visit,2026-01-01 02:17:29
u000164,signup,2026-01-02 21:33:47
u000164,activate,2026-01-04 01:44:16
u000165,visit,2026-03-01 10:31:23
u000166,visit,2026-02-19 11:50:08
u000166,signup,2026-02-20 07:11:37
u000167,visit,2026-01-24 19:16:38
u000168,visit,2026-05-29 16:16:37
u000169,visit,2026-05-11 12:53:20
u000170,visit,2026-05-11 13:27:23
u000170,signup,2026-05-12 01:57:03
u000170,activate,2026-05-16 16:51:45
u000171,visit,2026-02-04 18:05:03
u000172,visit,2026-03-09 20:29:24
u000172,signup,2026-03-11 09:46:29
u000172,activate,2026-03-12 10:11:14
u000173,visit,2026-01-13 05:31:45
u000174,visit,2025-12-03 17:02:47
u000175,visit,2026-05-21 23:09:32
u000176,visit,2025-12-06 13:03:56
u000176,signup,2025-12-08 10:40:06
u000176,activate,2025-12-14 01:23:33
u000176,purchase,2025-12-16 17:34:14
u000177,visit,2026-01-11 21:09:32
u000177,signup,2026-01-12 17:41:10
u000178,visit,2025-12-30 16:49:59
u000179,visit,2026-03-08 09:01:54
u000180,visit,2025-12-21 18:28:30
u000180,signup,2025-12-22 01:54:10
u000180,activate,2025-12-22 14:47:13
u000180,purchase,2025-12-22 20:10:31
u000181,visit,2026-04-26 20:26:28
u000182,visit,2026-04-28 18:59:35
u000183,visit,2026-05-01 01:45:37
u000183,signup,2026-05-01 08:37:32
u000184,visit,2026-01-24 18:28:36
u000184,signup,2026-01-25 22:31:03
u000185,visit,2025-12-07 08:50:41
u000185,signup,2025-12-07 16:23:50
u000185,activate,2025-12-09 03:55:47
u000186,visit,2026-03-13 05:59:06
u000186,signup,2026-03-13 11:42:12
u000186,activate,2026-03-13 21:21:33
u000187,visit,2026-04-27 10:46:26
u000187,signup,2026-04-28 16:26:03
u000187,activate,2026-04-30 23:57:17
u000188,visit,2026-03-31 21:52:01
u000188,signup,2026-04-02 03:43:44
u000189,visit,2026-04-21 16:30:21
u000190,visit,2025-12-15 05:08:27
u000190,signup,2025-12-15 12:31:21
u000190,activate,2025-12-15 18:37:17
u000191,visit,2026-02-03 13:06:23
u000192,visit,2026-03-09 10:04:19
u000192,signup,2026-03-11 05:16:58
u000192,activate,2026-03-14 15:44:38
u000193,visit,2026-05-25 00:09:28
u000193,signup,2026-05-26 23:00:14
u000193,activate,2026-05-30 22:09:23
u000194,visit,2026-03-06 14:46:25
u000195,visit,2026-03-01 06:56:20
u000196,visit,2026-02-14 12:12:48
u000197,visit,2026-02-28 20:55:06
u000197,signup,2026-03-01 10:41:18
u000197,activate,2026-03-01 18:10:30
u000198,visit,2026-04-05 11:58:03
u000199,visit,2026-03-11 23:02:02
u000199,signup,2026-03-12 12:58:48
u000199,activate,2026-03-13 04:01:45
u000199,purchase,2026-03-19 09:57:02
u000200,visit,2026-02-16 05:31:13
u000200,signup,2026-02-17 19:20:27
u000200,activate,2026-02-18 19:47:23
u000201,visit,2026-03-08 13:44:18
u000201,signup,2026-03-09 07:08:06
u000202,visit,2026-04-30 14:38:20
u000203,visit,2026-04-24 10:13:07
u000203,signup,2026-04-24 10:31:38
u000203,activate,2026-04-27 17:17:11
u000204,visit,2025-12-28 20:35:13
u000205,visit,2026-01-17 11:49:33
u000206,visit,2026-02-11 07:23:26
u000206,signup,2026-02-12 08:08:34
u000207,visit,2026-04-23 15:09:15
u000207,signup,2026-04-25 11:58:12
u000207,activate,2026-05-01 04:01:17
u000208,visit,2026-02-14 06:48:35
u000209,visit,2025-12-11 16:16:24
u000209,signup,2025-12-12 14:38:19
u000209,activate,2025-12-12 16:18:13
u000210,visit,2026-03-09 03:25:13
u000210,signup,2026-03-09 03:31:45
u000210,activate,2026-03-10 16:33:15
u000210,purchase,2026-03-12 17:10:55
u000211,visit,2026-04-25 21:10:33
u000212,visit,2026-03-05 05:26:11
u000212,signup,2026-03-06 06:54:17
u000212,activate,2026-03-08 20:52:18
u000213,visit,2026-04-14 15:58:45
u000214,visit,2026-02-19 17:48:16
u000215,visit,2026-04-22 04:17:29
u000215,signup,2026-04-22 10:33:08
u000215,activate,2026-04-22 21:29:01
u000216,visit,2026-01-01 23:43:22
u000217,visit,2025-12-04 07:41:02
u000218,visit,2026-03-12 08:02:22
u000218,signup,2026-03-12 19:09:05
u000219,visit,2026-02-07 10:57:52
u000219,signup,2026-02-08 15:14:27
u000219,activate,2026-02-09 17:02:54
u000220,visit,2026-02-24 15:02:48
u000220,signup,2026-02-25 05:40:29
u000221,visit,2025-12-19 13:58:16
u000222,visit,2025-12-29 11:10:31
u000223,visit,2026-01-11 08:39:01
u000224,visit,2026-01-06 15:59:56
u000225,visit,2026-04-12 07:36:48
u000226,visit,2026-02-26 03:04:53
u000227,visit,2026-05-06 12:40:26
u000228,visit,2026-01-03 03:12:28
u000229,visit,2026-02-11 12:56:37
u000229,signup,2026-02-11 16:37:39
u000230,visit,2026-04-23 17:35:19
u000230,signup,2026-04-24 19:54:14
u000230,activate,2026-04-26 08:48:04
u000231,visit,2026-02-04 22:27:36
u000232,visit,2026-05-19 14:14:22
u000233,visit,2026-05-17 03:22:18
u000233,signup,2026-05-17 21:19:42
u000233,activate,2026-05-21 03:12:18
u000234,visit,2026-05-12 07:13:47
u000235,visit,2026-04-28 19:55:43
u000236,visit,2025-12-27 19:22:51
u000236,signup,2025-12-28 22:41:31
u000237,visit,2026-03-13 16:23:48
u000238,visit,2025-12-18 05:10:11
u000239,visit,2026-01-03 01:09:05
u000240,visit,2026-02-13 15:40:37
u000241,visit,2026-02-24 07:16:07
u000242,visit,2026-04-15 05:35:23
u000242,signup,2026-04-16 21:12:22
u000242,activate,2026-04-17 16:38:29
u000243,visit,2026-01-16 09:07:32
u000243,signup,2026-01-17 02:12:33
u000243,activate,2026-01-19 15:45:15
u000244,visit,2026-02-10 21:50:32
u000245,visit,2026-05-09 12:25:31
u000246,visit,2025-12-29 03:56:39
u000247,visit,2026-05-28 22:40:44
u000247,signup,2026-05-30 03:56:53
u000247,activate,2026-05-30 10:35:20
u000248,visit,2026-04-14 21:15:50
u000249,visit,2026-04-22 14:52:23
u000250,visit,2025-12-06 06:09:35
u000250,signup,2025-12-06 18:59:52
u000251,visit,2026-05-26 05:19:29
u000252,visit,2026-04-02 22:38:12
u000253,visit,2026-01-11 09:35:23
u000253,signup,2026-01-11 17:22:36
u000253,activate,2026-01-12 17:01:30
u000254,visit,2026-04-01 01:12:05
u000255,visit,2025-12-09 14:44:35
u000256,visit,2026-02-08 20:44:42
u000256,signup,2026-02-09 14:39:03
u000257,visit,2026-02-23 03:35:59
u000258,visit,2026-02-17 23:14:24
u000259,visit,2026-01-11 01:06:33
u000260,visit,2026-03-18 16:52:25
u000260,signup,2026-03-19 02:02:48
u000260,activate,2026-03-19 19:25:11
u000261,visit,2026-02-08 03:21:32
u000261,signup,2026-02-08 07:34:55
u000261,activate,2026-02-08 14:38:58
u000262,visit,2026-05-01 20:04:02
u000263,visit,2026-04-12 09:41:50
u000263,signup,2026-04-13 05:49:36
u000263,activate,2026-04-16 01:01:45
u000263,purchase,2026-04-17 13:00:39
u000264,visit,2026-05-25 19:15:05
u000265,visit,2026-04-18 04:36:40
u000266,visit,2025-12-27 06:24:21
u000267,visit,2026-01-03 04:53:18
u000268,visit,2026-02-06 07:02:04
u000269,visit,2025-12-05 09:48:23
u000270,visit,2026-03-09 01:19:55
u000270,signup,2026-03-09 07:52:39
u000270,activate,2026-03-16 18:58:52
u000271,visit,2026-01-07 23:11:20
u000272,visit,2026-05-17 14:08:51
u000273,visit,2026-03-04 16:46:57
u000274,visit,2025-12-02 00:37:24
u000275,visit,2026-04-07 00:08:45
u000276,visit,2026-04-29 16:25:17
u000276,signup,2026-05-01 14:23:49
u000276,activate,2026-05-04 11:12:10
u000276,purchase,2026-05-18 03:26:07
u000277,visit,2026-02-18 17:44:12
u000278,visit,2026-01-03 07:36:46
u000279,visit,2026-04-28 17:27:13
u000279,signup,2026-04-29 11:14:58
u000280,visit,2026-04-13 02:25:42
u000280,signup,2026-04-14 13:39:31
u000280,activate,2026-04-15 04:00:39
u000280,purchase,2026-05-09 09:43:58
u000281,visit,2026-03-21 18:00:20
u000281,signup,2026-03-22 04:27:06
u000281,activate,2026-03-24 04:28:21
u000282,visit,2026-03-25 17:57:50
u000283,visit,2025-12-05 13:15:38
u000283,signup,2025-12-05 22:30:34
u000283,activate,2025-12-07 21:32:01
u000284,visit,2025-12-28 12:59:13
u000284,signup,2025-12-29 22:02:20
u000285,visit,2026-02-13 11:12:54
u000285,signup,2026-02-14 12:28:38
u000285,activate,2026-02-18 01:46:40
u000286,visit,2026-04-03 20:29:26
u000286,signup,2026-04-05 08:21:16
u000286,activate,2026-04-05 11:40:35
u000286,purchase,2026-04-05 18:21:48
u000287,visit,2025-12-16 16:11:15
u000287,signup,2025-12-18 02:27:40
u000288,visit,2025-12-27 17:25:47
u000289,visit,2025-12-22 15:04:38
u000290,visit,2026-03-07 07:18:59
u000291,visit,2026-04-15 06:19:03
u000292,visit,2026-02-20 00:48:25
u000293,visit,2026-01-07 11:00:09
u000293,signup,2026-01-08 13:23:23
u000294,visit,2026-01-17 22:27:04
u000294,signup,2026-01-18 19:59:38
u000295,visit,2026-05-21 23:13:56
u000296,visit,2026-01-30 00:10:58
u000297,visit,2026-01-14 21:08:10
u000298,visit,2025-12-23 22:37:21
u000298,signup,2025-12-25 02:31:56
u000298,activate,2025-12-27 02:01:03
u000299,visit,2026-05-22 23:22:52
u000299,signup,2026-05-23 22:31:01
u000299,activate,2026-05-24 18:49:14
u000300,visit,2026-01-20 01:43:35
u000300,signup,2026-01-20 09:06:15
u000300,activate,2026-01-26 07:27:28
u000301,visit,2026-01-22 16:10:46
u000302,visit,2026-03-04 17:20:37
u000302,signup,2026-03-04 23:29:33
u000303,visit,2026-01-23 05:27:16
u000303,signup,2026-01-24 13:12:31
u000304,visit,2026-01-02 14:52:02
u000305,visit,2026-02-27 10:01:15
u000305,signup,2026-02-28 14:07:40
u000305,activate,2026-03-01 22:30:45
u000306,visit,2026-03-15 04:20:56
u000307,visit,2026-03-10 13:09:04
u000307,signup,2026-03-12 09:24:33
u000308,visit,2025-12-08 21:07:03
u000309,visit,2026-04-19 12:15:09
u000310,visit,2025-12-11 20:18:17
u000311,visit,2026-02-07 21:55:46
u000312,visit,2026-03-05 08:47:54
u000313,visit,2026-03-18 15:44:35
u000314,visit,2026-05-01 13:18:08
u000315,visit,2026-03-18 06:24:03
u000316,visit,2025-12-03 21:40:58
u000317,visit,2026-02-15 10:42:22
u000318,visit,2026-02-25 13:52:42
u000319,visit,2026-05-08 02:05:28
u000320,visit,2026-01-23 11:47:25
u000321,visit,2026-04-28 16:55:19
u000322,visit,2026-03-12 17:41:25
u000322,signup,2026-03-13 00:16:24
u000322,activate,2026-03-13 19:35:45
u000323,visit,2026-01-16 22:17:30
u000323,signup,2026-01-17 03:46:16
u000323,activate,2026-01-20 09:13:05
u000324,visit,2026-01-08 13:24:05
u000325,visit,2026-05-23 08:08:32
u000325,signup,2026-05-24 20:02:36
u000326,visit,2026-02-13 09:45:50
u000327,visit,2026-05-04 12:45:46
u000328,visit,2025-12-23 09:28:18
u000329,visit,2026-02-23 21:06:27
u000330,visit,2026-02-20 07:56:22
u000330,signup,2026-02-21 12:58:02
u000331,visit,2025-12-07 12:10:47
u000331,signup,2025-12-09 04:19:20
u000331,activate,2025-12-09 18:09:47
u000332,visit,2026-04-10 09:19:28
u000333,visit,2026-03-10 21:37:57
u000334,visit,2025-12-11 20:45:36
u000335,visit,2025-12-07 01:52:27
u000336,visit,2026-05-30 07:11:13
u000336,signup,2026-06-01 07:08:10
u000336,activate,2026-06-01 11:02:04
u000337,visit,2026-05-19 15:05:59
u000338,visit,2026-04-14 05:24:51
u000339,visit,2026-05-28 02:33:03
u000339,signup,2026-05-29 18:52:40
u000339,activate,2026-06-02 14:11:00
u000340,visit,2026-04-09 03:51:48
u000341,visit,2025-12-08 12:26:43
u000341,signup,2025-12-09 06:02:22
u000342,visit,2026-05-06 21:44:02
u000343,visit,2026-04-20 06:38:41
u000343,signup,2026-04-20 17:20:42
u000343,activate,2026-04-20 19:47:25
u000344,visit,2026-02-20 22:36:04
u000345,visit,2026-03-30 22:46:41
u000346,visit,2026-02-19 19:23:00
u000347,visit,2026-04-19 15:30:50
u000348,visit,2026-04-14 05:59:46
u000348,signup,2026-04-15 14:44:21
u000348,activate,2026-04-18 05:13:39
u000348,purchase,2026-04-18 15:32:18
u000349,visit,2025-12-19 07:54:38
u000350,visit,2026-02-22 09:15:44
u000351,visit,2026-05-04 22:47:23
u000351,signup,2026-05-05 15:25:58
u000352,visit,2026-01-13 06:57:03
u000353,visit,2026-02-16 19:47:48
u000354,visit,2026-04-17 23:58:58
u000354,signup,2026-04-18 14:07:29
u000354,activate,2026-04-21 07:03:40
u000355,visit,2026-04-23 19:04:22
u000356,visit,2026-03-20 23:40:47
u000357,visit,2026-02-14 05:26:37
u000358,visit,2026-03-29 12:42:13
u000358,signup,2026-03-30 19:00:11
u000359,visit,2026-04-15 18:55:01
u000359,signup,2026-04-16 01:36:52
u000359,activate,2026-04-19 22:58:54
u000359,purchase,2026-04-27 02:01:38
u000360,visit,2026-04-15 04:17:10
u000360,signup,2026-04-15 05:54:32
u000361,visit,2026-05-27 21:06:20
u000361,signup,2026-05-29 02:42:27
u000362,visit,2026-03-13 20:28:47
u000363,visit,2026-03-22 21:31:43
u000363,signup,2026-03-24 02:45:01
u000363,activate,2026-03-24 03:38:41
u000363,purchase,2026-03-25 16:38:00
u000364,visit,2026-05-05 23:43:16
u000364,signup,2026-05-07 22:18:06
u000365,visit,2025-12-11 20:39:11
u000366,visit,2026-01-01 11:40:17
u000367,visit,2026-05-10 04:20:08
u000367,signup,2026-05-11 20:29:44
u000368,visit,2026-04-03 14:35:13
u000369,visit,2026-05-09 12:35:48
u000369,signup,2026-05-11 10:36:24
u000369,activate,2026-05-14 17:41:45
u000370,visit,2026-05-18 23:08:52
u000371,visit,2026-02-11 11:05:21
u000372,visit,2026-01-29 18:42:13
u000372,signup,2026-01-31 12:32:38
u000372,activate,2026-02-03 22:35:46
u000373,visit,2026-02-07 16:21:29
u000373,signup,2026-02-08 16:14:40
u000373,activate,2026-02-12 11:05:06
u000373,purchase,2026-03-16 07:44:35
u000374,visit,2026-02-05 04:33:55
u000375,visit,2026-02-11 02:10:49
u000375,signup,2026-02-11 13:00:18
u000376,visit,2026-01-02 23:44:43
u000377,visit,2026-01-12 21:22:21
u000377,signup,2026-01-14 12:58:14
u000378,visit,2026-03-28 16:33:58
u000378,signup,2026-03-29 18:18:33
u000379,visit,2026-03-12 15:56:56
u000379,signup,2026-03-12 16:17:54
u000379,activate,2026-03-18 12:40:17
u000379,purchase,2026-03-20 11:49:31
u000380,visit,2026-05-21 01:05:08
u000381,visit,2026-01-10 10:44:56
u000382,visit,2026-01-27 20:37:04
u000383,visit,2026-04-10 20:37:35
u000383,signup,2026-04-12 07:45:16
u000384,visit,2026-03-05 10:50:35
u000384,signup,2026-03-06 16:53:00
u000384,activate,2026-03-09 08:17:09
u000385,visit,2026-02-10 09:56:45
u000386,visit,2026-01-26 06:38:56
u000387,visit,2026-04-18 15:02:43
u000388,visit,2026-03-22 04:52:34
u000388,signup,2026-03-22 09:07:49
u000389,visit,2026-04-17 03:17:40
u000390,visit,2026-02-08 06:58:45
u000391,visit,2026-01-18 10:16:44
u000392,visit,2025-12-31 20:50:56
u000393,visit,2026-04-23 13:32:36
u000394,visit,2026-03-28 15:49:44
u000394,signup,2026-03-29 01:00:34
u000395,visit,2026-03-20 06:02:58
u000395,signup,2026-03-20 11:16:50
u000396,visit,2026-05-28 13:53:40
u000396,signup,2026-05-29 06:44:26
u000396,activate,2026-05-30 17:35:41
u000397,visit,2026-04-09 10:29:41
u000398,visit,2026-04-24 01:59:36
u000398,signup,2026-04-24 12:09:58
u000399,visit,2025-12-30 11:39:44
u000400,visit,2026-01-17 22:21:30
u000400,signup,2026-01-19 10:33:31
u000401,visit,2026-05-09 16:09:51
u000401,signup,2026-05-10 10:39:37
u000401,activate,2026-05-18 15:53:33
u000401,purchase,2026-05-20 03:14:54
u000402,visit,2026-02-24 00:03:04
u000402,signup,2026-02-24 10:26:30
u000403,visit,2026-01-23 09:41:34
u000404,visit,2026-05-13 07:53:04
u000405,visit,2026-05-23 10:15:05
u000405,signup,2026-05-23 21:27:56
u000406,visit,2026-05-22 08:30:25
u000407,visit,2026-02-23 01:06:44
u000408,visit,2026-05-18 06:20:20
u000409,visit,2025-12-23 19:50:18
u000410,visit,2026-03-20 16:01:03
u000411,visit,2026-05-13 11:22:34
u000412,visit,2026-03-01 07:07:39
u000412,signup,2026-03-01 22:01:25
u000413,visit,2026-04-26 15:05:25
u000413,signup,2026-04-27 19:40:15
u000413,activate,2026-04-29 09:49:47
u000413,purchase,2026-04-30 11:17:31
u000414,visit,2026-01-27 19:11:04
u000414,signup,2026-01-28 10:27:37
u000414,activate,2026-01-31 19:34:31
u000415,visit,2026-03-08 02:45:06
u000416,visit,2025-12-18 22:58:36
u000417,visit,2025-12-17 16:17:47
u000417,signup,2025-12-19 02:08:05
u000418,visit,2026-05-23 09:20:57
u000419,visit,2026-02-14 11:11:54
u000419,signup,2026-02-15 04:57:37
u000420,visit,2026-05-26 00:33:18
u000420,signup,2026-05-26 16:09:48
u000420,activate,2026-05-30 21:47:30
u000421,visit,2025-12-06 01:40:00
u000421,signup,2025-12-06 12:03:47
u000422,visit,2025-12-22 11:25:59
u000422,signup,2025-12-22 16:41:49
u000423,visit,2026-03-18 00:39:21
u000424,visit,2026-02-06 02:10:11
u000424,signup,2026-02-07 16:32:42
u000424,activate,2026-02-12 15:14:52
u000424,purchase,2026-02-16 05:51:04
u000425,visit,2026-04-06 14:24:49
u000426,visit,2026-04-08 05:37:49
u000426,signup,2026-04-08 10:37:30
u000426,activate,2026-04-09 12:11:07
u000427,visit,2025-12-02 20:31:34
u000428,visit,2026-03-27 07:54:45
u000429,visit,2026-05-15 15:40:02
u000429,signup,2026-05-16 17:23:47
u000430,visit,2025-12-26 08:55:16
u000430,signup,2025-12-27 00:37:21
u000431,visit,2026-02-02 08:36:25
u000432,visit,2026-04-12 19:00:21
u000432,signup,2026-04-13 16:17:17
u000432,activate,2026-04-15 14:57:03
u000433,visit,2026-03-21 20:38:29
u000434,visit,2026-03-04 21:47:45
u000435,visit,2026-04-09 18:02:17
u000436,visit,2026-02-02 19:38:05
u000436,signup,2026-02-03 16:42:15
u000436,activate,2026-02-07 10:27:34
u000436,purchase,2026-02-15 16:39:11
u000437,visit,2026-02-09 13:33:59
u000438,visit,2026-05-16 19:19:12
u000439,visit,2025-12-24 02:16:05
u000440,visit,2026-04-14 02:30:01
u000440,signup,2026-04-15 11:49:13
u000440,activate,2026-04-15 17:20:26
u000441,visit,2026-05-23 16:09:45
u000442,visit,2026-01-18 16:48:54
u000443,visit,2026-02-08 00:41:21
u000444,visit,2025-12-26 18:54:13
u000444,signup,2025-12-28 09:06:49
u000444,activate,2025-12-28 13:22:03
u000444,purchase,2026-01-01 18:53:21
u000445,visit,2026-05-26 15:00:16
u000446,visit,2026-03-31 19:03:07
u000447,visit,2026-02-24 20:57:35
u000447,signup,2026-02-25 03:47:50
u000447,activate,2026-02-25 10:08:50
u000448,visit,2025-12-31 10:59:50
u000448,signup,2026-01-01 09:04:55
u000448,activate,2026-01-01 20:23:03
u000448,purchase,2026-01-04 03:48:04
u000449,visit,2025-12-11 00:15:25
u000450,visit,2026-04-11 18:41:30
u000451,visit,2025-12-25 18:49:10
u000452,visit,2025-12-14 12:31:09
u000453,visit,2026-05-25 08:08:26
u000454,visit,2025-12-25 03:57:53
u000455,visit,2026-02-22 06:32:54
u000456,visit,2026-03-24 23:51:49
u000456,signup,2026-03-26 19:43:12
u000456,activate,2026-03-28 13:21:24
u000457,visit,2026-01-23 05:10:10
u000458,visit,2026-01-24 17:52:00
u000459,visit,2026-02-01 12:18:43
u000459,signup,2026-02-03 07:58:57
u000459,activate,2026-02-05 17:06:22
u000459,purchase,2026-02-14 01:58:33
u000460,visit,2026-02-20 22:28:42
u000460,signup,2026-02-21 09:00:51
u000460,activate,2026-02-22 23:08:59
u000461,visit,2025-12-11 12:13:55
u000462,visit,2026-04-11 00:58:46
u000462,signup,2026-04-12 05:01:03
u000463,visit,2026-04-05 21:48:19
u000463,signup,2026-04-06 13:07:04
u000464,visit,2026-04-24 16:21:31
u000465,visit,2025-12-22 14:51:29
u000465,signup,2025-12-23 15:42:30
u000465,activate,2025-12-23 22:55:16
u000466,visit,2026-01-10 11:14:09
u000467,visit,2026-03-27 18:05:16
u000468,visit,2026-01-07 22:47:27
u000468,signup,2026-01-08 09:06:09
u000468,activate,2026-01-09 15:13:36
u000469,visit,2026-05-08 03:52:12
u000469,signup,2026-05-09 15:51:20
u000469,activate,2026-05-09 21:26:14
u000470,visit,2026-05-16 23:27:47
u000471,visit,2026-03-12 19:01:41
u000472,visit,2025-12-11 07:17:34
u000473,visit,2026-02-01 12:45:49
u000473,signup,2026-02-02 20:07:40
u000473,activate,2026-02-04 08:02:13
u000474,visit,2026-01-14 23:43:28
u000475,visit,2026-02-03 11:58:03
u000476,visit,2026-05-12 22:58:53
u000477,visit,2026-02-12 03:29:38
u000477,signup,2026-02-13 04:10:47
u000477,activate,2026-02-13 16:53:45
u000477,purchase,2026-02-16 21:36:09
u000478,visit,2026-01-02 23:47:37
u000479,visit,2026-03-11 10:43:21
u000480,visit,2026-02-22 07:16:47
u000480,signup,2026-02-22 22:30:02
u000480,activate,2026-02-26 04:12:07
u000481,visit,2026-02-07 01:27:31
u000481,signup,2026-02-08 23:58:13
u000481,activate,2026-02-09 10:22:46
u000482,visit,2026-03-18 05:50:52
u000483,visit,2025-12-20 09:17:02
u000483,signup,2025-12-21 00:41:06
u000483,activate,2025-12-22 18:41:49
u000484,visit,2026-05-30 09:26:59
u000485,visit,2026-03-09 14:21:03
u000486,visit,2026-04-16 13:19:28
u000487,visit,2026-05-10 16:06:33
u000487,signup,2026-05-11 00:18:10
u000488,visit,2026-01-11 13:02:03
u000489,visit,2026-05-15 11:28:02
u000489,signup,2026-05-16 23:06:09
u000489,activate,2026-05-18 10:45:27
u000490,visit,2026-03-15 06:01:06
u000491,visit,2026-03-23 20:39:33
u000492,visit,2026-05-10 08:43:30
u000492,signup,2026-05-11 16:25:50
u000493,visit,2026-01-04 23:51:36
u000494,visit,2026-05-25 23:13:37
u000494,signup,2026-05-26 20:13:00
u000495,visit,2025-12-16 03:30:45
u000495,signup,2025-12-17 09:33:45
u000496,visit,2026-05-13 06:47:06
u000497,visit,2026-05-19 05:14:57
u000498,visit,2026-01-01 08:58:06
u000498,signup,2026-01-02 23:39:40
u000498,activate,2026-01-04 03:40:03
u000499,visit,2026-05-17 04:01:29
u000499,signup,2026-05-17 07:37:48
u000499,activate,2026-05-20 04:43:01
u000499,purchase,2026-05-27 10:57:32
u000500,visit,2026-01-09 21:12:44
u000501,visit,2026-02-05 00:34:55
u000501,signup,2026-02-05 03:54:13
u000501,activate,2026-02-06 22:15:11
u000502,visit,2025-12-22 23:52:28
u000502,signup,2025-12-23 10:04:07
u000502,activate,2025-12-25 12:56:10
u000503,visit,2026-02-21 02:02:31
u000504,visit,2026-05-27 08:09:37
u000505,visit,2026-01-22 14:19:12
u000506,visit,2026-02-15 18:12:11
u000507,visit,2026-03-11 16:24:15
u000508,visit,2025-12-28 16:46:45
u000508,signup,2025-12-30 06:50:24
u000508,activate,2025-12-31 13:44:38
u000509,visit,2026-02-18 21:55:04
u000509,signup,2026-02-19 04:19:18
u000510,visit,2025-12-27 18:28:32
u000511,visit,2025-12-25 12:01:08
u000511,signup,2025-12-26 23:24:43
u000511,activate,2025-12-27 14:33:58
u000512,visit,2025-12-23 08:50:52
u000513,visit,2026-02-28 22:17:51
u000513,signup,2026-03-02 10:27:14
u000514,visit,2025-12-20 23:52:27
u000515,visit,2026-05-08 02:46:18
u000515,signup,2026-05-08 18:21:35
u000516,visit,2026-01-24 12:18:15
u000517,visit,2026-05-05 00:29:30
u000518,visit,2026-02-19 12:10:52
u000518,signup,2026-02-20 17:17:44
u000518,activate,2026-02-21 15:43:54
u000518,purchase,2026-02-24 15:54:02
u000519,visit,2026-05-20 13:45:23
u000520,visit,2026-05-25 04:13:25
u000521,visit,2026-04-28 21:58:03
u000521,signup,2026-04-29 19:09:56
u000522,visit,2025-12-14 22:58:55
u000523,visit,2026-04-28 18:23:12
u000523,signup,2026-04-30 00:01:06
u000524,visit,2026-03-24 15:09:17
u000525,visit,2026-01-06 01:50:31
u000526,visit,2026-02-11 00:35:50
u000527,visit,2026-01-13 21:38:03
u000528,visit,2026-02-14 05:27:20
u000528,signup,2026-02-14 20:54:32
u000529,visit,2026-03-03 22:33:14
u000529,signup,2026-03-05 17:32:49
u000530,visit,2025-12-10 10:55:49
u000530,signup,2025-12-10 23:47:22
u000531,visit,2026-03-17 05:37:05
u000531,signup,2026-03-19 00:53:21
u000531,activate,2026-03-20 02:28:13
u000532,visit,2026-05-02 21:15:57
u000533,visit,2025-12-26 22:41:38
u000533,signup,2025-12-28 04:42:32
u000533,activate,2025-12-28 20:42:03
u000534,visit,2025-12-17 10:34:03
u000534,signup,2025-12-17 13:19:24
u000534,activate,2025-12-20 15:15:07
u000534,purchase,2025-12-24 09:34:28
u000535,visit,2026-03-04 00:31:22
u000536,visit,2025-12-22 07:51:01
u000536,signup,2025-12-22 15:40:49
u000536,activate,2025-12-30 15:14:27
u000537,visit,2025-12-08 08:07:57
u000538,visit,2026-05-15 07:04:59
u000538,signup,2026-05-15 08:08:06
u000538,activate,2026-05-15 08:18:19
u000539,visit,2026-04-18 04:34:21
u000540,visit,2026-04-15 08:52:19
u000541,visit,2026-03-24 19:18:28
u000542,visit,2025-12-05 07:54:01
u000542,signup,2025-12-05 13:52:26
u000542,activate,2025-12-06 13:04:12
u000543,visit,2026-03-16 13:12:33
u000543,signup,2026-03-17 10:38:27
u000543,activate,2026-03-19 01:55:11
u000544,visit,2026-01-22 00:46:30
u000545,visit,2026-01-02 10:42:00
u000546,visit,2026-03-27 19:24:49
u000547,visit,2026-05-30 19:29:47
u000548,visit,2026-01-18 22:03:11
u000549,visit,2026-03-08 19:04:42
u000550,visit,2026-02-19 06:06:46
u000551,visit,2026-05-19 22:39:17
u000552,visit,2026-03-16 16:49:11
u000552,signup,2026-03-17 09:20:07
u000553,visit,2026-03-08 22:40:18
u000554,visit,2026-02-20 03:15:08
u000554,signup,2026-02-20 21:26:58
u000554,activate,2026-02-21 05:36:49
u000555,visit,2026-01-31 23:13:44
u000555,signup,2026-02-01 18:20:38
u000555,activate,2026-02-03 01:20:13
u000556,visit,2026-04-11 06:23:08
u000557,visit,2025-12-20 11:40:53
u000558,visit,2025-12-11 18:58:06
u000559,visit,2026-01-16 01:23:02
u000560,visit,2025-12-27 05:55:17
u000561,visit,2025-12-03 06:52:18
u000562,visit,2026-02-12 23:39:46
u000563,visit,2025-12-21 18:37:37
u000564,visit,2026-04-27 18:37:52
u000564,signup,2026-04-29 12:24:21
u000565,visit,2026-03-27 16:18:54
u000565,signup,2026-03-29 01:55:47
u000565,activate,2026-03-31 12:00:06
u000566,visit,2026-05-26 16:01:13
u000566,signup,2026-05-27 10:46:32
u000567,visit,2026-03-26 09:06:04
u000568,visit,2025-12-19 16:39:58
u000569,visit,2026-05-30 13:00:46
u000569,signup,2026-06-01 01:14:22
u000569,activate,2026-06-01 03:38:38
u000570,visit,2026-05-09 11:02:46
u000570,signup,2026-05-09 14:24:56
u000570,activate,2026-05-09 23:51:15
u000571,visit,2026-01-02 08:57:17
u000572,visit,2026-01-25 07:23:45
u000573,visit,2026-02-24 05:31:37
u000573,signup,2026-02-24 14:58:23
u000573,activate,2026-02-25 15:41:03
u000574,visit,2025-12-03 14:28:13
u000575,visit,2026-01-16 18:35:47
u000576,visit,2026-05-20 20:47:30
u000577,visit,2026-02-02 09:46:36
u000578,visit,2026-01-26 19:00:34
u000578,signup,2026-01-28 12:44:58
u000578,activate,2026-02-01 18:13:36
u000578,purchase,2026-02-04 14:23:55
u000579,visit,2026-01-28 05:32:51
u000580,visit,2026-01-23 16:53:43
u000581,visit,2026-04-08 05:40:26
u000582,visit,2026-01-08 16:06:10
u000583,visit,2026-05-09 16:28:07
u000584,visit,2026-05-30 20:28:54
u000585,visit,2025-12-17 17:54:27
u000585,signup,2025-12-19 03:55:18
u000586,visit,2026-04-15 02:12:16
u000587,visit,2026-02-04 08:18:43
u000588,visit,2026-05-15 15:43:38
u000589,visit,2026-04-02 06:52:15
u000589,signup,2026-04-02 17:18:18
u000590,visit,2026-05-22 20:23:19
u000590,signup,2026-05-23 13:52:11
u000590,activate,2026-05-25 08:04:13
u000591,visit,2026-04-05 03:55:00
u000592,visit,2026-02-04 23:38:09
u000593,visit,2025-12-05 23:11:08
u000594,visit,2025-12-11 10:00:44
u000595,visit,2026-01-25 23:21:12
u000596,visit,2026-03-30 16:49:05
u000596,signup,2026-03-31 11:57:55
u000596,activate,2026-03-31 16:42:38
u000596,purchase,2026-04-12 18:16:05
u000597,visit,2026-02-14 11:44:56
u000598,visit,2025-12-03 01:04:57
u000598,signup,2025-12-04 15:34:26
u000598,activate,2025-12-05 08:04:08
u000599,visit,2026-05-24 04:11:34
u000599,signup,2026-05-24 17:24:46
u000600,visit,2025-12-06 06:43:22
u000600,signup,2025-12-06 23:01:32
u000601,visit,2026-01-03 09:13:24
u000601,signup,2026-01-04 03:37:25
u000602,visit,2025-12-04 14:17:03
u000603,visit,2026-04-26 15:12:49
u000604,visit,2026-05-18 10:09:16
u000605,visit,2026-03-15 22:37:46
u000606,visit,2026-01-11 18:30:02
u000607,visit,2026-01-04 21:27:40
u000608,visit,2026-01-17 04:20:53
u000609,visit,2026-04-02 20:30:57
u000609,signup,2026-04-04 11:49:48
u000609,activate,2026-04-06 18:03:59
u000610,visit,2026-05-11 22:39:59
u000610,signup,2026-05-11 23:21:42
u000611,visit,2025-12-22 11:31:50
u000611,signup,2025-12-23 18:12:33
u000611,activate,2025-12-25 12:26:37
u000611,purchase,2025-12-31 13:46:16
u000612,visit,2026-04-02 02:55:07
u000612,signup,2026-04-02 10:04:30
u000612,activate,2026-04-03 17:04:09
u000612,purchase,2026-04-08 22:18:55
u000613,visit,2026-01-20 07:38:03
u000614,visit,2025-12-19 06:27:22
u000615,visit,2026-02-25 16:33:41
u000616,visit,2026-05-12 02:46:03
u000617,visit,2025-12-05 15:09:20
u000618,visit,2026-05-06 01:19:37
u000619,visit,2026-01-23 10:33:27
u000620,visit,2026-04-13 02:18:09
u000620,signup,2026-04-15 01:46:43
u000621,visit,2026-02-22 16:29:52
u000622,visit,2025-12-22 04:42:53
u000623,visit,2025-12-20 05:27:51
u000623,signup,2025-12-20 05:41:45
u000624,visit,2026-04-08 13:32:23
u000625,visit,2026-04-27 15:23:15
u000625,signup,2026-04-29 10:08:56
u000626,visit,2026-03-08 02:54:33
u000627,visit,2025-12-10 15:22:41
u000628,visit,2025-12-07 06:42:26
u000629,visit,2026-04-29 23:20:57
u000629,signup,2026-04-30 19:46:29
u000630,visit,2025-12-25 18:13:02
u000630,signup,2025-12-26 12:58:22
u000631,visit,2026-05-10 16:21:00
u000632,visit,2026-04-28 16:51:54
u000632,signup,2026-04-29 08:10:46
u000633,visit,2025-12-04 23:40:48
u000633,signup,2025-12-06 04:26:58
u000633,activate,2025-12-06 18:04:36
u000634,visit,2026-01-05 22:42:56
u000635,visit,2026-04-10 13:02:53
u000635,signup,2026-04-11 22:57:14
u000635,activate,2026-04-12 06:39:34
u000636,visit,2026-05-03 02:08:18
u000636,signup,2026-05-04 10:20:29
u000636,activate,2026-05-05 05:52:59
u000637,visit,2026-03-29 06:41:43
u000637,signup,2026-03-30 20:52:01
u000637,activate,2026-04-01 07:21:50
u000637,purchase,2026-04-05 21:23:08
u000638,visit,2026-02-27 23:25:04
u000638,signup,2026-02-28 15:53:18
u000638,activate,2026-02-28 20:55:13
u000638,purchase,2026-03-06 15:03:29
u000639,visit,2026-04-03 12:39:51
u000639,signup,2026-04-03 16:52:16
u000639,activate,2026-04-08 09:40:36
u000639,purchase,2026-05-15 16:20:11
u000640,visit,2026-01-17 10:49:45
u000641,visit,2026-04-28 22:07:39
u000641,signup,2026-04-30 05:42:34
u000641,activate,2026-04-30 20:18:13
u000642,visit,2026-03-08 13:15:02
u000642,signup,2026-03-09 09:51:22
u000642,activate,2026-03-12 01:24:49
u000643,visit,2026-02-05 14:52:04
u000643,signup,2026-02-06 13:41:21
u000643,activate,2026-02-08 15:48:18
u000643,purchase,2026-02-22 06:18:17
u000644,visit,2026-02-08 02:00:30
u000644,signup,2026-02-08 20:38:05
u000644,activate,2026-02-09 09:15:22
u000644,purchase,2026-02-11 17:46:35
u000645,visit,2026-02-26 10:13:31
u000646,visit,2026-02-26 04:12:59
u000647,visit,2026-02-27 23:30:50
u000647,signup,2026-03-01 22:41:50
u000648,visit,2026-03-06 16:02:37
u000649,visit,2025-12-22 16:58:57
u000650,visit,2026-03-01 08:26:09
u000650,signup,2026-03-01 10:26:17
u000650,activate,2026-03-01 16:00:51
u000651,visit,2026-03-26 07:49:27
u000651,signup,2026-03-26 07:52:57
u000652,visit,2025-12-25 02:22:56
u000652,signup,2025-12-26 21:05:24
u000652,activate,2025-12-31 10:03:42
u000653,visit,2026-05-08 21:11:04
u000653,signup,2026-05-09 19:04:21
u000653,activate,2026-05-13 19:39:57
u000654,visit,2026-04-18 11:55:24
u000654,signup,2026-04-19 17:07:25
u000654,activate,2026-04-21 01:44:21
u000654,purchase,2026-04-29 19:19:22
u000655,visit,2025-12-23 07:27:59
u000655,signup,2025-12-25 06:10:09
u000655,activate,2025-12-26 08:36:47
u000655,purchase,2026-01-23 08:25:47
u000656,visit,2026-02-21 10:54:18
u000657,visit,2026-04-23 03:35:28
u000658,visit,2026-02-27 05:19:45
u000658,signup,2026-02-27 07:42:52
u000658,activate,2026-03-01 09:33:38
u000659,visit,2026-04-06 21:27:56
u000659,signup,2026-04-08 00:56:17
u000659,activate,2026-04-10 16:48:49
u000660,visit,2026-05-08 16:24:52
u000660,signup,2026-05-10 12:54:28
u000661,visit,2026-04-08 21:32:47
u000661,signup,2026-04-09 21:22:31
u000662,visit,2026-05-22 18:52:04
u000662,signup,2026-05-23 01:59:38
u000663,visit,2026-05-27 18:02:44
u000663,signup,2026-05-29 06:49:25
u000663,activate,2026-06-02 09:01:23
u000664,visit,2026-01-18 20:48:45
u000665,visit,2026-04-09 08:53:46
u000665,signup,2026-04-09 18:28:56
u000665,activate,2026-04-16 05:26:25
u000665,purchase,2026-05-02 00:47:50
u000666,visit,2025-12-07 07:10:13
u000666,signup,2025-12-07 11:28:40
u000667,visit,2026-04-06 19:57:08
u000668,visit,2026-02-08 15:06:19
u000669,visit,2026-04-25 02:57:40
u000670,visit,2026-01-21 06:11:32
u000671,visit,2026-05-01 23:40:48
u000671,signup,2026-05-02 12:02:22
u000671,activate,2026-05-02 13:01:30
u000672,visit,2025-12-15 21:36:19
u000672,signup,2025-12-17 12:07:19
u000672,activate,2025-12-17 22:10:36
u000673,visit,2026-04-28 00:06:39
u000673,signup,2026-04-29 03:56:45
u000673,activate,2026-04-30 17:54:48
u000674,visit,2026-01-17 00:15:06
u000674,signup,2026-01-17 12:07:53
u000674,activate,2026-01-18 20:10:55
u000675,visit,2026-04-06 00:11:09
u000676,visit,2026-01-10 21:10:24
u000676,signup,2026-01-11 15:29:51
u000676,activate,2026-01-18 01:13:24
u000676,purchase,2026-01-21 01:06:01
u000677,visit,2026-05-21 21:01:40
u000678,visit,2025-12-12 02:30:10
u000678,signup,2025-12-13 09:44:20
u000678,activate,2025-12-18 12:49:45
u000678,purchase,2025-12-30 22:59:04
u000679,visit,2026-02-21 12:33:42
u000680,visit,2026-05-27 11:08:34
u000680,signup,2026-05-28 00:04:13
u000680,activate,2026-06-03 05:57:13
u000681,visit,2026-05-30 23:55:16
u000682,visit,2026-03-07 09:39:32
u000682,signup,2026-03-08 00:15:13
u000683,visit,2026-04-27 00:37:54
u000684,visit,2025-12-21 09:43:57
u000684,signup,2025-12-21 10:55:20
u000685,visit,2026-01-13 10:35:52
u000685,signup,2026-01-14 03:25:09
u000685,activate,2026-01-14 15:04:06
u000686,visit,2026-05-27 17:13:37
u000687,visit,2026-01-22 16:49:26
u000688,visit,2026-04-22 02:14:43
u000689,visit,2026-04-09 18:32:16
u000690,visit,2026-04-08 20:44:57
u000690,signup,2026-04-09 16:33:38
u000691,visit,2026-02-02 07:45:15
u000691,signup,2026-02-03 05:56:32
u000692,visit,2025-12-27 22:17:35
u000692,signup,2025-12-29 16:56:14
u000692,activate,2025-12-29 19:17:37
u000692,purchase,2026-01-30 22:23:39
u000693,visit,2026-04-18 13:29:06
u000693,signup,2026-04-20 01:29:37
u000693,activate,2026-04-20 05:06:39
u000694,visit,2026-05-28 04:35:53
u000694,signup,2026-05-29 18:45:43
u000694,activate,2026-05-30 15:17:49
u000695,visit,2026-01-01 23:44:23
u000696,visit,2026-02-22 00:15:45
u000697,visit,2026-04-23 13:44:49
u000698,visit,2025-12-28 22:22:27
u000699,visit,2026-03-08 16:34:37
u000700,visit,2026-01-16 23:31:02
u000701,visit,2025-12-02 17:38:02
u000702,visit,2026-01-08 19:37:01
u000703,visit,2026-04-23 05:45:12
u000704,visit,2025-12-07 04:35:13
u000705,visit,2026-05-09 11:04:32
u000705,signup,2026-05-10 23:40:25
u000705,activate,2026-05-11 01:57:02
u000705,purchase,2026-05-11 23:54:53
u000706,visit,2025-12-28 14:47:53
u000706,signup,2025-12-30 09:58:11
u000707,visit,2026-03-01 02:16:08
u000707,signup,2026-03-01 09:32:58
u000707,activate,2026-03-04 08:52:40
u000707,purchase,2026-03-13 16:01:41
u000708,visit,2026-05-07 16:17:47
u000709,visit,2026-02-03 06:19:51
u000710,visit,2026-01-26 12:41:42
u000710,signup,2026-01-28 08:08:53
u000710,activate,2026-01-29 19:32:05
u000710,purchase,2026-01-30 17:02:22
u000711,visit,2026-01-14 05:15:37
u000712,visit,2026-03-26 05:21:35
u000712,signup,2026-03-27 10:54:24
u000712,activate,2026-03-27 12:16:53
u000712,purchase,2026-04-02 21:43:36
u000713,visit,2026-04-11 09:26:32
u000713,signup,2026-04-11 14:33:09
u000714,visit,2026-04-26 17:07:16
u000715,visit,2026-02-11 00:39:56
u000716,visit,2026-03-06 21:40:35
u000716,signup,2026-03-07 20:19:43
u000716,activate,2026-03-09 08:34:28
u000717,visit,2026-01-19 07:47:11
u000717,signup,2026-01-20 10:28:53
u000717,activate,2026-01-23 09:43:33
u000717,purchase,2026-02-12 08:57:27
u000718,visit,2026-01-27 10:11:46
u000718,signup,2026-01-28 02:21:59
u000719,visit,2026-05-05 09:48:02
u000720,visit,2025-12-26 00:51:20
u000721,visit,2026-01-05 19:56:33
u000721,signup,2026-01-07 18:37:10
u000721,activate,2026-01-10 12:22:04
u000721,purchase,2026-01-18 07:03:28
u000722,visit,2026-01-20 17:55:11
u000722,signup,2026-01-22 01:25:24
u000723,visit,2026-01-05 23:18:03
u000723,signup,2026-01-07 00:15:18
u000723,activate,2026-01-11 22:51:42
u000723,purchase,2026-02-04 00:16:58
u000724,visit,2026-03-11 11:41:31
u000724,signup,2026-03-11 12:33:30
u000724,activate,2026-03-16 12:11:11
u000725,visit,2026-02-03 05:37:07
u000726,visit,2026-01-22 04:44:05
u000726,signup,2026-01-23 06:27:02
u000726,activate,2026-01-24 22:04:04
u000727,visit,2025-12-15 11:00:25
u000728,visit,2026-02-09 14:16:26
u000729,visit,2025-12-29 08:03:04
u000729,signup,2025-12-29 11:05:08
u000729,activate,2025-12-30 18:44:48
u000730,visit,2026-02-07 11:39:29
u000731,visit,2026-03-28 07:20:36
u000731,signup,2026-03-28 19:38:20
u000732,visit,2026-04-30 10:30:27
u000733,visit,2026-04-09 22:38:57
u000733,signup,2026-04-10 06:58:28
u000734,visit,2026-03-11 10:59:26
u000734,signup,2026-03-12 17:38:32
u000735,visit,2026-01-13 08:51:45
u000736,visit,2026-03-31 06:08:43
u000736,signup,2026-04-01 10:40:59
u000736,activate,2026-04-01 13:06:24
u000736,purchase,2026-04-04 15:15:28
u000737,visit,2026-02-16 17:37:53
u000738,visit,2025-12-24 20:40:07
u000738,signup,2025-12-25 18:17:59
u000738,activate,2025-12-25 23:10:33
u000739,visit,2026-05-06 19:06:43
u000740,visit,2026-02-06 11:40:37
u000740,signup,2026-02-06 14:00:27
u000741,visit,2025-12-05 16:24:18
u000742,visit,2026-01-15 18:43:32
u000743,visit,2026-01-19 21:26:13
u000743,signup,2026-01-19 21:34:36
u000743,activate,2026-01-20 08:22:38
u000743,purchase,2026-01-26 12:59:40
u000744,visit,2026-05-16 01:38:40
u000745,visit,2026-03-01 12:33:38
u000746,visit,2026-05-22 19:58:26
u000747,visit,2026-02-14 08:48:59
u000748,visit,2025-12-08 06:53:45
u000748,signup,2025-12-09 07:55:23
u000748,activate,2025-12-18 08:08:07
u000748,purchase,2025-12-24 10:12:33
u000749,visit,2025-12-22 00:57:52
u000749,signup,2025-12-22 07:40:57
u000749,activate,2025-12-27 23:29:10
u000750,visit,2025-12-17 02:00:56
u000751,visit,2026-01-30 10:23:38
u000751,signup,2026-01-30 10:34:06
u000752,visit,2026-02-01 17:20:13
u000752,signup,2026-02-02 04:03:23
u000752,activate,2026-02-03 15:53:38
u000753,visit,2026-02-05 12:38:26
u000754,visit,2026-01-03 06:23:06
u000755,visit,2025-12-19 07:26:32
u000756,visit,2026-04-06 01:34:29
u000756,signup,2026-04-06 23:26:48
u000756,activate,2026-04-07 02:42:53
u000756,purchase,2026-04-09 16:20:25
u000757,visit,2026-03-24 06:44:43
u000757,signup,2026-03-25 16:15:17
u000757,activate,2026-03-28 11:49:32
u000758,visit,2026-03-22 12:45:38
u000759,visit,2025-12-27 17:32:52
u000760,visit,2026-02-27 09:43:05
u000761,visit,2026-04-18 12:26:16
u000762,visit,2026-05-06 12:35:00
u000763,visit,2026-04-07 04:46:16
u000764,visit,2026-02-14 05:58:00
u000765,visit,2026-03-08 15:01:09
u000765,signup,2026-03-10 06:56:17
u000766,visit,2026-05-06 14:55:19
u000767,visit,2026-01-17 09:48:17
u000768,visit,2026-04-01 21:06:50
u000768,signup,2026-04-03 14:04:24
u000768,activate,2026-04-03 23:35:26
u000769,visit,2026-04-04 06:58:16
u000770,visit,2025-12-02 17:54:55
u000771,visit,2026-01-06 03:50:24
u000771,signup,2026-01-07 05:46:20
u000771,activate,2026-01-07 06:15:18
u000772,visit,2026-05-19 19:42:53
u000773,visit,2026-02-22 01:05:50
u000773,signup,2026-02-23 02:06:25
u000773,activate,2026-02-23 03:14:00
u000774,visit,2026-03-31 22:30:58
u000775,visit,2026-03-14 08:22:41
u000776,visit,2025-12-13 15:43:08
u000776,signup,2025-12-15 06:17:38
u000777,visit,2026-04-03 02:51:05
u000777,signup,2026-04-03 19:51:48
u000778,visit,2026-05-23 12:24:50
u000779,visit,2026-01-30 15:39:00
u000780,visit,2025-12-02 19:44:19
u000780,signup,2025-12-04 17:33:22
u000780,activate,2025-12-05 22:54:07
u000781,visit,2025-12-06 23:22:09
u000781,signup,2025-12-08 12:26:03
u000782,visit,2026-03-18 15:36:19
u000782,signup,2026-03-20 08:49:09
u000782,activate,2026-03-25 07:03:01
u000782,purchase,2026-04-16 04:02:17
u000783,visit,2026-02-22 08:51:38
u000784,visit,2026-01-14 23:17:06
u000784,signup,2026-01-16 11:16:19
u000784,activate,2026-01-24 05:53:46
u000784,purchase,2026-01-30 02:56:27
u000785,visit,2026-04-23 19:36:28
u000786,visit,2026-01-05 05:11:29
u000787,visit,2026-02-03 12:32:31
u000787,signup,2026-02-04 00:28:45
u000787,activate,2026-02-08 21:47:29
u000788,visit,2026-01-12 08:55:33
u000788,signup,2026-01-12 12:08:09
u000788,activate,2026-01-16 01:22:58
u000788,purchase,2026-01-18 12:51:02
u000789,visit,2026-04-12 12:19:58
u000789,signup,2026-04-14 12:14:33
u000790,visit,2026-04-21 20:59:26
u000791,visit,2026-02-03 00:16:25
u000791,signup,2026-02-03 14:33:17
u000791,activate,2026-02-03 23:22:17
u000792,visit,2026-05-27 20:46:32
u000792,signup,2026-05-28 03:21:17
u000793,visit,2026-03-29 06:55:47
u000794,visit,2026-01-27 06:35:25
u000794,signup,2026-01-28 23:56:24
u000794,activate,2026-02-01 00:58:54
u000794,purchase,2026-02-16 03:33:05
u000795,visit,2026-04-12 03:34:28
u000795,signup,2026-04-12 07:03:43
u000795,activate,2026-04-14 02:37:08
u000796,visit,2025-12-31 16:19:51
u000796,signup,2026-01-02 13:50:27
u000796,activate,2026-01-04 09:00:10
u000797,visit,2025-12-20 14:22:15
u000797,signup,2025-12-20 18:25:27
u000798,visit,2025-12-15 09:51:48
u000799,visit,2026-03-21 16:10:48
u000799,signup,2026-03-23 13:14:32
u000799,activate,2026-03-23 16:50:23
u000800,visit,2025-12-03 09:44:42
u000800,signup,2025-12-04 17:21:11
u000800,activate,2025-12-08 20:10:14
u000801,visit,2025-12-26 08:59:06
u000802,visit,2026-05-03 15:12:45
u000802,signup,2026-05-04 03:52:09
u000803,visit,2026-03-14 04:54:43
u000803,signup,2026-03-15 18:10:48
u000804,visit,2026-05-08 20:11:59
u000804,signup,2026-05-09 01:03:24
u000804,activate,2026-05-11 07:12:35
u000804,purchase,2026-05-12 16:39:12
u000805,visit,2026-01-20 01:58:47
u000806,visit,2026-02-18 10:50:48
u000806,signup,2026-02-19 04:42:34
u000806,activate,2026-02-20 22:08:55
u000807,visit,2026-05-26 00:04:42
u000808,visit,2026-02-17 11:24:48
u000809,visit,2026-04-27 20:06:46
u000810,visit,2025-12-13 22:41:52
u000811,visit,2026-03-17 05:14:01
u000811,signup,2026-03-18 03:08:23
u000812,visit,2026-05-30 08:27:42
u000813,visit,2026-01-14 07:14:43
u000813,signup,2026-01-14 08:05:35
u000813,activate,2026-01-15 12:28:27
u000813,purchase,2026-01-15 14:41:12
u000814,visit,2026-01-14 23:35:56
u000814,signup,2026-01-16 19:28:34
u000815,visit,2025-12-02 20:45:48
u000816,visit,2026-01-28 16:30:52
u000816,signup,2026-01-30 06:51:05
u000816,activate,2026-02-01 00:55:01
u000817,visit,2026-02-09 01:26:46
u000817,signup,2026-02-10 15:41:26
u000817,activate,2026-02-12 13:16:10
u000817,purchase,2026-02-13 09:25:29
u000818,visit,2026-01-06 21:18:04
u000819,visit,2026-02-07 08:17:23
u000820,visit,2026-03-02 23:09:33
u000821,visit,2026-05-04 11:55:55
u000822,visit,2026-02-01 12:31:28
u000823,visit,2026-01-02 12:40:08
u000824,visit,2025-12-16 00:17:37
u000825,visit,2026-03-07 13:39:30
u000826,visit,2026-05-14 18:12:09
u000826,signup,2026-05-15 18:19:10
u000827,visit,2026-02-26 18:43:31
u000828,visit,2026-04-09 02:46:41
u000829,visit,2025-12-19 08:12:18
u000829,signup,2025-12-20 02:34:27
u000830,visit,2025-12-06 01:34:55
u000831,visit,2026-04-11 11:12:20
u000832,visit,2025-12-29 23:13:53
u000832,signup,2025-12-31 16:17:26
u000833,visit,2026-01-22 07:44:25
u000834,visit,2026-01-03 05:09:52
u000835,visit,2026-01-03 04:51:36
u000835,signup,2026-01-04 08:15:49
u000835,activate,2026-01-04 23:19:31
u000836,visit,2026-05-14 03:33:58
u000837,visit,2026-01-04 20:28:25
u000838,visit,2026-03-21 05:07:34
u000838,signup,2026-03-22 07:12:34
u000838,activate,2026-03-26 19:53:55
u000838,purchase,2026-03-28 17:36:34
u000839,visit,2025-12-13 08:11:19
u000840,visit,2026-04-30 15:26:29
u000841,visit,2026-02-21 04:41:03
u000842,visit,2026-02-15 05:53:25
u000842,signup,2026-02-15 16:09:06
u000843,visit,2025-12-11 10:33:41
u000843,signup,2025-12-12 20:39:17
u000843,activate,2025-12-20 14:07:05
u000844,visit,2026-05-27 14:25:46
u000845,visit,2026-05-21 12:53:16
u000845,signup,2026-05-23 01:46:45
u000846,visit,2026-03-06 06:15:33
u000847,visit,2026-04-05 05:30:56
u000848,visit,2026-02-16 09:42:15
u000849,visit,2026-05-25 03:21:30
u000849,signup,2026-05-26 06:02:07
u000849,activate,2026-05-27 16:38:40
u000850,visit,2026-04-29 10:25:08
u000850,signup,2026-04-30 09:18:36
u000850,activate,2026-04-30 22:35:44
u000850,purchase,2026-05-01 02:46:07
u000851,visit,2026-01-14 14:19:31
u000851,signup,2026-01-15 04:55:55
u000852,visit,2026-02-13 18:40:02
u000852,signup,2026-02-14 12:01:13
u000852,activate,2026-02-16 17:46:22
u000853,visit,2026-05-22 20:20:32
u000853,signup,2026-05-23 03:40:11
u000853,activate,2026-05-26 05:57:06
u000854,visit,2025-12-16 20:07:58
u000855,visit,2025-12-12 18:46:38
u000856,visit,2026-01-20 15:36:26
u000857,visit,2026-03-05 13:36:40
u000858,visit,2026-03-31 07:26:40
u000859,visit,2026-04-06 16:25:28
u000860,visit,2026-01-30 03:20:01
u000860,signup,2026-02-01 02:50:21
u000861,visit,2026-01-17 02:12:43
u000862,visit,2026-05-07 08:41:18
u000862,signup,2026-05-07 18:18:16
u000862,activate,2026-05-09 20:28:38
u000863,visit,2026-05-02 11:15:53
u000863,signup,2026-05-02 13:35:03
u000864,visit,2026-04-14 21:51:34
u000864,signup,2026-04-16 19:41:50
u000865,visit,2026-03-24 14:46:04
u000866,visit,2025-12-08 14:22:07
u000867,visit,2025-12-27 11:20:21
u000868,visit,2026-02-05 12:11:42
u000869,visit,2025-12-14 21:48:48
u000870,visit,2026-02-16 05:19:00
u000871,visit,2026-02-10 22:38:22
u000872,visit,2026-02-11 20:58:48
u000872,signup,2026-02-13 08:01:55
u000872,activate,2026-02-14 11:14:51
u000873,visit,2026-01-07 08:45:29
u000874,visit,2026-01-13 03:00:52
u000875,visit,2026-05-14 02:19:22
u000875,signup,2026-05-15 03:26:58
u000875,activate,2026-05-16 01:10:09
u000875,purchase,2026-05-16 11:11:12
u000876,visit,2026-04-17 19:12:55
u000877,visit,2026-02-16 04:05:41
u000877,signup,2026-02-17 19:59:05
u000877,activate,2026-02-17 22:58:13
u000878,visit,2025-12-04 11:39:45
u000878,signup,2025-12-06 04:45:21
u000878,activate,2025-12-07 18:33:52
u000879,visit,2026-05-10 20:03:53
u000879,signup,2026-05-12 11:24:27
u000879,activate,2026-05-13 02:06:09
u000880,visit,2025-12-06 04:59:41
u000881,visit,2026-04-22 19:12:13
u000881,signup,2026-04-23 19:47:44
u000881,activate,2026-04-25 02:45:08
u000882,visit,2026-02-22 12:05:20
u000882,signup,2026-02-24 12:02:29
u000882,activate,2026-03-05 11:29:12
u000883,visit,2025-12-22 20:32:04
u000884,visit,2026-05-14 00:50:59
u000884,signup,2026-05-14 10:56:45
u000884,activate,2026-05-16 13:07:48
u000885,visit,2026-02-24 18:09:28
u000885,signup,2026-02-24 21:16:29
u000885,activate,2026-02-24 21:22:50
u000885,purchase,2026-02-28 20:03:04
u000886,visit,2026-02-25 13:12:00
u000887,visit,2026-02-17 04:19:45
u000887,signup,2026-02-17 23:18:06
u000888,visit,2026-05-28 18:20:04
u000889,visit,2025-12-15 03:19:38
u000890,visit,2026-04-05 15:55:52
u000891,visit,2026-05-27 05:10:19
u000892,visit,2026-03-20 04:37:39
u000893,visit,2026-01-16 14:10:09
u000893,signup,2026-01-17 00:38:50
u000893,activate,2026-01-18 17:00:47
u000894,visit,2026-01-31 16:53:59
u000894,signup,2026-01-31 23:06:32
u000895,visit,2025-12-16 21:10:10
u000895,signup,2025-12-17 23:37:26
u000895,activate,2025-12-18 22:00:19
u000896,visit,2026-01-20 19:41:16
u000897,visit,2026-01-02 23:26:24
u000898,visit,2026-05-12 22:58:55
u000899,visit,2026-01-11 05:56:56
u000899,signup,2026-01-12 17:53:07
u000900,visit,2025-12-11 11:22:26
u000900,signup,2025-12-13 04:48:49
u000901,visit,2026-05-10 09:32:27
u000901,signup,2026-05-10 19:10:23
u000901,activate,2026-05-11 03:56:01
u000901,purchase,2026-05-17 16:42:00
u000902,visit,2026-05-20 17:08:47
u000902,signup,2026-05-22 04:57:14
u000902,activate,2026-05-22 09:56:34
u000903,visit,2026-01-14 00:29:01
u000903,signup,2026-01-15 17:13:53
u000904,visit,2026-05-04 17:19:56
u000905,visit,2026-05-01 08:35:39
u000906,visit,2026-03-26 12:46:41
u000907,visit,2026-03-15 11:30:05
u000907,signup,2026-03-15 12:07:47
u000907,activate,2026-03-15 19:12:58
u000908,visit,2026-01-03 06:12:17
u000908,signup,2026-01-04 08:55:57
u000909,visit,2026-01-10 23:18:14
u000909,signup,2026-01-11 20:40:29
u000909,activate,2026-01-12 22:31:56
u000909,purchase,2026-01-22 15:42:28
u000910,visit,2026-04-03 04:04:53
u000910,signup,2026-04-03 20:29:38
u000911,visit,2025-12-31 23:08:06
u000912,visit,2026-03-31 11:42:14
u000912,signup,2026-04-01 14:51:37
u000913,visit,2026-05-19 16:33:47
u000913,signup,2026-05-20 11:55:16
u000913,activate,2026-05-21 01:43:06
u000914,visit,2025-12-03 12:25:29
u000915,visit,2026-02-02 03:27:57
u000916,visit,2025-12-29 03:33:21
u000916,signup,2025-12-29 14:07:52
u000916,activate,2026-01-04 11:49:20
u000917,visit,2026-03-29 18:33:15
u000917,signup,2026-03-31 15:29:48
u000917,activate,2026-04-01 04:52:59
u000917,purchase,2026-04-10 09:01:16
u000918,visit,2026-04-20 05:27:08
u000919,visit,2025-12-14 20:06:20
u000920,visit,2025-12-07 06:39:55
u000921,visit,2026-01-27 10:44:52
u000922,visit,2026-01-05 19:43:45
u000923,visit,2026-02-26 20:53:34
u000924,visit,2026-03-06 15:55:57
u000924,signup,2026-03-08 07:04:48
u000925,visit,2026-04-28 06:56:04
u000925,signup,2026-04-29 00:24:06
u000926,visit,2026-05-25 09:55:04
u000927,visit,2026-05-29 16:13:28
u000928,visit,2026-05-18 10:18:57
u000928,signup,2026-05-18 15:26:16
u000928,activate,2026-05-18 18:18:24
u000928,purchase,2026-05-18 18:51:22
u000929,visit,2026-03-06 01:44:53
u000930,visit,2025-12-20 10:24:38
u000930,signup,2025-12-21 20:29:23
u000930,activate,2025-12-24 01:16:21
u000931,visit,2026-04-02 15:16:01
u000931,signup,2026-04-03 03:24:55
u000931,activate,2026-04-03 22:09:55
u000931,purchase,2026-04-15 15:41:48
u000932,visit,2026-04-10 11:27:51
u000933,visit,2026-04-29 21:03:36
u000934,visit,2026-05-27 06:20:06
u000935,visit,2026-01-18 02:01:13
u000936,visit,2026-02-19 00:14:54
u000936,signup,2026-02-20 05:05:01
u000936,activate,2026-02-23 20:56:48
u000936,purchase,2026-02-26 23:02:47
u000937,visit,2026-03-09 14:54:42
u000938,visit,2026-02-03 12:56:53
u000939,visit,2026-01-30 12:42:17
u000939,signup,2026-02-01 01:04:58
u000939,activate,2026-02-02 08:39:27
u000939,purchase,2026-02-02 20:11:13
u000940,visit,2026-03-17 17:24:26
u000940,signup,2026-03-19 05:38:40
u000940,activate,2026-03-23 00:52:06
u000941,visit,2026-01-08 12:30:56
u000941,signup,2026-01-08 20:55:28
u000941,activate,2026-01-08 23:44:05
u000942,visit,2026-05-13 11:46:04
u000943,visit,2025-12-28 01:55:41
u000944,visit,2026-04-04 22:00:41
u000945,visit,2026-01-12 11:37:53
u000946,visit,2026-01-24 05:20:51
u000947,visit,2026-03-16 22:29:57
u000947,signup,2026-03-17 14:50:11
u000947,activate,2026-03-18 13:10:00
u000948,visit,2026-03-07 20:13:08
u000949,visit,2026-05-15 07:07:27
u000949,signup,2026-05-17 03:06:09
u000949,activate,2026-05-20 03:43:40
u000949,purchase,2026-05-26 07:54:30
u000950,visit,2026-03-05 03:44:26
u000950,signup,2026-03-06 04:17:27
u000950,activate,2026-03-07 09:56:14
u000950,purchase,2026-03-16 09:54:18
u000951,visit,2025-12-09 12:56:55
u000951,signup,2025-12-09 15:23:41
u000951,activate,2025-12-10 07:22:29
u000952,visit,2026-05-11 06:55:50
u000953,visit,2026-03-20 21:17:54
u000953,signup,2026-03-21 19:20:49
u000954,visit,2026-03-20 05:53:00
u000955,visit,2026-05-07 09:39:17
u000956,visit,2026-04-22 07:56:06
u000956,signup,2026-04-22 08:40:31
u000957,visit,2025-12-08 11:45:56
u000957,signup,2025-12-09 12:19:23
u000957,activate,2025-12-09 13:28:43
u000957,purchase,2025-12-29 17:12:05
u000958,visit,2026-04-25 12:43:40
u000959,visit,2026-03-20 20:54:00
u000960,visit,2026-04-02 03:54:32
u000960,signup,2026-04-03 16:30:00
u000961,visit,2025-12-19 10:18:11
u000962,visit,2026-05-04 04:38:30
u000963,visit,2025-12-05 18:00:31
u000963,signup,2025-12-06 06:56:13
u000963,activate,2025-12-07 22:22:36
u000964,visit,2025-12-15 06:35:00
u000964,signup,2025-12-15 12:06:12
u000964,activate,2025-12-19 01:55:22
u000964,purchase,2025-12-26 00:33:48
u000965,visit,2025-12-19 07:07:09
u000966,visit,2026-04-27 05:21:30
u000967,visit,2026-03-01 13:45:17
u000968,visit,2026-02-15 09:33:25
u000968,signup,2026-02-17 07:42:18
u000969,visit,2026-03-03 11:02:46
u000969,signup,2026-03-04 14:59:29
u000969,activate,2026-03-07 13:58:33
u000969,purchase,2026-03-12 11:52:04
u000970,visit,2026-04-26 02:41:43
u000971,visit,2026-05-14 11:11:36
u000972,visit,2026-01-23 22:41:17
u000973,visit,2026-04-25 15:12:46
u000973,signup,2026-04-26 07:27:15
u000974,visit,2026-02-01 16:37:49
u000974,signup,2026-02-03 04:57:15
u000975,visit,2026-03-14 12:05:12
u000975,signup,2026-03-15 12:43:26
u000976,visit,2025-12-02 01:59:51
u000976,signup,2025-12-03 02:43:37
u000976,activate,2025-12-03 13:18:11
u000977,visit,2026-05-23 20:54:51
u000978,visit,2026-05-09 06:02:11
u000978,signup,2026-05-11 00:27:55
u000979,visit,2026-05-30 13:34:26
u000980,visit,2026-04-11 08:35:47
u000981,visit,2026-03-02 07:00:51
u000981,signup,2026-03-03 10:47:45
u000981,activate,2026-03-06 02:04:12
u000982,visit,2026-01-03 19:39:34
u000982,signup,2026-01-04 13:59:01
u000983,visit,2026-01-28 16:22:05
u000984,visit,2026-01-06 22:51:09
u000985,visit,2026-05-01 09:05:09
u000986,visit,2025-12-28 05:44:34
u000987,visit,2026-02-01 15:08:05
u000987,signup,2026-02-03 00:57:43
u000988,visit,2026-03-06 11:59:52
u000989,visit,2026-02-08 10:51:59
u000989,signup,2026-02-09 07:28:26
u000990,visit,2026-01-13 23:01:56
u000990,signup,2026-01-15 21:15:47
u000990,activate,2026-01-17 23:00:37
u000991,visit,2026-04-02 18:04:46
u000992,visit,2026-02-28 13:28:59
u000992,signup,2026-03-01 14:22:35
u000992,activate,2026-03-02 17:09:38
u000993,visit,2026-05-07 17:05:42
u000993,signup,2026-05-08 20:44:55
u000993,activate,2026-05-10 08:27:08
u000994,visit,2026-03-03 09:21:48
u000995,visit,2026-04-02 10:53:14
u000996,visit,2025-12-05 01:21:07
u000997,visit,2026-01-07 01:42:50
u000997,signup,2026-01-08 08:36:48
u000998,visit,2026-01-06 20:51:27
u000999,visit,2026-05-27 20:13:31
u001000,visit,2026-05-01 23:19:46
u001001,visit,2026-03-16 12:09:06
u001002,visit,2025-12-08 21:15:17
u001003,visit,2026-04-12 03:47:36
u001003,signup,2026-04-12 12:30:17
u001003,activate,2026-04-14 07:40:37
u001004,visit,2026-05-21 16:28:21
u001004,signup,2026-05-23 00:30:47
u001004,activate,2026-05-23 19:03:29
u001005,visit,2025-12-23 17:53:00
u001006,visit,2025-12-16 05:56:49
u001007,visit,2026-04-05 13:47:24
u001008,visit,2026-03-22 02:32:46
u001008,signup,2026-03-23 22:59:57
u001008,activate,2026-03-25 12:27:19
u001009,visit,2026-04-25 04:59:01
u001009,signup,2026-04-27 00:05:02
u001009,activate,2026-04-30 07:53:29
u001009,purchase,2026-05-17 12:49:46
u001010,visit,2026-01-25 09:52:59
u001011,visit,2025-12-16 14:42:39
u001011,signup,2025-12-17 01:37:03
u001011,activate,2025-12-19 16:02:24
u001011,purchase,2025-12-26 15:31:51
u001012,visit,2026-02-11 14:19:49
u001013,visit,2026-05-17 22:31:24
u001013,signup,2026-05-18 03:10:36
u001013,activate,2026-05-19 17:19:08
u001014,visit,2026-01-27 19:45:20
u001014,signup,2026-01-28 10:07:57
u001014,activate,2026-01-30 17:35:43
u001015,visit,2026-04-11 18:45:58
u001016,visit,2026-01-04 21:06:42
u001016,signup,2026-01-05 08:45:09
u001017,visit,2026-01-14 09:23:45
u001017,signup,2026-01-16 05:16:28
u001017,activate,2026-01-16 06:26:40
u001018,visit,2026-01-04 01:03:49
u001019,visit,2025-12-15 16:18:34
u001020,visit,2025-12-19 02:44:09
u001021,visit,2025-12-05 15:46:40
u001022,visit,2026-04-12 17:48:42
u001023,visit,2026-05-21 11:44:58
u001023,signup,2026-05-22 18:59:59
u001023,activate,2026-05-24 00:24:57
u001024,visit,2026-03-11 16:03:40
u001025,visit,2026-04-15 16:20:54
u001025,signup,2026-04-17 07:01:32
u001026,visit,2026-01-14 02:32:34
u001027,visit,2026-02-11 03:30:42
u001027,signup,2026-02-11 07:02:21
u001027,activate,2026-02-13 20:53:21
u001027,purchase,2026-03-06 03:56:52
u001028,visit,2025-12-07 04:20:40
u001028,signup,2025-12-07 20:01:22
u001028,activate,2025-12-10 11:01:15
u001029,visit,2026-02-20 17:23:43
u001030,visit,2026-01-08 05:38:12
u001031,visit,2026-04-07 02:43:25
u001031,signup,2026-04-08 22:35:59
u001032,visit,2026-05-23 18:31:20
u001033,visit,2026-03-04 20:05:00
u001033,signup,2026-03-05 08:41:11
u001033,activate,2026-03-08 18:41:55
u001034,visit,2025-12-15 17:40:40
u001035,visit,2026-04-14 10:05:17
u001036,visit,2026-02-14 11:51:41
u001036,signup,2026-02-14 18:12:08
u001036,activate,2026-02-17 11:18:42
u001037,visit,2026-01-01 08:29:27
u001038,visit,2026-04-27 14:17:41
u001039,visit,2026-05-22 13:57:03
u001040,visit,2025-12-05 20:38:44
u001041,visit,2026-03-24 19:54:33
u001041,signup,2026-03-25 01:19:49
u001041,activate,2026-03-25 02:39:54
u001042,visit,2025-12-15 21:26:39
u001043,visit,2025-12-12 07:54:36
u001044,visit,2026-04-30 03:59:58
u001045,visit,2025-12-11 14:57:14
u001045,signup,2025-12-13 06:26:12
u001046,visit,2025-12-23 18:10:16
u001047,visit,2026-04-09 13:06:55
u001048,visit,2026-02-08 09:29:35
u001048,signup,2026-02-08 16:30:42
u001049,visit,2026-02-19 03:55:41
u001049,signup,2026-02-19 09:21:01
u001050,visit,2026-01-22 07:37:43
u001050,signup,2026-01-23 18:46:57
u001051,visit,2026-02-17 20:54:32
u001052,visit,2026-05-23 07:03:13
u001053,visit,2026-01-25 08:08:54
u001054,visit,2026-02-09 04:06:00
u001055,visit,2026-05-03 06:09:00
u001055,signup,2026-05-03 09:29:45
u001056,visit,2026-01-09 22:08:57
u001057,visit,2026-01-01 02:45:42
u001057,signup,2026-01-01 20:27:08
u001058,visit,2026-04-11 17:37:06
u001058,signup,2026-04-12 15:21:57
u001058,activate,2026-04-15 09:56:29
u001059,visit,2026-05-02 17:43:51
u001059,signup,2026-05-02 19:51:28
u001059,activate,2026-05-03 05:36:19
u001060,visit,2026-01-13 02:09:46
u001060,signup,2026-01-15 00:05:05
u001060,activate,2026-01-21 20:13:37
u001061,visit,2026-02-15 11:18:22
u001061,signup,2026-02-15 11:39:21
u001061,activate,2026-02-17 18:49:18
u001061,purchase,2026-02-19 14:07:47
u001062,visit,2026-02-26 08:38:37
u001063,visit,2026-01-13 05:36:14
u001064,visit,2026-02-23 09:42:17
u001065,visit,2026-04-16 04:00:21
u001066,visit,2025-12-07 20:00:18
u001067,visit,2026-03-23 19:12:29
u001067,signup,2026-03-24 10:23:07
u001068,visit,2025-12-29 05:03:16
u001068,signup,2025-12-29 13:40:58
u001069,visit,2026-01-11 09:21:37
u001069,signup,2026-01-11 21:33:15
u001070,visit,2026-03-31 11:53:34
u001071,visit,2025-12-18 13:09:56
u001072,visit,2026-05-21 09:42:12
u001073,visit,2026-04-12 12:02:50
u001074,visit,2026-01-19 11:23:51
u001075,visit,2026-05-07 17:42:33
u001075,signup,2026-05-08 07:17:46
u001076,visit,2026-02-10 17:44:01
u001076,signup,2026-02-11 19:44:59
u001077,visit,2026-03-08 15:46:38
u001078,visit,2026-02-06 22:40:04
u001079,visit,2025-12-04 01:43:11
u001080,visit,2026-02-04 21:42:50
u001081,visit,2026-05-28 20:45:45
u001082,visit,2026-01-28 17:25:30
u001083,visit,2025-12-26 22:20:45
u001083,signup,2025-12-28 00:58:47
u001083,activate,2026-01-05 01:45:09
u001084,visit,2025-12-19 05:13:31
u001084,signup,2025-12-19 05:28:47
u001085,visit,2026-02-05 23:00:12
u001085,signup,2026-02-07 20:34:01
u001086,visit,2026-04-27 23:12:52
u001087,visit,2026-03-24 06:24:45
u001087,signup,2026-03-24 09:16:05
u001088,visit,2026-02-07 08:50:23
u001088,signup,2026-02-09 01:55:10
u001088,activate,2026-02-09 22:02:40
u001088,purchase,2026-02-12 00:02:13
u001089,visit,2026-03-21 10:26:13
u001090,visit,2026-05-09 22:30:04
u001090,signup,2026-05-10 10:02:13
u001090,activate,2026-05-13 15:02:37
u001091,visit,2026-04-04 06:07:03
u001092,visit,2026-01-26 10:33:50
u001093,visit,2026-04-02 11:03:56
u001094,visit,2026-03-15 16:02:38
u001094,signup,2026-03-16 13:40:11
u001094,activate,2026-03-16 17:02:56
u001095,visit,2026-01-20 20:40:19
u001095,signup,2026-01-22 16:10:57
u001096,visit,2025-12-19 08:45:32
u001097,visit,2026-01-21 12:09:56
u001097,signup,2026-01-22 08:19:23
u001097,activate,2026-01-22 16:50:06
u001097,purchase,2026-01-23 13:32:00
u001098,visit,2026-01-17 00:23:05
u001098,signup,2026-01-17 17:07:51
u001098,activate,2026-01-18 09:09:09
u001098,purchase,2026-02-20 20:03:49
u001099,visit,2026-01-27 22:32:19
u001100,visit,2026-01-14 00:46:51
u001100,signup,2026-01-15 08:13:37
u001100,activate,2026-01-16 19:50:03
u001100,purchase,2026-01-17 05:17:15
u001101,visit,2026-01-28 09:48:34
u001102,visit,2026-03-26 09:46:18
u001103,visit,2025-12-14 05:59:55
u001104,visit,2025-12-04 07:15:02
u001105,visit,2026-03-28 20:03:26
u001106,visit,2026-04-03 03:29:55
u001107,visit,2026-02-25 07:59:56
u001107,signup,2026-02-27 00:15:01
u001107,activate,2026-02-28 17:04:19
u001107,purchase,2026-04-02 00:55:49
u001108,visit,2025-12-21 08:05:28
u001109,visit,2025-12-20 14:33:40
u001109,signup,2025-12-22 12:48:05
u001109,activate,2025-12-25 12:04:23
u001109,purchase,2025-12-30 18:23:04
u001110,visit,2026-05-04 17:51:43
u001110,signup,2026-05-06 14:15:31
u001110,activate,2026-05-08 20:06:29
u001111,visit,2026-01-27 17:24:10
u001112,visit,2026-02-09 22:54:09
u001113,visit,2026-02-25 14:31:30
u001114,visit,2025-12-03 23:07:59
u001114,signup,2025-12-05 09:30:33
u001115,visit,2026-05-03 17:12:04
u001115,signup,2026-05-05 01:12:50
u001115,activate,2026-05-06 13:48:16
u001116,visit,2026-03-24 05:20:30
u001116,signup,2026-03-24 17:01:57
u001116,activate,2026-03-25 01:30:22
u001117,visit,2026-04-01 09:32:08
u001118,visit,2026-02-10 23:57:01
u001119,visit,2026-03-09 07:42:51
u001120,visit,2026-05-12 18:55:23
u001121,visit,2026-05-07 20:21:19
u001121,signup,2026-05-08 13:38:33
u001121,activate,2026-05-18 05:34:02
u001122,visit,2025-12-02 07:07:47
u001123,visit,2026-04-16 20:48:56
u001124,visit,2026-03-10 17:00:12
u001125,visit,2026-04-25 15:19:20
u001126,visit,2026-02-18 10:54:27
u001127,visit,2026-02-24 16:20:15
u001128,visit,2025-12-26 08:48:11
u001129,visit,2026-02-13 16:28:48
u001129,signup,2026-02-15 13:14:21
u001129,activate,2026-02-15 23:27:57
u001130,visit,2026-04-09 15:12:15
u001131,visit,2026-02-22 04:25:02
u001132,visit,2025-12-20 10:27:11
u001132,signup,2025-12-20 21:02:40
u001133,visit,2026-04-24 08:48:51
u001134,visit,2025-12-07 06:40:09
u001135,visit,2025-12-29 04:37:57
u001135,signup,2025-12-29 10:04:03
u001136,visit,2026-04-22 14:57:26
u001136,signup,2026-04-23 01:17:13
u001136,activate,2026-04-24 04:02:01
u001137,visit,2026-03-22 03:36:12
u001137,signup,2026-03-23 10:41:36
u001138,visit,2026-03-20 01:34:31
u001138,signup,2026-03-20 17:43:57
u001138,activate,2026-03-20 22:52:40
u001138,purchase,2026-04-11 01:36:51
u001139,visit,2026-03-04 00:36:36
u001140,visit,2026-05-20 16:05:59
u001141,visit,2026-02-23 15:39:28
u001141,signup,2026-02-25 10:14:44
u001142,visit,2025-12-25 18:19:05
u001143,visit,2026-04-29 22:58:32
u001144,visit,2026-04-10 21:38:03
u001145,visit,2026-04-27 21:01:39
u001146,visit,2026-01-24 05:43:27
u001146,signup,2026-01-25 13:41:50
u001147,visit,2025-12-22 07:17:41
u001148,visit,2026-01-23 20:07:47
u001148,signup,2026-01-24 17:15:14
u001148,activate,2026-01-24 18:50:06
u001148,purchase,2026-01-26 17:23:58
u001149,visit,2026-05-07 22:01:59
u001150,visit,2026-04-08 05:04:17
u001151,visit,2025-12-03 16:46:00
u001152,visit,2026-05-07 07:28:51
u001153,visit,2025-12-10 07:07:38
u001154,visit,2025-12-28 15:46:03
u001155,visit,2026-03-17 11:34:50
u001155,signup,2026-03-19 08:59:40
u001156,visit,2026-04-20 00:30:46
u001156,signup,2026-04-20 10:12:40
u001156,activate,2026-04-21 01:05:28
u001156,purchase,2026-04-26 19:19:25
u001157,visit,2026-04-16 23:26:14
u001158,visit,2025-12-31 20:51:42
u001158,signup,2026-01-02 13:23:08
u001158,activate,2026-01-07 09:32:55
u001158,purchase,2026-01-12 02:26:17
u001159,visit,2026-02-11 05:48:41
u001159,signup,2026-02-11 19:43:56
u001159,activate,2026-02-12 09:13:22
u001160,visit,2026-04-08 12:04:13
u001160,signup,2026-04-08 14:32:52
u001161,visit,2026-04-01 22:34:10
u001162,visit,2026-02-15 19:22:14
u001163,visit,2025-12-21 15:03:10
u001164,visit,2026-01-14 05:18:53
u001165,visit,2026-01-20 12:41:19
u001166,visit,2026-01-19 22:18:11
u001167,visit,2026-03-23 15:57:49
u001168,visit,2026-05-27 06:19:05
u001169,visit,2026-04-09 17:14:28
u001169,signup,2026-04-11 07:49:29
u001169,activate,2026-04-13 17:54:10
u001169,purchase,2026-05-07 17:56:58
u001170,visit,2026-03-22 16:34:45
u001170,signup,2026-03-22 20:49:53
u001170,activate,2026-03-27 07:32:06
u001171,visit,2026-02-02 14:18:52
u001172,visit,2025-12-11 05:09:29
u001172,signup,2025-12-12 01:19:38
u001172,activate,2025-12-20 18:17:07
u001173,visit,2025-12-27 10:34:00
u001173,signup,2025-12-28 22:49:56
u001173,activate,2025-12-29 02:23:07
u001173,purchase,2026-01-08 18:02:45
u001174,visit,2026-02-11 00:55:58
u001175,visit,2026-05-20 08:37:34
u001175,signup,2026-05-22 02:53:19
u001176,visit,2026-01-26 22:02:45
u001176,signup,2026-01-27 12:51:32
u001176,activate,2026-01-27 23:13:54
u001176,purchase,2026-01-28 17:21:57
u001177,visit,2026-03-30 14:45:40
u001178,visit,2026-01-07 23:57:04
u001178,signup,2026-01-08 08:34:11
u001179,visit,2026-05-07 17:47:49
u001179,signup,2026-05-08 00:47:52
u001179,activate,2026-05-09 13:40:34
u001179,purchase,2026-05-13 04:12:38
u001180,visit,2026-03-06 08:53:39
u001180,signup,2026-03-06 21:09:25
u001180,activate,2026-03-07 13:15:13
u001181,visit,2025-12-04 05:29:42
u001181,signup,2025-12-04 20:08:36
u001181,activate,2025-12-07 11:48:34
u001182,visit,2026-03-15 02:51:27
u001183,visit,2026-04-26 02:55:17
u001183,signup,2026-04-26 07:14:41
u001183,activate,2026-04-30 15:31:27
u001184,visit,2025-12-26 05:26:54
u001185,visit,2026-05-14 01:05:01
u001186,visit,2026-01-19 13:42:25
u001187,visit,2026-05-03 16:38:34
u001187,signup,2026-05-05 00:53:21
u001187,activate,2026-05-05 07:47:16
u001187,purchase,2026-05-07 23:07:23
u001188,visit,2026-01-10 21:31:37
u001189,visit,2025-12-12 20:03:27
u001190,visit,2025-12-10 05:27:35
u001191,visit,2025-12-11 04:06:41
u001192,visit,2026-01-25 08:10:45
u001193,visit,2026-01-01 09:41:54
u001194,visit,2026-01-14 00:36:26
u001195,visit,2026-01-17 06:50:01
u001196,visit,2025-12-07 12:45:02
u001197,visit,2025-12-18 02:30:31
u001198,visit,2026-01-09 20:59:35
u001198,signup,2026-01-11 07:39:54
u001199,visit,2026-03-09 09:34:04
u001199,signup,2026-03-10 04:13:56
u001199,activate,2026-03-16 05:37:22
u001200,visit,2026-03-29 02:17:24
u001200,signup,2026-03-30 21:43:59
u001200,activate,2026-03-31 06:33:42
u001201,visit,2026-05-08 06:11:02
u001202,visit,2026-05-07 16:24:12
u001202,signup,2026-05-08 03:45:57
u001203,visit,2026-03-11 15:13:01
u001204,visit,2026-04-21 19:36:55
u001204,signup,2026-04-22 05:06:38
u001204,activate,2026-04-24 10:30:57
u001205,visit,2026-03-13 05:29:27
u001205,signup,2026-03-14 07:40:08
u001205,activate,2026-03-15 03:22:44
u001206,visit,2026-05-26 07:30:39
u001207,visit,2026-05-18 11:57:17
u001207,signup,2026-05-19 18:13:23
u001207,activate,2026-05-20 22:50:26
u001208,visit,2026-03-30 05:54:34
u001208,signup,2026-03-30 08:49:09
u001208,activate,2026-04-01 11:18:35
u001208,purchase,2026-04-03 01:24:29
u001209,visit,2026-02-10 07:43:46
u001209,signup,2026-02-11 03:10:21
u001209,activate,2026-02-12 00:37:25
u001209,purchase,2026-02-27 14:29:21
u001210,visit,2026-03-15 02:31:01
u001211,visit,2026-05-14 16:59:36
u001212,visit,2026-05-19 03:24:16
u001212,signup,2026-05-19 09:19:40
u001213,visit,2026-02-01 15:48:29
u001214,visit,2025-12-18 02:32:07
u001215,visit,2026-01-03 19:36:43
u001215,signup,2026-01-05 16:32:37
u001215,activate,2026-01-06 08:42:14
u001216,visit,2026-02-21 20:48:56
u001217,visit,2026-01-04 03:52:00
u001217,signup,2026-01-04 10:24:35
u001218,visit,2026-04-16 02:59:22
u001218,signup,2026-04-16 10:34:16
u001218,activate,2026-04-18 07:35:43
u001218,purchase,2026-04-29 19:56:44
u001219,visit,2026-03-03 11:48:18
u001220,visit,2026-01-29 16:18:34
u001221,visit,2026-01-03 01:08:06
u001222,visit,2026-04-25 12:10:55
u001222,signup,2026-04-26 09:44:09
u001222,activate,2026-04-26 12:40:04
u001222,purchase,2026-05-15 07:23:16
u001223,visit,2026-01-15 22:38:32
u001224,visit,2026-04-23 06:01:01
u001224,signup,2026-04-25 04:15:10
u001225,visit,2026-03-30 01:02:04
u001225,signup,2026-03-31 00:09:34
u001226,visit,2026-04-23 21:06:42
u001227,visit,2026-04-19 05:58:46
u001228,visit,2025-12-04 09:25:33
u001229,visit,2026-03-01 10:12:57
u001229,signup,2026-03-02 15:46:46
u001230,visit,2025-12-18 18:41:14
u001231,visit,2026-03-14 21:52:08
u001231,signup,2026-03-16 13:06:07
u001232,visit,2026-04-10 01:20:45
u001233,visit,2026-03-17 04:49:48
u001234,visit,2026-02-18 02:27:46
u001234,signup,2026-02-19 03:09:40
u001235,visit,2026-04-29 22:33:45
u001235,signup,2026-05-01 12:22:35
u001236,visit,2026-02-17 18:11:57
u001237,visit,2026-03-13 18:53:26
u001238,visit,2026-03-11 10:09:13
u001239,visit,2026-01-24 14:20:19
u001240,visit,2025-12-31 17:13:10
u001240,signup,2025-12-31 20:36:51
u001241,visit,2026-01-25 11:17:08
u001242,visit,2026-04-18 11:54:26
u001243,visit,2025-12-03 01:15:09
u001244,visit,2026-01-19 08:27:38
u001245,visit,2026-03-02 05:03:04
u001246,visit,2026-03-03 00:59:38
u001247,visit,2026-01-26 03:16:19
u001248,visit,2026-05-01 01:44:48
u001249,visit,2026-02-10 14:05:42
u001250,visit,2026-02-15 00:06:11
u001251,visit,2026-04-03 14:39:26
u001252,visit,2026-05-08 15:41:57
u001253,visit,2026-01-18 11:37:54
u001254,visit,2026-03-30 06:36:09
u001254,signup,2026-03-31 00:53:09
u001254,activate,2026-03-31 15:34:21
u001255,visit,2026-04-30 12:59:23
u001255,signup,2026-05-02 09:57:26
u001255,activate,2026-05-02 20:47:24
u001255,purchase,2026-05-06 10:30:03
u001256,visit,2026-05-21 19:37:47
u001256,signup,2026-05-22 22:39:49
u001257,visit,2026-03-29 10:37:22
u001258,visit,2026-01-07 16:17:09
u001258,signup,2026-01-08 19:27:52
u001259,visit,2026-03-25 08:58:21
u001260,visit,2026-05-29 01:40:50
u001260,signup,2026-05-29 23:25:29
u001261,visit,2025-12-19 17:42:46
u001262,visit,2026-04-20 03:52:46
u001262,signup,2026-04-20 10:48:26
u001263,visit,2025-12-07 17:53:55
u001263,signup,2025-12-09 13:57:02
u001264,visit,2026-05-13 18:05:58
u001265,visit,2026-05-22 19:59:43
u001265,signup,2026-05-24 05:13:57
u001265,activate,2026-05-26 03:51:44
u001266,visit,2026-03-02 02:01:43
u001267,visit,2026-03-05 02:11:27
u001267,signup,2026-03-05 05:43:49
u001267,activate,2026-03-07 00:39:34
u001268,visit,2025-12-27 00:41:51
u001268,signup,2025-12-28 07:35:10
u001268,activate,2026-01-02 11:30:04
u001268,purchase,2026-01-08 08:28:16
u001269,visit,2026-02-18 19:27:26
u001270,visit,2026-01-22 13:17:11
u001270,signup,2026-01-22 18:11:18
u001270,activate,2026-01-27 02:22:17
u001271,visit,2025-12-24 09:47:08
u001272,visit,2026-05-07 20:37:08
u001273,visit,2025-12-02 20:45:37
u001273,signup,2025-12-04 15:45:46
u001273,activate,2025-12-05 02:21:39
u001274,visit,2026-05-19 00:55:48
u001275,visit,2026-01-24 19:34:44
u001276,visit,2026-02-05 10:48:33
u001277,visit,2025-12-06 19:01:47
u001278,visit,2025-12-25 16:38:34
u001279,visit,2026-02-05 05:08:39
u001280,visit,2026-04-14 13:11:35
u001280,signup,2026-04-15 16:41:03
u001280,activate,2026-04-19 02:51:40
u001281,visit,2026-04-27 10:56:08
u001281,signup,2026-04-29 09:51:04
u001281,activate,2026-05-03 05:53:17
u001281,purchase,2026-05-19 12:45:24
u001282,visit,2025-12-06 18:25:10
u001282,signup,2025-12-08 13:57:49
u001283,visit,2025-12-14 14:40:02
u001283,signup,2025-12-15 19:21:17
u001283,activate,2025-12-17 11:49:58
u001283,purchase,2025-12-21 04:39:37
u001284,visit,2026-04-12 20:19:44
u001284,signup,2026-04-14 10:46:53
u001285,visit,2026-01-26 21:41:52
u001286,visit,2026-01-23 13:23:20
u001287,visit,2026-03-07 01:56:20
u001287,signup,2026-03-07 12:11:20
u001288,visit,2026-01-01 03:19:52
u001288,signup,2026-01-01 15:53:39
u001289,visit,2026-03-13 17:26:38
u001290,visit,2026-01-12 10:33:41
u001291,visit,2026-03-07 05:08:22
u001291,signup,2026-03-08 00:57:02
u001292,visit,2026-05-14 18:45:27
u001293,visit,2026-03-19 13:49:20
u001293,signup,2026-03-21 12:43:28
u001293,activate,2026-03-21 17:45:27
u001294,visit,2026-04-11 16:09:18
u001294,signup,2026-04-12 07:38:45
u001294,activate,2026-04-15 04:22:32
u001294,purchase,2026-04-18 14:52:15
u001295,visit,2026-05-21 05:07:23
u001295,signup,2026-05-22 22:22:37
u001295,activate,2026-05-25 21:05:27
u001295,purchase,2026-05-29 16:42:31
u001296,visit,2026-01-24 19:27:21
u001297,visit,2026-04-29 03:42:01
u001298,visit,2026-01-18 01:11:08
u001299,visit,2026-02-02 05:11:58
u001300,visit,2026-01-23 17:35:55
u001301,visit,2026-04-29 01:00:47
u001302,visit,2026-04-09 11:14:00
u001303,visit,2026-05-12 08:45:08
u001304,visit,2025-12-29 08:52:34
u001305,visit,2026-05-22 22:48:41
u001306,visit,2026-01-14 13:32:56
u001307,visit,2025-12-16 04:15:08
u001307,signup,2025-12-16 09:50:19
u001307,activate,2025-12-20 17:17:50
u001307,purchase,2025-12-28 17:45:33
u001308,visit,2026-01-14 16:09:00
u001308,signup,2026-01-16 11:15:31
u001309,visit,2026-04-19 09:50:36
u001310,visit,2026-04-27 13:25:08
u001311,visit,2026-01-05 23:19:11
u001311,signup,2026-01-07 07:40:51
u001311,activate,2026-01-08 15:04:48
u001311,purchase,2026-01-10 12:48:24
u001312,visit,2026-04-18 16:53:42
u001312,signup,2026-04-19 16:50:27
u001312,activate,2026-04-21 18:36:29
u001313,visit,2025-12-09 03:58:17
u001313,signup,2025-12-10 08:53:28
u001313,activate,2025-12-10 14:35:43
u001313,purchase,2025-12-23 10:07:23
u001314,visit,2026-04-03 00:59:16
u001314,signup,2026-04-04 04:18:01
u001314,activate,2026-04-05 17:00:10
u001314,purchase,2026-05-07 15:33:38
u001315,visit,2026-01-13 09:44:06
u001316,visit,2025-12-15 20:56:08
u001317,visit,2025-12-03 23:42:30
u001317,signup,2025-12-05 21:38:34
u001317,activate,2025-12-07 23:10:12
u001318,visit,2025-12-19 02:27:55
u001318,signup,2025-12-20 06:42:52
u001319,visit,2026-01-09 11:24:40
u001320,visit,2026-03-08 00:49:49
u001320,signup,2026-03-09 20:52:06
u001321,visit,2025-12-30 22:58:46
u001321,signup,2025-12-31 23:31:42
u001322,visit,2025-12-24 20:34:05
u001323,visit,2026-01-26 13:04:03
u001324,visit,2026-02-05 11:44:41
u001324,signup,2026-02-06 05:09:17
u001325,visit,2025-12-11 10:20:55
u001325,signup,2025-12-12 16:11:04
u001325,activate,2025-12-13 09:29:20
u001326,visit,2026-03-04 08:54:08
u001326,signup,2026-03-05 05:32:26
u001327,visit,2026-02-18 16:33:08
u001327,signup,2026-02-18 19:34:40
u001328,visit,2026-04-23 20:33:43
u001329,visit,2026-05-03 15:49:36
u001329,signup,2026-05-05 13:33:47
u001329,activate,2026-05-08 02:24:53
u001329,purchase,2026-05-21 12:45:22
u001330,visit,2026-01-28 02:52:28
u001331,visit,2026-05-25 13:17:49
u001331,signup,2026-05-27 10:35:09
u001332,visit,2025-12-28 09:04:13
u001332,signup,2025-12-30 08:52:38
u001332,activate,2025-12-30 08:59:15
u001333,visit,2026-05-08 23:53:20
u001333,signup,2026-05-09 20:14:03
u001333,activate,2026-05-10 02:42:08
u001333,purchase,2026-05-11 16:47:56
u001334,visit,2026-03-21 03:40:46
u001335,visit,2026-01-11 00:33:32
u001335,signup,2026-01-11 08:14:28
u001335,activate,2026-01-12 01:59:35
u001336,visit,2025-12-23 04:06:54
u001337,visit,2026-02-15 11:18:48
u001338,visit,2026-03-10 23:51:39
u001339,visit,2026-05-06 06:47:05
u001340,visit,2026-01-28 06:52:40
u001341,visit,2026-05-16 17:55:52
u001342,visit,2026-03-13 23:19:51
u001343,visit,2026-02-24 10:46:12
u001344,visit,2026-05-11 12:37:48
u001345,visit,2025-12-18 22:47:05
u001345,signup,2025-12-20 04:38:58
u001346,visit,2026-03-10 12:53:51
u001347,visit,2026-04-05 03:03:10
u001348,visit,2026-01-22 14:18:16
u001349,visit,2025-12-20 08:47:06
u001350,visit,2026-03-12 08:48:58
u001351,visit,2026-05-24 21:21:04
u001351,signup,2026-05-25 19:52:51
u001351,activate,2026-05-26 15:11:35
u001352,visit,2026-01-02 13:30:25
u001352,signup,2026-01-03 14:46:04
u001353,visit,2026-04-16 21:40:53
u001354,visit,2026-05-25 21:08:42
u001355,visit,2026-02-11 10:58:47
u001356,visit,2026-01-06 01:10:44
u001356,signup,2026-01-07 11:15:57
u001357,visit,2026-01-11 18:58:31
u001358,visit,2025-12-15 11:12:03
u001359,visit,2026-05-07 06:30:41
u001360,visit,2026-02-27 21:30:53
u001361,visit,2026-01-19 15:00:54
u001361,signup,2026-01-20 22:20:29
u001362,visit,2026-03-02 14:40:41
u001363,visit,2026-04-17 10:15:17
u001364,visit,2025-12-17 09:13:53
u001365,visit,2025-12-31 08:29:36
u001366,visit,2026-02-04 20:44:40
u001367,visit,2026-05-02 22:09:58
u001367,signup,2026-05-03 00:41:47
u001367,activate,2026-05-11 07:37:22
u001368,visit,2025-12-23 02:42:19
u001368,signup,2025-12-23 15:53:31
u001368,activate,2025-12-25 18:15:58
u001369,visit,2026-03-20 16:51:28
u001369,signup,2026-03-22 06:25:20
u001369,activate,2026-03-26 09:23:46
u001370,visit,2026-03-15 18:48:42
u001370,signup,2026-03-16 12:27:26
u001370,activate,2026-03-17 05:33:02
u001371,visit,2026-03-16 02:30:03
u001372,visit,2026-01-30 15:07:43
u001372,signup,2026-01-31 06:11:16
u001372,activate,2026-02-06 15:38:57
u001373,visit,2026-03-09 22:01:06
u001373,signup,2026-03-11 21:41:36
u001373,activate,2026-03-11 22:22:30
u001373,purchase,2026-03-15 07:34:07
u001374,visit,2026-04-11 14:31:46
u001375,visit,2026-01-11 03:39:00
u001375,signup,2026-01-11 09:55:51
u001376,visit,2026-03-11 01:56:26
u001376,signup,2026-03-11 04:13:08
u001376,activate,2026-03-12 10:10:57
u001376,purchase,2026-03-13 06:55:13
u001377,visit,2026-03-01 15:17:26
u001378,visit,2026-01-10 03:18:03
u001378,signup,2026-01-11 23:45:31
u001378,activate,2026-01-13 04:12:57
u001378,purchase,2026-02-02 10:50:00
u001379,visit,2026-01-10 16:26:21
u001379,signup,2026-01-10 23:11:53
u001380,visit,2026-05-08 21:20:44
u001381,visit,2026-02-08 20:40:57
u001382,visit,2026-03-21 23:14:58
u001383,visit,2026-04-30 22:55:21
u001384,visit,2025-12-12 10:46:35
u001384,signup,2025-12-13 09:27:47
u001385,visit,2025-12-08 22:23:50
u001385,signup,2025-12-09 19:06:36
u001385,activate,2025-12-10 11:09:12
u001385,purchase,2025-12-11 13:43:09
u001386,visit,2026-03-02 08:41:55
u001386,signup,2026-03-04 05:02:08
u001386,activate,2026-03-07 06:56:12
u001387,visit,2026-05-24 18:04:59
u001388,visit,2026-05-05 21:49:52
u001389,visit,2025-12-17 21:37:23
u001390,visit,2025-12-25 12:44:55
u001390,signup,2025-12-26 04:12:08
u001390,activate,2025-12-26 22:55:57
u001391,visit,2026-05-15 21:10:50
u001392,visit,2026-05-06 09:04:24
u001392,signup,2026-05-07 05:07:32
u001392,activate,2026-05-07 05:50:41
u001393,visit,2025-12-20 13:09:59
u001394,visit,2026-04-11 04:41:58
u001395,visit,2026-05-02 00:56:36
u001395,signup,2026-05-03 13:04:07
u001396,visit,2026-05-21 13:44:23
u001397,visit,2026-02-27 05:39:17
u001397,signup,2026-03-01 03:38:07
u001398,visit,2025-12-14 01:55:53
u001399,visit,2026-05-20 07:02:07
u001399,signup,2026-05-20 21:58:12
u001399,activate,2026-05-21 02:06:05
u001400,visit,2025-12-22 09:54:49
u001400,signup,2025-12-23 15:44:45
u001401,visit,2026-01-22 18:57:58
u001402,visit,2026-05-15 14:32:00
u001402,signup,2026-05-16 06:18:45
u001403,visit,2026-02-02 18:52:18
u001404,visit,2026-04-09 07:21:35
u001405,visit,2026-04-20 08:20:35
u001405,signup,2026-04-21 12:54:08
u001405,activate,2026-04-24 06:27:21
u001406,visit,2026-01-23 00:38:08
u001407,visit,2026-02-16 03:56:19
u001408,visit,2026-03-02 05:15:21
u001408,signup,2026-03-03 17:11:51
u001408,activate,2026-03-04 23:03:37
u001408,purchase,2026-03-07 08:23:39
u001409,visit,2026-01-16 01:59:38
u001409,signup,2026-01-18 01:35:30
u001409,activate,2026-01-19 02:22:51
u001409,purchase,2026-01-22 02:11:52
u001410,visit,2026-03-19 21:53:43
u001411,visit,2026-05-11 13:52:54
u001411,signup,2026-05-12 02:05:18
u001412,visit,2026-02-17 05:18:51
u001413,visit,2026-03-21 10:13:07
u001414,visit,2026-05-16 12:46:37
u001415,visit,2026-04-27 21:14:49
u001415,signup,2026-04-29 08:13:28
u001415,activate,2026-04-29 22:33:41
u001415,purchase,2026-05-15 21:16:55
u001416,visit,2026-05-28 05:27:44
u001417,visit,2026-02-05 13:03:11
u001418,visit,2026-01-30 08:13:21
u001418,signup,2026-01-30 22:47:26
u001419,visit,2026-05-01 08:30:45
u001420,visit,2026-05-10 17:18:46
u001421,visit,2026-01-01 19:07:49
u001422,visit,2025-12-18 08:32:28
u001423,visit,2026-03-04 00:05:01
u001423,signup,2026-03-05 00:11:15
u001424,visit,2026-02-04 01:50:22
u001424,signup,2026-02-05 18:56:52
u001424,activate,2026-02-07 03:03:26
u001425,visit,2026-03-25 18:36:32
u001425,signup,2026-03-26 01:26:25
u001425,activate,2026-03-28 09:02:25
u001425,purchase,2026-04-03 15:26:38
u001426,visit,2026-03-19 09:23:38
u001426,signup,2026-03-20 07:53:21
u001426,activate,2026-03-22 04:16:35
u001426,purchase,2026-03-31 17:09:24
u001427,visit,2026-03-03 08:47:47
u001428,visit,2026-01-02 17:44:57
u001429,visit,2026-04-02 15:23:09
u001430,visit,2026-02-02 14:34:56
u001431,visit,2025-12-21 15:18:09
u001432,visit,2026-04-07 15:42:08
u001432,signup,2026-04-09 00:28:56
u001433,visit,2026-03-26 02:18:04
u001433,signup,2026-03-27 02:54:46
u001433,activate,2026-03-28 06:12:43
u001434,visit,2026-05-18 01:36:55
u001435,visit,2026-02-18 07:47:00
u001436,visit,2026-03-21 18:06:41
u001437,visit,2026-05-20 02:05:09
u001438,visit,2026-02-15 21:14:10
u001439,visit,2026-05-08 18:36:07
u001439,signup,2026-05-10 06:09:13
u001440,visit,2026-03-29 07:17:49
u001440,signup,2026-03-29 11:47:23
u001440,activate,2026-03-31 06:40:39
u001440,purchase,2026-04-01 17:00:28
u001441,visit,2026-05-11 03:49:02
u001441,signup,2026-05-12 02:39:36
u001441,activate,2026-05-19 09:59:06
u001442,visit,2026-05-11 14:14:28
u001443,visit,2026-03-08 21:29:14
u001444,visit,2026-03-12 22:31:01
u001445,visit,2026-05-12 17:41:05
u001445,signup,2026-05-13 05:02:08
u001445,activate,2026-05-15 06:30:50
u001446,visit,2026-05-23 13:59:26
u001447,visit,2026-05-30 15:45:46
u001447,signup,2026-05-30 23:07:05
u001448,visit,2026-04-20 12:03:28
u001448,signup,2026-04-22 02:26:41
u001448,activate,2026-04-23 18:44:40
u001448,purchase,2026-05-05 19:29:54
u001449,visit,2026-02-06 00:15:24
u001450,visit,2026-01-30 06:47:14
u001450,signup,2026-01-30 09:49:09
u001451,visit,2025-12-14 02:55:33
u001452,visit,2026-04-22 03:55:50
u001453,visit,2026-05-25 20:36:54
u001453,signup,2026-05-25 23:19:46
u001453,activate,2026-05-26 06:43:24
u001454,visit,2025-12-23 03:59:28
u001455,visit,2026-02-12 04:00:14
u001455,signup,2026-02-13 14:06:48
u001455,activate,2026-02-15 17:11:36
u001456,visit,2026-05-04 04:20:58
u001457,visit,2026-02-11 17:38:01
u001458,visit,2026-04-08 18:32:03
u001459,visit,2026-04-30 04:46:34
u001460,visit,2026-01-10 01:05:49
u001461,visit,2025-12-24 06:43:08
u001462,visit,2026-02-13 16:05:03
u001463,visit,2026-05-09 01:50:17
u001463,signup,2026-05-10 09:38:32
u001463,activate,2026-05-11 15:29:04
u001464,visit,2026-02-13 18:17:49
u001465,visit,2026-05-10 21:11:51
u001466,visit,2026-03-24 23:08:21
u001466,signup,2026-03-26 14:03:30
u001466,activate,2026-03-26 21:40:00
u001467,visit,2026-04-14 14:18:19
u001468,visit,2026-03-13 00:30:10
u001468,signup,2026-03-14 20:36:04
u001468,activate,2026-03-15 06:58:23
u001468,purchase,2026-03-22 12:36:11
u001469,visit,2026-03-27 09:45:19
u001469,signup,2026-03-29 08:27:53
u001470,visit,2026-03-02 14:15:23
u001470,signup,2026-03-03 09:17:30
u001470,activate,2026-03-04 09:07:32
u001471,visit,2026-05-07 08:16:22
u001471,signup,2026-05-08 17:32:45
u001472,visit,2026-03-16 09:59:25
u001473,visit,2026-02-14 13:15:31
u001474,visit,2026-02-14 15:44:47
u001474,signup,2026-02-16 02:58:30
u001474,activate,2026-02-17 04:17:50
u001474,purchase,2026-03-06 07:04:18
u001475,visit,2026-05-14 00:53:46
u001475,signup,2026-05-14 14:46:15
u001475,activate,2026-05-15 07:51:36
u001475,purchase,2026-05-16 14:24:50
u001476,visit,2026-02-12 03:27:31
u001476,signup,2026-02-13 06:03:14
u001476,activate,2026-02-13 18:10:48
u001477,visit,2025-12-21 07:36:27
u001478,visit,2026-05-02 20:14:57
u001478,signup,2026-05-04 08:13:51
u001479,visit,2026-03-22 02:10:14
u001480,visit,2025-12-28 09:33:06
u001481,visit,2026-03-11 03:19:32
u001481,signup,2026-03-11 17:55:34
u001481,activate,2026-03-13 02:09:32
u001481,purchase,2026-04-05 03:25:07
u001482,visit,2026-05-19 15:09:35
u001482,signup,2026-05-21 03:40:26
u001483,visit,2026-04-19 16:52:25
u001483,signup,2026-04-20 21:13:43
u001484,visit,2025-12-03 14:26:06
u001485,visit,2026-02-06 15:09:35
u001485,signup,2026-02-06 23:55:34
u001486,visit,2026-01-31 09:48:36
u001486,signup,2026-01-31 21:46:55
u001487,visit,2026-03-18 20:33:38
u001487,signup,2026-03-19 11:55:12
u001488,visit,2026-05-06 15:37:47
u001489,visit,2025-12-26 03:49:22
u001489,signup,2025-12-27 19:26:51
u001489,activate,2025-12-27 23:57:49
u001490,visit,2026-01-24 22:37:05
u001491,visit,2026-05-08 20:32:49
u001492,visit,2026-02-06 05:05:15
u001493,visit,2026-01-03 00:35:36
u001494,visit,2025-12-11 00:48:08
u001495,visit,2026-02-06 13:09:53
u001496,visit,2025-12-04 21:51:48
u001497,visit,2026-04-28 19:01:16
u001498,visit,2025-12-22 10:13:05
u001499,visit,2025-12-13 12:15:10
u001500,visit,2026-01-08 22:43:32
u001501,visit,2026-02-07 03:30:48
u001501,signup,2026-02-08 07:32:54
u001502,visit,2026-02-13 22:55:40
u001503,visit,2025-12-13 01:32:17
u001504,visit,2026-03-30 09:38:49
u001505,visit,2026-01-22 21:32:12
u001505,signup,2026-01-24 20:03:23
u001505,activate,2026-01-26 23:35:33
u001506,visit,2026-04-11 17:00:17
u001507,visit,2026-04-20 10:48:19
u001508,visit,2025-12-30 06:24:27
u001508,signup,2025-12-30 11:37:40
u001509,visit,2026-02-13 05:07:03
u001510,visit,2026-01-19 05:18:48
u001511,visit,2026-03-15 12:08:36
u001512,visit,2025-12-28 05:43:35
u001513,visit,2026-03-03 21:05:02
u001514,visit,2026-03-21 07:23:20
u001515,visit,2026-05-02 20:54:53
u001515,signup,2026-05-04 02:36:47
u001515,activate,2026-05-06 20:18:43
u001516,visit,2026-04-12 04:36:16
u001516,signup,2026-04-13 12:29:52
u001517,visit,2026-05-09 07:43:45
u001517,signup,2026-05-10 18:39:06
u001518,visit,2026-02-21 19:55:46
u001518,signup,2026-02-22 08:10:45
u001518,activate,2026-02-23 12:39:19
u001519,visit,2026-05-07 23:55:56
u001519,signup,2026-05-08 11:09:51
u001519,activate,2026-05-10 09:23:58
u001519,purchase,2026-05-15 21:34:13
u001520,visit,2026-02-21 07:06:00
u001521,visit,2026-02-13 10:23:09
u001521,signup,2026-02-14 11:26:33
u001521,activate,2026-02-14 12:17:16
u001522,visit,2026-03-03 18:41:44
u001522,signup,2026-03-04 06:52:26
u001522,activate,2026-03-06 05:22:58
u001523,visit,2026-01-28 11:35:26
u001524,visit,2026-02-08 00:52:08
u001525,visit,2025-12-25 14:02:02
u001525,signup,2025-12-26 14:56:10
u001525,activate,2025-12-27 00:24:03
u001525,purchase,2026-01-01 01:41:10
u001526,visit,2026-02-04 19:36:39
u001527,visit,2026-03-11 23:06:53
u001528,visit,2026-03-15 23:08:02
u001528,signup,2026-03-17 19:27:52
u001529,visit,2026-04-26 05:27:18
u001530,visit,2025-12-18 20:51:29
u001531,visit,2026-01-25 00:32:38
u001531,signup,2026-01-25 09:10:28
u001532,visit,2026-01-13 05:42:12
u001533,visit,2026-03-25 14:12:26
u001534,visit,2025-12-13 23:31:56
u001534,signup,2025-12-14 22:02:10
u001535,visit,2026-04-11 21:51:06
u001536,visit,2026-03-28 18:30:01
u001536,signup,2026-03-28 22:20:44
u001536,activate,2026-04-02 03:51:01
u001536,purchase,2026-04-03 08:39:38
u001537,visit,2026-01-17 12:31:13
u001538,visit,2026-05-29 07:15:08
u001538,signup,2026-05-30 04:12:05
u001539,visit,2026-04-10 02:38:41
u001540,visit,2025-12-20 03:46:11
u001541,visit,2026-02-21 22:13:55
u001542,visit,2026-01-15 04:59:23
u001543,visit,2026-04-10 23:28:40
u001543,signup,2026-04-11 04:51:10
u001543,activate,2026-04-11 11:44:56
u001544,visit,2026-02-20 04:41:13
u001545,visit,2026-01-25 18:49:55
u001546,visit,2026-05-25 15:00:01
u001546,signup,2026-05-26 00:42:26
u001546,activate,2026-05-26 15:31:57
u001547,visit,2026-05-03 05:52:55
u001548,visit,2026-03-10 15:29:36
u001549,visit,2025-12-05 21:46:40
u001549,signup,2025-12-06 18:06:46
u001550,visit,2026-04-05 22:33:27
u001551,visit,2026-01-09 15:59:17
u001551,signup,2026-01-10 03:08:02
u001551,activate,2026-01-11 19:09:13
u001551,purchase,2026-01-14 23:09:59
u001552,visit,2026-05-13 15:51:40
u001553,visit,2026-05-17 08:30:12
u001554,visit,2025-12-24 23:37:13
u001554,signup,2025-12-26 21:39:38
u001554,activate,2025-12-28 22:02:57
u001555,visit,2026-05-07 02:05:38
u001556,visit,2025-12-26 02:30:00
u001557,visit,2026-02-20 03:14:05
u001558,visit,2025-12-10 04:32:33
u001559,visit,2026-05-18 05:54:27
u001559,signup,2026-05-18 18:56:29
u001559,activate,2026-05-27 19:04:30
u001559,purchase,2026-05-29 20:04:43
u001560,visit,2026-05-06 11:43:57
u001560,signup,2026-05-07 10:34:33
u001561,visit,2025-12-20 03:59:35
u001562,visit,2026-03-10 08:03:53
u001562,signup,2026-03-12 06:24:26
u001563,visit,2026-02-04 14:15:38
u001564,visit,2026-03-15 12:52:50
u001565,visit,2026-04-07 08:28:10
u001566,visit,2026-03-09 20:59:18
u001567,visit,2026-05-12 17:36:33
u001568,visit,2026-04-03 08:09:46
u001569,visit,2026-05-06 13:50:12
u001570,visit,2025-12-24 00:14:59
u001571,visit,2026-05-25 04:20:10
u001571,signup,2026-05-26 09:07:38
u001571,activate,2026-05-30 04:03:20
u001572,visit,2026-01-06 16:15:05
u001572,signup,2026-01-07 04:08:51
u001572,activate,2026-01-07 16:31:27
u001572,purchase,2026-02-07 10:57:31
u001573,visit,2026-02-21 07:46:20
u001574,visit,2026-01-19 03:31:20
u001575,visit,2026-05-10 14:45:10
u001576,visit,2026-04-12 03:32:39
u001576,signup,2026-04-12 11:59:43
u001577,visit,2026-01-14 08:52:29
u001578,visit,2025-12-07 21:59:06
u001579,visit,2026-05-17 19:02:46
u001580,visit,2026-05-27 09:08:12
u001580,signup,2026-05-29 01:39:31
u001580,activate,2026-06-01 05:35:17
u001581,visit,2026-04-12 22:43:58
u001582,visit,2026-02-16 21:03:59
u001583,visit,2026-05-07 18:56:38
u001583,signup,2026-05-09 00:32:15
u001583,activate,2026-05-09 03:02:02
u001584,visit,2025-12-06 22:17:32
u001585,visit,2026-05-19 12:10:07
u001585,signup,2026-05-20 02:17:00
u001585,activate,2026-05-20 19:51:57
u001586,visit,2026-03-24 10:01:17
u001586,signup,2026-03-25 16:33:01
u001587,visit,2026-05-02 02:09:23
u001588,visit,2026-05-21 13:36:56
u001588,signup,2026-05-23 12:39:29
u001588,activate,2026-05-24 00:32:21
u001589,visit,2026-04-13 20:52:08
u001589,signup,2026-04-15 19:23:04
u001589,activate,2026-04-16 21:44:44
u001590,visit,2026-03-27 06:25:22
u001590,signup,2026-03-28 16:28:09
u001591,visit,2026-05-29 12:16:13
u001592,visit,2025-12-02 10:00:28
u001593,visit,2026-01-30 20:18:11
u001594,visit,2026-04-26 16:45:26
u001594,signup,2026-04-28 04:11:11
u001594,activate,2026-04-28 14:13:46
u001595,visit,2026-02-21 18:52:43
u001596,visit,2026-04-11 19:42:05
u001597,visit,2026-05-15 16:58:52
u001597,signup,2026-05-16 21:28:56
u001597,activate,2026-05-17 22:46:53
u001597,purchase,2026-05-19 03:18:48
u001598,visit,2026-02-11 02:43:10
u001599,visit,2026-01-22 14:16:11
u001599,signup,2026-01-24 05:41:34
u001600,visit,2026-05-15 05:36:14
u001600,signup,2026-05-15 06:53:29
u001600,activate,2026-05-16 18:47:19
u001600,purchase,2026-05-22 14:23:50
u001601,visit,2026-04-10 10:03:06
u001602,visit,2026-05-22 10:32:17
u001602,signup,2026-05-23 06:35:35
u001603,visit,2025-12-12 03:57:35
u001603,signup,2025-12-12 12:43:56
u001603,activate,2025-12-12 15:59:42
u001603,purchase,2025-12-25 17:02:53
u001604,visit,2026-03-17 08:24:15
u001605,visit,2026-03-27 02:21:40
u001606,visit,2026-01-14 00:00:40
u001607,visit,2026-05-10 16:07:51
u001607,signup,2026-05-10 21:13:18
u001607,activate,2026-05-14 06:41:15
u001608,visit,2026-04-21 15:37:06
u001609,visit,2026-02-26 10:42:06
u001610,visit,2026-05-05 18:59:45
u001610,signup,2026-05-06 01:48:20
u001611,visit,2026-05-10 01:19:15
u001612,visit,2026-03-19 20:31:28
u001613,visit,2026-01-16 12:52:06
u001614,visit,2026-03-19 14:57:58
u001615,visit,2026-03-10 19:43:10
u001615,signup,2026-03-11 18:37:57
u001616,visit,2025-12-22 04:52:40
u001617,visit,2026-03-02 00:19:54
u001618,visit,2026-05-20 09:22:49
u001618,signup,2026-05-20 16:27:47
u001619,visit,2026-03-02 01:00:19
u001620,visit,2026-05-16 12:57:44
u001621,visit,2026-04-22 07:18:09
u001621,signup,2026-04-22 07:43:54
u001622,visit,2026-03-14 04:31:56
u001622,signup,2026-03-16 00:26:43
u001623,visit,2026-02-05 20:04:42
u001624,visit,2026-01-11 12:16:54
u001625,visit,2026-04-30 16:11:16
u001626,visit,2026-03-19 02:43:00
u001626,signup,2026-03-21 02:26:23
u001626,activate,2026-03-21 22:57:18
u001626,purchase,2026-03-26 09:19:16
u001627,visit,2026-05-07 07:28:43
u001628,visit,2026-01-03 10:14:15
u001629,visit,2026-04-06 19:45:41
u001630,visit,2026-02-05 13:14:56
u001630,signup,2026-02-06 17:34:19
u001630,activate,2026-02-06 18:34:53
u001631,visit,2026-05-16 17:12:51
u001631,signup,2026-05-16 22:10:18
u001632,visit,2025-12-07 06:41:33
u001633,visit,2026-04-18 08:44:37
u001634,visit,2026-02-03 11:07:07
u001634,signup,2026-02-04 18:27:43
u001634,activate,2026-02-07 04:23:45
u001635,visit,2026-01-22 08:07:50
u001635,signup,2026-01-24 01:32:08
u001636,visit,2026-04-05 05:29:46
u001637,visit,2025-12-22 13:13:06
u001638,visit,2026-03-01 09:10:38
u001638,signup,2026-03-03 02:14:20
u001638,activate,2026-03-03 05:53:34
u001638,purchase,2026-03-16 15:45:40
u001639,visit,2026-05-17 13:47:31
u001640,visit,2026-01-04 00:37:02
u001641,visit,2026-02-20 00:44:37
u001642,visit,2026-01-10 07:14:14
u001642,signup,2026-01-11 00:05:18
u001643,visit,2026-02-06 08:26:23
u001644,visit,2026-03-28 01:14:04
u001645,visit,2026-03-23 05:22:27
u001646,visit,2026-01-20 10:52:21
u001646,signup,2026-01-21 07:22:09
u001646,activate,2026-01-24 08:47:26
u001646,purchase,2026-01-29 00:59:28
u001647,visit,2026-04-13 21:39:14
u001648,visit,2026-05-03 10:30:19
u001649,visit,2026-02-09 01:12:19
u001650,visit,2026-02-28 07:14:14
u001651,visit,2026-05-25 01:24:02
u001652,visit,2026-02-04 11:51:08
u001653,visit,2026-04-02 18:51:21
u001654,visit,2025-12-18 13:53:50
u001654,signup,2025-12-18 22:45:17
u001654,activate,2025-12-19 05:41:34
u001654,purchase,2026-01-02 06:29:20
u001655,visit,2026-01-09 21:07:42
u001655,signup,2026-01-10 05:40:51
u001655,activate,2026-01-14 03:29:45
u001655,purchase,2026-01-18 20:51:28
u001656,visit,2026-03-29 15:03:02
u001656,signup,2026-03-30 12:57:17
u001656,activate,2026-03-30 14:47:12
u001657,visit,2026-04-28 19:57:13
u001657,signup,2026-04-30 10:00:37
u001658,visit,2026-04-06 20:01:50
u001659,visit,2026-05-08 01:46:42
u001660,visit,2026-04-07 10:17:29
u001661,visit,2026-01-21 18:33:13
u001662,visit,2025-12-13 06:13:01
u001663,visit,2026-02-12 11:52:00
u001664,visit,2025-12-31 05:54:19
u001665,visit,2026-02-16 01:41:36
u001666,visit,2026-02-24 16:52:44
u001666,signup,2026-02-26 12:31:17
u001666,activate,2026-02-28 13:16:03
u001667,visit,2026-04-04 10:08:34
u001668,visit,2026-02-10 10:35:19
u001668,signup,2026-02-10 12:15:53
u001669,visit,2025-12-14 11:21:16
u001670,visit,2026-03-14 10:11:19
u001671,visit,2026-02-22 00:34:14
u001671,signup,2026-02-23 05:38:06
u001672,visit,2026-05-05 11:45:12
u001672,signup,2026-05-06 13:59:25
u001673,visit,2026-03-27 09:24:01
u001674,visit,2026-05-24 20:00:21
u001675,visit,2026-01-11 03:31:37
u001676,visit,2026-01-05 22:59:11
u001677,visit,2026-05-10 09:33:25
u001677,signup,2026-05-12 08:57:19
u001677,activate,2026-05-13 02:05:29
u001677,purchase,2026-05-24 23:10:19
u001678,visit,2026-03-23 15:39:45
u001679,visit,2026-03-09 14:14:59
u001680,visit,2026-04-28 18:32:55
u001680,signup,2026-04-29 03:40:26
u001681,visit,2026-02-25 02:38:03
u001681,signup,2026-02-26 18:38:32
u001681,activate,2026-03-04 20:05:56
u001682,visit,2026-03-19 16:16:52
u001683,visit,2026-01-18 15:02:43
u001683,signup,2026-01-20 10:18:56
u001683,activate,2026-01-23 04:09:37
u001683,purchase,2026-02-07 19:44:20
u001684,visit,2026-05-30 02:32:33
u001685,visit,2026-02-21 16:21:11
u001685,signup,2026-02-23 01:30:18
u001686,visit,2026-04-11 04:57:10
u001687,visit,2026-02-20 17:52:15
u001688,visit,2026-01-02 23:31:56
u001689,visit,2026-03-14 10:50:26
u001690,visit,2026-01-09 11:30:36
u001691,visit,2026-01-14 11:25:51
u001692,visit,2026-01-20 08:55:10
u001693,visit,2026-02-27 03:17:00
u001694,visit,2026-01-18 07:43:58
u001695,visit,2026-02-06 09:26:09
u001696,visit,2026-04-03 02:47:27
u001697,visit,2026-03-15 21:12:28
u001697,signup,2026-03-17 06:29:22
u001698,visit,2026-05-01 14:55:44
u001698,signup,2026-05-03 04:35:02
u001699,visit,2026-01-26 12:59:17
u001699,signup,2026-01-26 22:42:17
u001700,visit,2026-01-21 17:25:24
u001701,visit,2025-12-06 17:28:04
u001701,signup,2025-12-08 06:25:45
u001702,visit,2026-01-12 05:28:37
u001703,visit,2026-04-14 19:25:05
u001704,visit,2026-04-28 02:34:07
u001704,signup,2026-04-29 22:42:50
u001705,visit,2026-02-27 00:12:01
u001705,signup,2026-02-28 02:42:40
u001705,activate,2026-03-07 02:12:46
u001706,visit,2026-03-19 22:55:52
u001706,signup,2026-03-21 12:30:57
u001706,activate,2026-03-21 16:23:01
u001707,visit,2026-05-03 09:03:41
u001708,visit,2026-05-30 16:37:18
u001709,visit,2026-03-18 22:50:27
u001710,visit,2026-05-15 14:08:47
u001711,visit,2025-12-05 14:33:05
u001711,signup,2025-12-06 12:21:59
u001711,activate,2025-12-08 13:20:51
u001712,visit,2026-03-27 00:04:19
u001712,signup,2026-03-28 14:28:48
u001712,activate,2026-03-29 14:58:43
u001712,purchase,2026-03-31 09:50:17
u001713,visit,2026-01-13 23:46:23
u001713,signup,2026-01-15 03:06:58
u001713,activate,2026-01-15 06:14:20
u001713,purchase,2026-01-17 09:50:27
u001714,visit,2025-12-07 01:54:17
u001714,signup,2025-12-09 00:11:33
u001715,visit,2026-01-04 16:13:35
u001716,visit,2026-03-14 12:02:31
u001716,signup,2026-03-15 21:44:48
u001717,visit,2026-05-19 08:28:42
u001718,visit,2026-05-09 22:38:00
u001719,visit,2025-12-19 22:51:24
u001720,visit,2026-01-13 21:39:25
u001721,visit,2026-01-11 04:26:54
u001722,visit,2026-03-03 19:15:52
u001722,signup,2026-03-04 18:07:25
u001723,visit,2026-03-25 00:31:21
u001724,visit,2026-03-09 20:41:37
u001725,visit,2026-01-26 23:56:37
u001726,visit,2026-01-25 13:52:14
u001726,signup,2026-01-25 17:45:40
u001726,activate,2026-01-28 16:03:04
u001726,purchase,2026-02-13 12:45:01
u001727,visit,2026-01-16 16:12:11
u001727,signup,2026-01-17 18:28:58
u001728,visit,2025-12-22 11:29:49
u001729,visit,2026-03-06 23:48:08
u001730,visit,2026-04-10 20:48:35
u001730,signup,2026-04-11 10:34:10
u001731,visit,2026-03-16 23:34:04
u001732,visit,2026-02-13 22:59:35
u001733,visit,2026-02-25 18:27:24
u001733,signup,2026-02-26 03:08:46
u001734,visit,2026-01-14 07:35:12
u001734,signup,2026-01-14 13:18:49
u001734,activate,2026-01-14 16:28:57
u001735,visit,2025-12-09 13:27:58
u001735,signup,2025-12-10 09:24:41
u001735,activate,2025-12-13 11:57:14
u001735,purchase,2025-12-19 12:42:37
u001736,visit,2026-03-12 23:05:51
u001737,visit,2026-03-18 01:19:33
u001738,visit,2026-02-27 16:48:06
u001738,signup,2026-03-01 15:39:45
u001738,activate,2026-03-02 00:29:40
u001739,visit,2026-02-20 06:44:01
u001740,visit,2026-05-24 10:43:51
u001740,signup,2026-05-25 17:53:42
u001740,activate,2026-05-27 01:12:07
u001741,visit,2025-12-26 09:48:11
u001742,visit,2026-02-18 06:18:55
u001742,signup,2026-02-19 02:40:11
u001742,activate,2026-02-22 07:01:26
u001743,visit,2026-03-28 19:04:49
u001743,signup,2026-03-29 18:25:19
u001744,visit,2026-02-27 10:07:37
u001745,visit,2026-04-03 17:18:41
u001746,visit,2026-03-16 14:47:08
u001746,signup,2026-03-17 23:54:57
u001747,visit,2026-01-29 20:25:53
u001747,signup,2026-01-30 00:08:02
u001747,activate,2026-01-30 01:43:00
u001748,visit,2026-03-29 23:49:08
u001748,signup,2026-03-30 11:55:04
u001748,activate,2026-04-01 18:14:04
u001749,visit,2026-05-29 19:37:48
u001749,signup,2026-05-30 13:26:11
u001750,visit,2026-05-22 05:34:22
u001750,signup,2026-05-22 15:26:50
u001750,activate,2026-05-23 16:17:03
u001751,visit,2026-05-08 05:56:46
u001752,visit,2026-05-16 22:16:20
u001753,visit,2026-04-01 20:28:57
u001754,visit,2026-03-10 19:39:41
u001755,visit,2026-03-18 06:15:02
u001755,signup,2026-03-20 04:41:10
u001756,visit,2025-12-18 02:30:10
u001757,visit,2026-05-04 01:52:18
u001758,visit,2026-01-26 17:03:32
u001759,visit,2026-03-21 17:51:22
u001760,visit,2025-12-10 12:46:53
u001760,signup,2025-12-12 00:59:10
u001761,visit,2026-04-24 21:29:51
u001762,visit,2026-05-13 11:48:10
u001763,visit,2026-05-25 06:41:37
u001763,signup,2026-05-26 14:44:31
u001763,activate,2026-05-26 21:04:21
u001763,purchase,2026-05-28 07:16:33
u001764,visit,2026-01-12 07:43:34
u001765,visit,2026-03-23 12:10:27
u001765,signup,2026-03-24 12:48:14
u001766,visit,2026-05-16 13:41:21
u001767,visit,2026-03-24 12:37:16
u001768,visit,2026-05-07 22:16:09
u001769,visit,2026-04-02 21:57:42
u001769,signup,2026-04-04 03:11:01
u001769,activate,2026-04-07 02:03:26
u001770,visit,2026-03-23 23:58:06
u001771,visit,2026-01-25 10:10:02
u001771,signup,2026-01-25 12:44:02
u001772,visit,2026-05-22 21:54:38
u001773,visit,2025-12-17 11:31:46
u001773,signup,2025-12-18 12:22:11
u001773,activate,2025-12-19 02:02:06
u001774,visit,2026-03-02 14:49:20
u001775,visit,2026-04-05 17:49:41
u001775,signup,2026-04-06 20:43:56
u001775,activate,2026-04-09 03:16:54
u001775,purchase,2026-04-18 10:13:22
u001776,visit,2026-01-02 22:22:38
u001776,signup,2026-01-04 12:17:14
u001777,visit,2026-05-26 19:50:40
u001778,visit,2026-04-10 18:47:49
u001779,visit,2026-01-02 19:14:51
u001779,signup,2026-01-03 14:25:38
u001779,activate,2026-01-04 19:23:19
u001780,visit,2026-01-06 14:42:37
u001780,signup,2026-01-08 00:06:20
u001781,visit,2026-04-28 08:02:12
u001782,visit,2026-03-01 05:18:10
u001783,visit,2026-04-23 16:47:11
u001784,visit,2025-12-26 22:49:41
u001785,visit,2026-04-08 20:39:17
u001786,visit,2026-05-27 23:50:17
u001787,visit,2026-03-09 04:56:24
u001788,visit,2026-03-01 18:42:40
u001789,visit,2025-12-18 00:07:45
u001790,visit,2025-12-09 21:28:53
u001790,signup,2025-12-10 23:44:00
u001790,activate,2025-12-13 08:18:29
u001791,visit,2026-02-21 10:02:35
u001792,visit,2026-03-25 03:27:48
u001792,signup,2026-03-25 07:15:59
u001792,activate,2026-03-27 01:06:38
u001792,purchase,2026-03-28 14:08:45
u001793,visit,2026-02-08 17:07:40
u001794,visit,2026-04-09 09:23:25
u001794,signup,2026-04-09 23:11:09
u001795,visit,2026-03-02 02:44:12
u001795,signup,2026-03-03 14:43:31
u001796,visit,2026-01-07 17:56:50
u001797,visit,2026-04-04 12:22:11
u001798,visit,2026-02-05 03:23:10
u001798,signup,2026-02-05 18:40:03
u001799,visit,2026-04-20 07:09:46
u001800,visit,2026-02-20 13:29:50
u001800,signup,2026-02-21 07:46:36
u001800,activate,2026-02-22 22:09:48
u001800,purchase,2026-03-07 10:31:31
u001801,visit,2026-03-26 01:48:39
u001802,visit,2026-01-05 23:16:18
u001803,visit,2026-03-09 21:57:55
u001804,visit,2026-04-26 15:03:44
u001805,visit,2026-03-26 00:50:54
u001805,signup,2026-03-27 20:57:51
u001805,activate,2026-03-29 16:09:23
u001806,visit,2026-02-08 16:32:30
u001807,visit,2026-04-24 13:55:05
u001808,visit,2026-02-14 17:32:57
u001808,signup,2026-02-15 01:53:05
u001809,visit,2026-05-29 17:14:09
u001809,signup,2026-05-31 02:22:29
u001809,activate,2026-06-02 21:05:23
u001810,visit,2025-12-04 18:54:53
u001811,visit,2026-04-26 15:41:21
u001811,signup,2026-04-28 13:39:47
u001811,activate,2026-05-02 15:08:47
u001812,visit,2026-04-15 08:12:30
u001812,signup,2026-04-17 05:21:41
u001813,visit,2026-01-16 20:59:10
u001814,visit,2026-01-18 11:04:50
u001814,signup,2026-01-19 22:42:35
u001814,activate,2026-01-27 02:07:43
u001815,visit,2026-04-11 23:53:26
u001816,visit,2026-05-25 20:57:35
u001817,visit,2026-05-21 12:03:12
u001818,visit,2026-01-26 20:09:13
u001818,signup,2026-01-27 04:48:11
u001819,visit,2026-04-29 12:24:40
u001820,visit,2026-01-16 00:57:50
u001821,visit,2026-05-22 14:33:55
u001821,signup,2026-05-24 13:08:15
u001821,activate,2026-05-29 13:22:01
u001822,visit,2026-04-14 19:46:15
u001822,signup,2026-04-15 12:54:23
u001822,activate,2026-04-16 04:38:15
u001822,purchase,2026-05-27 11:22:16
u001823,visit,2026-01-09 03:17:46
u001823,signup,2026-01-11 01:32:29
u001824,visit,2026-03-15 23:58:30
u001825,visit,2026-02-27 01:10:25
u001826,visit,2026-02-02 18:29:16
u001826,signup,2026-02-04 12:36:34
u001826,activate,2026-02-09 12:44:20
u001826,purchase,2026-02-24 11:49:53
u001827,visit,2025-12-07 19:23:23
u001827,signup,2025-12-08 09:14:16
u001827,activate,2025-12-08 09:29:22
u001828,visit,2026-01-05 18:33:05
u001828,signup,2026-01-06 03:01:43
u001829,visit,2025-12-23 20:18:49
u001830,visit,2026-02-12 20:45:43
u001830,signup,2026-02-13 01:24:26
u001831,visit,2026-02-06 03:58:32
u001832,visit,2026-02-02 06:00:30
u001833,visit,2025-12-09 08:42:50
u001833,signup,2025-12-10 09:16:23
u001833,activate,2025-12-13 07:53:10
u001834,visit,2026-05-21 04:18:37
u001834,signup,2026-05-22 13:27:43
u001834,activate,2026-05-23 22:09:45
u001835,visit,2026-04-20 13:17:26
u001835,signup,2026-04-22 04:42:09
u001836,visit,2026-05-22 23:30:16
u001836,signup,2026-05-23 21:48:06
u001836,activate,2026-05-25 15:02:01
u001837,visit,2026-02-07 12:30:55
u001837,signup,2026-02-09 11:09:20
u001837,activate,2026-02-10 02:26:51
u001838,visit,2026-03-03 00:49:57
u001839,visit,2026-05-28 21:03:10
u001839,signup,2026-05-30 13:25:29
u001839,activate,2026-05-30 23:26:57
u001840,visit,2025-12-23 08:24:32
u001841,visit,2026-01-02 13:59:27
u001842,visit,2026-05-24 14:17:52
u001842,signup,2026-05-26 07:09:49
u001843,visit,2025-12-26 05:06:06
u001844,visit,2026-03-20 08:32:59
u001845,visit,2026-05-02 16:03:41
u001846,visit,2025-12-19 11:12:49
u001846,signup,2025-12-20 03:56:12
u001846,activate,2025-12-24 04:06:48
u001846,purchase,2025-12-27 14:21:16
u001847,visit,2026-01-16 10:11:11
u001848,visit,2026-02-18 21:58:34
u001848,signup,2026-02-20 07:39:50
u001848,activate,2026-02-20 11:45:31
u001848,purchase,2026-03-03 09:32:52
u001849,visit,2026-02-22 00:22:35
u001850,visit,2026-02-14 11:38:52
u001850,signup,2026-02-16 09:05:29
u001850,activate,2026-02-16 21:17:56
u001850,purchase,2026-02-25 06:56:39
u001851,visit,2026-01-15 03:15:11
u001852,visit,2026-02-01 08:31:38
u001853,visit,2026-03-10 12:00:49
u001854,visit,2026-01-15 09:15:32
u001855,visit,2026-01-25 13:52:49
u001856,visit,2026-01-15 09:53:04
u001857,visit,2026-01-23 01:54:14
u001857,signup,2026-01-23 16:45:52
u001858,visit,2026-02-11 04:01:34
u001859,visit,2026-02-06 16:46:48
u001860,visit,2026-01-10 08:13:04
u001861,visit,2026-03-06 01:55:37
u001862,visit,2026-02-10 23:20:53
u001863,visit,2026-05-25 00:36:28
u001863,signup,2026-05-25 20:47:39
u001864,visit,2026-01-29 16:26:57
u001864,signup,2026-01-30 14:34:43
u001864,activate,2026-01-30 18:05:36
u001864,purchase,2026-02-05 10:51:02
u001865,visit,2026-05-11 18:25:47
u001866,visit,2026-02-05 11:52:46
u001866,signup,2026-02-06 23:40:08
u001866,activate,2026-02-13 07:22:59
u001866,purchase,2026-02-21 16:39:28
u001867,visit,2026-04-14 05:41:52
u001867,signup,2026-04-15 07:20:16
u001867,activate,2026-04-17 07:36:28
u001868,visit,2026-05-12 01:38:27
u001868,signup,2026-05-12 06:35:56
u001868,activate,2026-05-12 12:15:01
u001869,visit,2025-12-06 04:39:42
u001870,visit,2026-03-10 11:39:15
u001870,signup,2026-03-10 20:50:58
u001871,visit,2026-05-29 22:10:56
u001871,signup,2026-05-30 14:34:42
u001872,visit,2026-03-17 19:14:32
u001873,visit,2026-04-17 15:21:18
u001874,visit,2025-12-18 07:27:00
u001875,visit,2025-12-02 17:05:33
u001876,visit,2025-12-13 20:13:58
u001877,visit,2026-04-17 02:47:29
u001878,visit,2026-01-27 21:11:33
u001879,visit,2026-03-16 01:23:14
u001879,signup,2026-03-16 15:01:54
u001879,activate,2026-03-19 01:22:47
u001880,visit,2026-03-23 17:28:01
u001881,visit,2026-01-06 04:33:48
u001882,visit,2026-05-05 11:53:08
u001882,signup,2026-05-06 13:44:59
u001882,activate,2026-05-10 17:08:47
u001882,purchase,2026-05-15 21:09:18
u001883,visit,2026-01-02 15:22:55
u001884,visit,2026-01-17 17:08:38
u001885,visit,2026-03-24 08:58:27
u001886,visit,2026-02-11 00:45:57
u001887,visit,2026-01-21 09:11:13
u001888,visit,2026-05-05 07:37:09
u001888,signup,2026-05-06 18:24:58
u001889,visit,2025-12-12 18:58:52
u001890,visit,2026-05-18 14:58:00
u001891,visit,2026-05-21 07:40:59
u001891,signup,2026-05-22 03:00:14
u001891,activate,2026-05-25 22:42:24
u001892,visit,2026-04-30 07:08:23
u001892,signup,2026-05-01 16:08:22
u001893,visit,2025-12-09 09:09:18
u001893,signup,2025-12-10 15:49:39
u001893,activate,2025-12-12 01:46:53
u001894,visit,2026-04-28 20:38:51
u001895,visit,2026-05-03 21:40:14
u001895,signup,2026-05-05 21:26:50
u001895,activate,2026-05-07 22:15:42
u001895,purchase,2026-05-09 00:24:07
u001896,visit,2026-04-29 07:38:27
u001897,visit,2026-02-20 09:30:00
u001898,visit,2026-01-29 02:23:11
u001899,visit,2025-12-20 11:58:53
u001899,signup,2025-12-22 05:20:02
u001899,activate,2025-12-23 02:01:38
u001900,visit,2026-01-24 12:24:29
u001900,signup,2026-01-24 18:10:08
u001901,visit,2026-04-07 15:14:41
u001902,visit,2026-01-29 04:02:01
u001902,signup,2026-01-30 02:04:29
u001902,activate,2026-01-30 08:09:32
u001903,visit,2026-03-09 14:40:12
u001904,visit,2026-03-08 07:47:14
u001905,visit,2026-03-01 21:37:51
u001906,visit,2026-05-04 01:18:37
u001906,signup,2026-05-05 16:57:25
u001906,activate,2026-05-06 10:04:41
u001907,visit,2026-02-12 12:47:27
u001908,visit,2026-04-26 20:00:27
u001909,visit,2026-02-10 03:27:32
u001910,visit,2026-01-19 11:46:17
u001911,visit,2026-05-22 07:32:32
u001911,signup,2026-05-23 14:26:32
u001912,visit,2026-02-20 00:05:14
u001912,signup,2026-02-20 07:03:03
u001913,visit,2026-01-15 14:50:17
u001913,signup,2026-01-16 17:40:30
u001913,activate,2026-01-17 02:49:37
u001914,visit,2026-03-26 04:16:19
u001915,visit,2026-05-21 15:58:48
u001916,visit,2026-03-06 10:24:38
u001916,signup,2026-03-08 04:14:17
u001916,activate,2026-03-08 23:08:52
u001917,visit,2025-12-09 06:54:53
u001918,visit,2026-01-20 06:30:17
u001919,visit,2026-03-06 16:02:41
u001919,signup,2026-03-06 21:12:24
u001920,visit,2026-05-10 14:23:02
u001920,signup,2026-05-12 04:46:46
u001920,activate,2026-05-14 07:30:20
u001921,visit,2026-01-21 01:22:47
u001922,visit,2026-04-02 07:59:41
u001923,visit,2026-03-23 02:05:30
u001923,signup,2026-03-24 10:44:48
u001924,visit,2026-02-10 05:26:38
u001924,signup,2026-02-10 11:30:44
u001924,activate,2026-02-13 04:10:20
u001925,visit,2026-04-10 14:29:25
u001925,signup,2026-04-11 20:49:43
u001926,visit,2025-12-14 01:59:40
u001926,signup,2025-12-14 10:24:31
u001927,visit,2025-12-04 22:37:44
u001928,visit,2026-03-31 11:11:30
u001928,signup,2026-03-31 19:47:59
u001928,activate,2026-04-01 03:47:12
u001928,purchase,2026-04-01 09:47:54
u001929,visit,2026-04-15 17:23:55
u001929,signup,2026-04-16 09:49:16
u001930,visit,2026-03-09 08:43:53
u001931,visit,2026-05-24 17:43:36
u001932,visit,2026-02-20 13:44:26
u001933,visit,2026-04-21 09:35:15
u001933,signup,2026-04-22 20:44:59
u001933,activate,2026-04-27 11:10:22
u001934,visit,2025-12-06 12:50:26
u001935,visit,2026-02-20 18:22:48
u001936,visit,2026-01-03 07:59:31
u001937,visit,2026-01-30 19:06:38
u001937,signup,2026-01-31 11:49:13
u001938,visit,2026-03-18 14:54:38
u001938,signup,2026-03-18 16:10:44
u001939,visit,2025-12-19 11:41:49
u001939,signup,2025-12-19 23:42:01
u001940,visit,2026-04-16 15:50:13
u001941,visit,2026-04-06 04:28:49
u001941,signup,2026-04-07 17:18:05
u001941,activate,2026-04-09 11:11:03
u001942,visit,2026-05-23 23:45:42
u001942,signup,2026-05-25 22:56:29
u001943,visit,2026-02-27 08:05:42
u001944,visit,2026-02-07 00:02:47
u001945,visit,2026-04-07 21:07:18
u001945,signup,2026-04-09 08:40:54
u001946,visit,2026-04-24 17:02:32
u001947,visit,2025-12-22 13:44:47
u001948,visit,2026-05-27 06:27:19
u001948,signup,2026-05-27 18:04:48
u001949,visit,2026-02-03 03:57:35
u001950,visit,2025-12-16 02:05:02
u001951,visit,2026-01-14 22:43:02
u001952,visit,2026-02-21 19:26:29
u001952,signup,2026-02-23 10:03:06
u001953,visit,2026-01-07 14:13:10
u001953,signup,2026-01-08 19:53:30
u001954,visit,2026-04-07 10:20:11
u001955,visit,2026-03-01 23:15:17
u001956,visit,2025-12-05 21:03:46
u001956,signup,2025-12-07 19:21:52
u001956,activate,2025-12-11 08:26:23
u001956,purchase,2025-12-12 00:23:56
u001957,visit,2026-03-25 05:03:38
u001958,visit,2026-04-12 08:21:41
u001959,visit,2026-04-28 07:23:05
u001960,visit,2026-05-04 05:23:37
u001961,visit,2026-01-13 04:20:22
u001962,visit,2026-04-23 13:10:47
u001963,visit,2026-04-07 20:45:54
u001964,visit,2026-01-07 15:58:44
u001964,signup,2026-01-09 10:33:45
u001964,activate,2026-01-12 12:42:33
u001965,visit,2025-12-18 14:32:04
u001965,signup,2025-12-20 13:11:49
u001966,visit,2026-01-24 20:18:51
u001967,visit,2026-03-18 22:50:38
u001968,visit,2026-04-30 00:23:01
u001968,signup,2026-04-30 14:39:38
u001968,activate,2026-05-01 15:04:15
u001968,purchase,2026-05-03 16:35:42
u001969,visit,2026-03-06 06:17:11
u001969,signup,2026-03-07 13:46:41
u001970,visit,2026-01-23 14:59:14
u001971,visit,2026-05-26 16:01:45
u001971,signup,2026-05-26 17:43:34
u001971,activate,2026-05-30 09:42:18
u001972,visit,2026-02-27 01:59:10
u001973,visit,2026-05-18 16:17:13
u001973,signup,2026-05-19 14:46:15
u001974,visit,2026-05-17 17:04:40
u001974,signup,2026-05-17 17:08:50
u001975,visit,2026-03-06 16:50:01
u001976,visit,2026-01-09 06:21:37
u001976,signup,2026-01-10 00:36:39
u001976,activate,2026-01-13 17:26:56
u001977,visit,2026-01-29 07:34:54
u001977,signup,2026-01-30 23:33:41
u001978,visit,2026-04-20 03:28:35
u001979,visit,2026-04-22 13:47:04
u001980,visit,2025-12-26 01:33:41
u001980,signup,2025-12-27 03:16:15
u001981,visit,2026-03-18 10:23:48
u001981,signup,2026-03-19 20:09:13
u001981,activate,2026-03-20 20:09:26
u001981,purchase,2026-03-24 04:08:48
u001982,visit,2026-05-29 04:28:41
u001982,signup,2026-05-29 20:52:24
u001982,activate,2026-05-30 23:33:14
u001983,visit,2026-01-02 14:43:18
u001984,visit,2026-03-13 02:26:25
u001985,visit,2026-05-06 16:17:43
u001986,visit,2026-01-10 07:47:40
u001987,visit,2026-05-16 07:51:10
u001988,visit,2026-05-25 23:47:05
u001989,visit,2025-12-21 23:16:20
u001989,signup,2025-12-23 09:20:25
u001990,visit,2026-05-11 04:30:17
u001990,signup,2026-05-12 05:09:08
u001991,visit,2026-03-19 18:40:08
u001992,visit,2026-03-06 01:15:43
u001993,visit,2026-01-05 14:12:34
u001994,visit,2026-01-21 19:53:37
u001995,visit,2026-05-23 12:07:16
u001996,visit,2025-12-06 11:04:32
u001997,visit,2026-04-06 10:26:22
u001997,signup,2026-04-07 03:13:48
u001997,activate,2026-04-08 06:05:13
u001997,purchase,2026-04-17 16:23:07
u001998,visit,2026-02-15 07:00:12
u001998,signup,2026-02-16 03:03:57
u001998,activate,2026-02-17 09:27:00
u001998,purchase,2026-02-25 15:27:14
u001999,visit,2026-02-20 03:20:22
u002000,visit,2026-02-26 05:08:40
u002001,visit,2026-02-25 07:39:53
u002001,signup,2026-02-27 04:52:54
u002001,activate,2026-02-28 20:31:53
u002002,visit,2025-12-30 17:42:57
u002002,signup,2026-01-01 08:55:52
u002003,visit,2026-05-16 18:33:12
u002003,signup,2026-05-17 19:02:11
u002004,visit,2026-05-30 04:00:36
u002004,signup,2026-05-30 12:41:44
u002004,activate,2026-06-04 21:09:14
u002005,visit,2026-05-01 20:30:41
u002006,visit,2026-02-17 03:41:20
u002006,signup,2026-02-17 16:23:20
u002006,activate,2026-02-18 09:02:19
u002007,visit,2025-12-18 00:00:55
u002007,signup,2025-12-19 22:39:29
u002007,activate,2025-12-20 00:23:12
u002007,purchase,2025-12-24 06:59:40
u002008,visit,2026-01-31 21:13:22
u002008,signup,2026-02-01 01:46:33
u002009,visit,2026-03-19 15:36:59
u002010,visit,2026-03-30 04:42:53
u002010,signup,2026-03-31 07:14:29
u002010,activate,2026-04-05 22:10:17
u002010,purchase,2026-04-16 14:04:26
u002011,visit,2026-01-22 00:50:05
u002011,signup,2026-01-23 01:36:15
u002011,activate,2026-01-25 02:59:23
u002011,purchase,2026-02-14 09:33:25
u002012,visit,2025-12-19 19:17:39
u002012,signup,2025-12-20 07:01:46
u002013,visit,2025-12-03 00:28:51
u002014,visit,2026-02-16 02:03:17
u002015,visit,2026-03-04 10:09:36
u002016,visit,2026-02-07 23:23:50
u002017,visit,2026-04-07 23:58:51
u002018,visit,2026-02-13 21:17:09
u002018,signup,2026-02-15 01:35:10
u002019,visit,2026-05-01 15:50:05
u002019,signup,2026-05-03 09:22:39
u002020,visit,2026-01-26 23:24:02
u002021,visit,2025-12-07 09:32:57
u002021,signup,2025-12-08 22:59:52
u002021,activate,2025-12-09 14:54:39
u002021,purchase,2025-12-11 21:07:06
u002022,visit,2026-03-02 07:06:13
u002022,signup,2026-03-02 22:21:22
u002022,activate,2026-03-05 15:29:31
u002023,visit,2026-05-09 04:37:50
u002023,signup,2026-05-09 14:46:20
u002023,activate,2026-05-10 03:18:02
u002023,purchase,2026-05-17 06:56:24
u002024,visit,2026-02-10 17:12:01
u002025,visit,2026-02-21 22:12:17
u002026,visit,2026-05-18 05:23:18
u002026,signup,2026-05-18 08:01:02
u002027,visit,2026-04-21 17:52:09
u002027,signup,2026-04-23 12:39:16
u002027,activate,2026-04-25 05:35:57
u002027,purchase,2026-05-03 07:53:22
u002028,visit,2026-04-02 15:11:49
u002029,visit,2026-03-15 21:51:28
u002030,visit,2026-01-13 03:54:14
u002031,visit,2026-03-01 13:54:26
u002032,visit,2026-01-15 06:34:39
u002033,visit,2026-01-01 11:07:50
u002033,signup,2026-01-03 06:13:08
u002034,visit,2026-05-10 06:38:19
u002034,signup,2026-05-12 04:23:27
u002034,activate,2026-05-16 01:31:56
u002035,visit,2026-05-04 16:15:13
u002036,visit,2026-04-23 04:31:20
u002036,signup,2026-04-24 11:31:44
u002036,activate,2026-04-25 00:07:06
u002036,purchase,2026-05-04 05:20:30
u002037,visit,2026-05-29 14:45:09
u002038,visit,2026-04-25 08:04:13
u002039,visit,2026-04-28 14:59:23
u002040,visit,2026-04-02 23:49:47
u002041,visit,2026-02-11 13:59:19
u002042,visit,2026-01-18 21:31:03
u002043,visit,2026-04-28 14:30:18
u002043,signup,2026-04-28 23:03:45
u002044,visit,2026-01-17 02:43:16
u002045,visit,2026-05-25 18:10:03
u002046,visit,2026-04-04 18:15:14
u002046,signup,2026-04-06 07:29:29
u002047,visit,2026-04-10 21:30:50
u002048,visit,2026-03-03 17:04:42
u002048,signup,2026-03-04 17:15:00
u002049,visit,2026-03-13 16:49:41
u002049,signup,2026-03-14 17:25:45
u002049,activate,2026-03-16 05:41:37
u002050,visit,2026-03-06 12:19:28
u002050,signup,2026-03-08 06:45:33
u002051,visit,2026-05-06 17:33:31
u002052,visit,2026-05-19 14:27:10
u002053,visit,2026-04-10 17:59:20
u002053,signup,2026-04-11 02:54:01
u002054,visit,2026-03-19 19:15:33
u002055,visit,2026-02-13 00:31:13
u002056,visit,2026-03-23 19:49:39
u002057,visit,2026-02-04 14:07:31
u002057,signup,2026-02-05 02:27:11
u002057,activate,2026-02-09 18:40:05
u002058,visit,2026-03-17 09:34:32
u002058,signup,2026-03-17 21:39:26
u002059,visit,2026-03-08 10:08:27
u002060,visit,2025-12-16 03:50:05
u002060,signup,2025-12-16 04:07:20
u002060,activate,2025-12-17 22:17:16
u002061,visit,2026-05-12 17:14:52
u002061,signup,2026-05-13 15:22:40
u002061,activate,2026-05-13 16:04:58
u002062,visit,2026-04-26 02:01:04
u002062,signup,2026-04-27 03:09:37
u002062,activate,2026-04-27 12:38:53
u002063,visit,2026-02-13 06:00:50
u002063,signup,2026-02-13 13:48:09
u002063,activate,2026-02-14 21:15:54
u002064,visit,2026-04-29 14:39:18
u002064,signup,2026-04-30 03:21:36
u002065,visit,2025-12-07 05:10:40
u002065,signup,2025-12-08 20:14:58
u002066,visit,2026-02-23 14:11:21
u002066,signup,2026-02-25 03:53:14
u002066,activate,2026-02-28 22:35:03
u002066,purchase,2026-03-07 14:21:02
u002067,visit,2026-02-12 21:55:24
u002068,visit,2026-05-09 21:33:43
u002069,visit,2026-05-11 23:58:12
u002070,visit,2026-03-20 23:16:37
u002070,signup,2026-03-21 11:39:08
u002071,visit,2026-01-09 07:52:34
u002072,visit,2026-02-14 08:42:00
u002072,signup,2026-02-14 17:03:46
u002072,activate,2026-02-14 21:09:16
u002073,visit,2026-04-21 21:22:06
u002073,signup,2026-04-23 18:14:03
u002073,activate,2026-04-24 13:54:46
u002074,visit,2026-02-07 17:24:34
u002075,visit,2026-03-05 12:18:05
u002076,visit,2026-04-18 15:47:39
u002076,signup,2026-04-19 17:03:57
u002076,activate,2026-04-20 01:07:07
u002077,visit,2026-03-04 13:44:58
u002078,visit,2026-04-09 06:27:25
u002079,visit,2026-03-02 03:35:19
u002079,signup,2026-03-02 10:14:25
u002080,visit,2025-12-20 04:55:23
u002081,visit,2026-03-08 12:49:14
u002081,signup,2026-03-10 01:06:44
u002081,activate,2026-03-10 09:17:46
u002081,purchase,2026-03-17 05:25:21
u002082,visit,2026-05-08 20:57:35
u002083,visit,2026-01-28 13:17:45
u002084,visit,2025-12-08 04:47:40
u002085,visit,2025-12-28 01:27:17
u002086,visit,2026-02-24 23:45:09
u002086,signup,2026-02-26 21:38:20
u002086,activate,2026-03-02 15:32:04
u002087,visit,2026-05-01 12:38:10
u002088,visit,2026-01-17 12:59:37
u002089,visit,2025-12-12 00:22:35
u002090,visit,2026-02-25 05:05:55
u002090,signup,2026-02-25 18:28:44
u002091,visit,2026-01-18 11:39:09
u002092,visit,2026-03-20 15:38:14
u002092,signup,2026-03-21 05:53:07
u002092,activate,2026-03-23 09:25:35
u002093,visit,2026-04-04 21:26:38
u002093,signup,2026-04-05 01:12:08
u002093,activate,2026-04-05 02:06:06
u002094,visit,2025-12-07 11:54:19
u002095,visit,2025-12-11 07:35:03
u002096,visit,2026-05-02 01:42:40
u002097,visit,2026-05-05 02:13:53
u002098,visit,2026-03-27 12:06:31
u002098,signup,2026-03-29 09:00:14
u002099,visit,2026-01-31 18:54:14
u002100,visit,2025-12-28 22:41:05
u002101,visit,2026-04-12 00:43:14
u002101,signup,2026-04-12 23:21:50
u002102,visit,2026-02-09 16:48:37
u002102,signup,2026-02-10 20:02:41
u002102,activate,2026-02-11 04:55:19
u002102,purchase,2026-02-17 19:15:01
u002103,visit,2026-05-13 10:53:52
u002104,visit,2025-12-30 11:29:41
u002105,visit,2026-05-03 15:20:49
u002106,visit,2025-12-20 01:51:59
u002106,signup,2025-12-21 23:29:32
u002106,activate,2025-12-22 09:57:14
u002107,visit,2026-04-23 23:04:03
u002108,visit,2026-01-04 04:55:56
u002108,signup,2026-01-04 08:44:47
u002109,visit,2026-05-21 22:01:26
u002110,visit,2026-05-11 23:07:01
u002111,visit,2026-02-07 23:49:56
u002112,visit,2026-02-17 17:24:09
u002113,visit,2026-04-12 07:19:56
u002113,signup,2026-04-13 23:37:53
u002114,visit,2026-01-12 21:55:40
u002115,visit,2026-03-19 20:09:04
u002116,visit,2026-03-21 22:49:16
u002117,visit,2025-12-06 01:09:22
u002117,signup,2025-12-07 21:41:07
u002117,activate,2025-12-09 19:32:41
u002117,purchase,2025-12-15 18:16:28
u002118,visit,2025-12-26 15:13:41
u002119,visit,2026-05-24 16:56:42
u002120,visit,2026-02-01 23:29:23
u002120,signup,2026-02-03 15:39:29
u002120,activate,2026-02-06 22:44:27
u002121,visit,2026-01-16 21:22:36
u002122,visit,2026-03-12 21:40:04
u002123,visit,2026-02-01 16:20:40
u002124,visit,2026-01-01 18:41:28
u002125,visit,2026-02-13 20:55:37
u002125,signup,2026-02-14 06:55:12
u002125,activate,2026-02-14 10:22:02
u002126,visit,2025-12-16 14:17:39
u002126,signup,2025-12-17 00:52:14
u002127,visit,2026-03-24 10:39:30
u002128,visit,2026-04-05 23:06:10
u002129,visit,2026-05-11 14:52:01
u002130,visit,2026-01-12 08:34:14
u002130,signup,2026-01-13 19:37:59
u002131,visit,2026-02-21 23:45:35
u002131,signup,2026-02-23 02:43:34
u002132,visit,2026-05-14 22:57:13
u002132,signup,2026-05-16 07:19:01
u002133,visit,2026-04-01 15:10:37
u002134,visit,2026-03-03 15:22:09
u002135,visit,2025-12-14 04:58:11
u002136,visit,2026-01-06 20:07:30
u002136,signup,2026-01-07 02:12:06
u002137,visit,2026-01-15 03:18:47
u002137,signup,2026-01-16 23:59:30
u002138,visit,2026-04-15 20:59:04
u002138,signup,2026-04-17 16:25:16
u002139,visit,2025-12-27 17:13:41
u002139,signup,2025-12-29 03:29:30
u002139,activate,2026-01-03 06:30:38
u002140,visit,2026-02-10 08:33:46
u002141,visit,2026-01-04 13:43:17
u002141,signup,2026-01-06 13:39:51
u002142,visit,2026-03-05 15:06:28
u002142,signup,2026-03-07 04:34:58
u002143,visit,2026-01-12 14:49:12
u002144,visit,2026-05-13 08:56:38
u002144,signup,2026-05-15 01:48:15
u002144,activate,2026-05-15 23:59:43
u002145,visit,2025-12-24 23:51:27
u002145,signup,2025-12-26 15:40:03
u002145,activate,2025-12-27 18:39:22
u002145,purchase,2026-01-02 00:52:13
u002146,visit,2026-03-10 18:59:18
u002147,visit,2026-04-10 16:43:43
u002147,signup,2026-04-11 11:13:27
u002148,visit,2026-04-02 11:12:52
u002148,signup,2026-04-03 19:54:50
u002148,activate,2026-04-04 20:01:03
u002148,purchase,2026-04-19 01:01:48
u002149,visit,2025-12-15 05:28:10
u002149,signup,2025-12-16 05:26:02
u002150,visit,2026-04-19 10:13:49
u002151,visit,2026-03-31 10:37:09
u002151,signup,2026-04-02 06:07:34
u002152,visit,2026-04-01 10:38:33
u002152,signup,2026-04-02 07:29:35
u002153,visit,2026-04-20 09:20:55
u002154,visit,2026-04-22 15:31:03
u002154,signup,2026-04-23 17:48:39
u002154,activate,2026-04-25 16:38:12
u002155,visit,2026-02-10 10:53:35
u002156,visit,2026-05-12 10:09:28
u002157,visit,2026-01-11 10:15:48
u002158,visit,2026-01-27 12:27:04
u002159,visit,2026-05-07 00:04:37
u002160,visit,2026-01-06 15:45:51
u002161,visit,2026-02-16 00:24:33
u002162,visit,2025-12-23 18:02:13
u002163,visit,2026-02-14 17:00:12
u002164,visit,2026-04-18 16:04:42
u002164,signup,2026-04-20 11:30:44
u002164,activate,2026-04-22 03:12:26
u002164,purchase,2026-05-14 18:39:13
u002165,visit,2026-05-29 17:36:40
u002166,visit,2026-03-21 10:43:32
u002167,visit,2026-01-16 13:03:20
u002167,signup,2026-01-17 07:28:52
u002168,visit,2026-04-01 00:24:11
u002168,signup,2026-04-02 17:29:34
u002168,activate,2026-04-08 01:28:18
u002168,purchase,2026-04-10 13:55:32
u002169,visit,2026-03-29 11:06:52
u002169,signup,2026-03-29 14:53:55
u002170,visit,2026-03-17 08:47:28
u002170,signup,2026-03-17 20:42:04
u002170,activate,2026-03-19 15:49:37
u002171,visit,2026-04-27 10:36:46
u002172,visit,2026-03-18 07:17:54
u002173,visit,2026-04-20 11:41:02
u002174,visit,2025-12-19 09:43:26
u002174,signup,2025-12-20 19:29:49
u002174,activate,2025-12-24 02:36:31
u002175,visit,2025-12-03 06:57:37
u002176,visit,2026-02-07 16:55:52
u002177,visit,2026-02-05 07:00:28
u002177,signup,2026-02-06 09:50:17
u002178,visit,2026-04-30 16:51:09
u002179,visit,2026-02-18 02:26:17
u002179,signup,2026-02-18 22:28:22
u002179,activate,2026-02-20 07:52:29
u002179,purchase,2026-03-02 17:43:24
u002180,visit,2026-03-31 17:16:39
u002180,signup,2026-04-01 22:52:14
u002181,visit,2026-01-02 03:33:06
u002182,visit,2026-01-06 08:10:42
u002183,visit,2026-04-02 10:04:02
u002184,visit,2026-01-03 16:57:39
u002184,signup,2026-01-03 22:59:18
u002185,visit,2026-04-25 21:47:34
u002186,visit,2026-03-15 05:36:13
u002186,signup,2026-03-16 23:15:11
u002187,visit,2026-04-23 16:51:48
u002188,visit,2026-02-12 07:05:04
u002189,visit,2026-01-22 17:41:20
u002190,visit,2025-12-03 17:01:36
u002191,visit,2026-05-11 23:20:46
u002192,visit,2026-05-25 19:16:21
u002193,visit,2026-01-17 08:11:24
u002194,visit,2026-01-17 10:49:19
u002194,signup,2026-01-18 00:39:37
u002195,visit,2025-12-12 10:59:12
u002195,signup,2025-12-13 19:23:20
u002195,activate,2025-12-14 23:07:32
u002196,visit,2026-01-12 11:44:00
u002196,signup,2026-01-14 06:48:53
u002196,activate,2026-01-20 14:01:36
u002197,visit,2026-05-01 21:56:09
u002198,visit,2026-05-14 17:42:47
u002198,signup,2026-05-15 11:30:28
u002198,activate,2026-05-16 23:55:11
u002199,visit,2026-01-25 15:23:02
u002199,signup,2026-01-26 15:28:51
u002199,activate,2026-01-31 12:29:41
u002200,visit,2026-05-12 19:08:29
u002201,visit,2025-12-30 22:25:17
u002202,visit,2026-01-09 11:16:45
u002203,visit,2026-05-27 21:44:16
u002204,visit,2026-03-09 18:03:59
u002204,signup,2026-03-10 23:32:35
u002205,visit,2026-03-03 17:03:53
u002205,signup,2026-03-04 04:22:09
u002205,activate,2026-03-06 02:03:40
u002206,visit,2026-03-21 01:16:10
u002207,visit,2026-04-03 23:10:04
u002207,signup,2026-04-04 00:49:13
u002207,activate,2026-04-06 10:38:18
u002207,purchase,2026-04-19 22:24:47
u002208,visit,2026-03-01 23:09:09
u002208,signup,2026-03-02 03:53:35
u002209,visit,2026-05-28 08:57:10
u002210,visit,2026-01-02 12:13:09
u002211,visit,2026-03-07 17:04:53
u002212,visit,2026-01-27 19:35:15
u002213,visit,2026-04-17 18:26:32
u002214,visit,2026-01-18 06:41:30
u002215,visit,2026-01-24 21:36:20
u002216,visit,2026-03-05 21:10:38
u002216,signup,2026-03-07 12:02:00
u002217,visit,2026-05-17 09:23:10
u002217,signup,2026-05-17 11:44:12
u002217,activate,2026-05-19 15:36:55
u002218,visit,2026-02-15 00:16:20
u002218,signup,2026-02-16 05:42:41
u002219,visit,2026-03-14 18:16:51
u002219,signup,2026-03-16 13:29:48
u002220,visit,2026-04-01 01:47:20
u002220,signup,2026-04-02 22:03:32
u002220,activate,2026-04-03 01:21:41
u002220,purchase,2026-04-13 00:38:19
u002221,visit,2026-04-17 15:54:11
u002222,visit,2026-05-24 07:17:30
u002223,visit,2025-12-20 04:17:19
u002223,signup,2025-12-22 00:45:57
u002224,visit,2026-05-17 14:36:50
u002225,visit,2026-05-24 05:43:46
u002225,signup,2026-05-24 14:22:54
u002225,activate,2026-05-25 06:46:26
u002226,visit,2026-01-17 04:28:05
u002227,visit,2026-02-23 16:47:30
u002228,visit,2026-05-26 14:39:57
u002228,signup,2026-05-27 18:50:01
u002228,activate,2026-05-28 01:08:54
u002229,visit,2025-12-23 18:20:25
u002230,visit,2026-01-14 23:04:41
u002230,signup,2026-01-15 20:17:20
u002231,visit,2026-04-09 17:11:59
u002232,visit,2025-12-30 00:33:48
u002232,signup,2025-12-31 13:18:21
u002233,visit,2025-12-08 23:57:35
u002233,signup,2025-12-09 23:22:52
u002233,activate,2025-12-11 02:01:16
u002233,purchase,2026-01-02 16:21:00
u002234,visit,2026-03-06 09:26:03
u002234,signup,2026-03-07 23:44:00
u002235,visit,2026-05-21 12:37:33
u002235,signup,2026-05-21 14:47:45
u002235,activate,2026-05-22 13:50:57
u002236,visit,2026-01-22 18:22:12
u002237,visit,2026-03-08 04:07:47
u002237,signup,2026-03-08 18:40:18
u002238,visit,2026-02-18 17:18:22
u002238,signup,2026-02-19 23:44:40
u002239,visit,2026-04-14 00:48:23
u002240,visit,2026-05-08 13:46:37
u002240,signup,2026-05-10 11:55:36
u002240,activate,2026-05-10 13:43:38
u002241,visit,2026-02-22 10:36:09
u002241,signup,2026-02-24 03:13:46
u002241,activate,2026-02-25 02:07:27
u002242,visit,2025-12-05 14:30:02
u002243,visit,2026-03-19 07:49:33
u002244,visit,2026-02-22 23:26:47
u002245,visit,2026-05-08 17:37:16
u002246,visit,2026-01-28 21:29:04
u002247,visit,2026-04-06 03:29:58
u002248,visit,2026-02-21 01:08:16
u002248,signup,2026-02-22 17:06:52
u002248,activate,2026-02-24 22:13:17
u002248,purchase,2026-02-25 21:58:16
u002249,visit,2026-02-01 05:44:51
u002250,visit,2025-12-06 01:00:30
u002250,signup,2025-12-07 06:11:50
u002251,visit,2026-04-05 16:27:32
u002251,signup,2026-04-07 06:56:25
u002251,activate,2026-04-08 22:56:19
u002251,purchase,2026-05-18 01:41:17
u002252,visit,2026-02-07 21:33:03
u002252,signup,2026-02-08 04:41:40
u002252,activate,2026-02-10 10:01:31
u002253,visit,2026-02-10 22:41:54
u002254,visit,2025-12-22 20:32:28
u002255,visit,2026-03-02 11:22:11
u002256,visit,2026-05-14 16:07:31
u002256,signup,2026-05-15 07:52:43
u002256,activate,2026-05-18 16:46:09
u002256,purchase,2026-05-21 02:53:16
u002257,visit,2026-03-07 02:00:57
u002258,visit,2026-01-31 19:39:58
u002258,signup,2026-02-02 12:11:58
u002259,visit,2026-02-25 00:15:42
u002260,visit,2026-01-06 16:33:11
u002261,visit,2025-12-23 14:03:42
u002261,signup,2025-12-24 03:16:48
u002261,activate,2025-12-26 22:42:04
u002262,visit,2026-04-14 21:49:28
u002263,visit,2026-03-11 23:16:20
u002264,visit,2026-04-12 00:00:50
u002265,visit,2025-12-14 23:50:33
u002265,signup,2025-12-16 07:10:06
u002266,visit,2026-04-23 19:19:07
u002266,signup,2026-04-23 21:40:00
u002267,visit,2026-02-16 09:10:40
u002268,visit,2026-03-07 08:44:13
u002269,visit,2026-01-19 03:55:57
u002270,visit,2026-02-05 13:28:05
u002271,visit,2026-04-11 09:18:12
u002271,signup,2026-04-11 09:45:49
u002271,activate,2026-04-12 11:07:25
u002272,visit,2025-12-26 22:44:11
u002273,visit,2025-12-16 06:12:55
u002273,signup,2025-12-16 08:52:56
u002273,activate,2025-12-19 07:30:06
u002274,visit,2026-04-02 04:17:54
u002275,visit,2026-04-12 00:38:49
u002276,visit,2026-01-15 11:37:09
u002277,visit,2025-12-30 13:26:11
u002277,signup,2026-01-01 04:05:28
u002277,activate,2026-01-02 23:01:02
u002277,purchase,2026-01-04 14:56:13
u002278,visit,2025-12-10 00:06:29
u002279,visit,2026-02-28 14:00:32
u002279,signup,2026-03-01 00:00:46
u002279,activate,2026-03-02 06:52:09
u002280,visit,2026-02-14 02:33:54
u002281,visit,2026-01-17 08:50:20
u002282,visit,2026-05-13 08:46:55
u002283,visit,2026-03-11 17:40:16
u002283,signup,2026-03-13 04:04:26
u002283,activate,2026-03-15 02:19:36
u002284,visit,2026-01-03 15:55:47
u002284,signup,2026-01-05 14:52:22
u002284,activate,2026-01-05 21:11:22
u002285,visit,2026-01-20 07:13:18
u002286,visit,2026-01-31 05:04:14
u002287,visit,2026-05-28 04:45:07
u002287,signup,2026-05-28 13:17:23
u002287,activate,2026-05-28 17:19:34
u002288,visit,2026-01-12 04:39:48
u002289,visit,2026-02-27 10:04:07
u002290,visit,2026-01-09 10:20:10
u002291,visit,2026-04-23 20:48:26
u002292,visit,2025-12-12 12:36:25
u002293,visit,2026-03-14 08:06:18
u002294,visit,2026-04-06 18:11:00
u002295,visit,2026-02-03 23:34:41
u002295,signup,2026-02-04 13:20:58
u002295,activate,2026-02-10 15:44:16
u002296,visit,2026-02-12 06:27:17
u002297,visit,2026-03-13 05:49:20
u002297,signup,2026-03-13 10:27:02
u002298,visit,2025-12-28 20:26:33
u002299,visit,2026-01-27 05:45:59
u002300,visit,2025-12-10 06:18:59
u002300,signup,2025-12-11 20:54:14
u002300,activate,2025-12-13 06:25:25
u002301,visit,2026-03-18 14:48:48
u002302,visit,2026-03-30 03:19:24
u002303,visit,2026-05-23 06:06:11
u002304,visit,2025-12-05 18:36:15
u002304,signup,2025-12-07 06:58:02
u002304,activate,2025-12-07 07:28:38
u002305,visit,2026-03-21 16:38:40
u002305,signup,2026-03-21 23:15:17
u002305,activate,2026-03-25 05:25:44
u002306,visit,2025-12-30 09:30:16
u002307,visit,2026-02-27 18:59:23
u002307,signup,2026-03-01 14:46:59
u002307,activate,2026-03-01 18:20:56
u002308,visit,2026-01-21 22:32:55
u002309,visit,2026-04-21 09:05:01
u002310,visit,2026-01-26 09:34:05
u002311,visit,2026-04-04 10:13:57
u002312,visit,2026-03-04 16:14:51
u002313,visit,2026-05-06 23:08:42
u002313,signup,2026-05-07 02:37:10
u002313,activate,2026-05-08 00:15:05
u002313,purchase,2026-05-09 01:13:08
u002314,visit,2026-05-02 21:12:41
u002315,visit,2025-12-03 06:30:59
u002316,visit,2026-05-01 05:28:52
u002317,visit,2026-01-25 16:06:20
u002318,visit,2025-12-21 04:12:10
u002319,visit,2026-02-20 20:04:33
u002320,visit,2026-02-02 19:39:34
u002321,visit,2026-03-22 21:48:40
u002321,signup,2026-03-23 15:30:50
u002322,visit,2026-03-20 23:27:07
u002323,visit,2025-12-29 22:44:56
u002323,signup,2025-12-30 15:05:27
u002323,activate,2026-01-04 14:57:26
u002324,visit,2026-01-27 23:45:48
u002324,signup,2026-01-29 01:07:41
u002325,visit,2026-01-01 02:23:47
u002326,visit,2026-03-20 00:17:17
u002327,visit,2026-03-22 10:47:32
u002327,signup,2026-03-23 20:01:06
u002328,visit,2026-03-20 09:00:52
u002329,visit,2026-03-14 12:36:58
u002330,visit,2026-01-21 18:45:35
u002331,visit,2026-01-24 06:48:50
u002331,signup,2026-01-25 16:57:23
u002332,visit,2026-03-30 01:15:46
u002333,visit,2026-01-07 06:30:15
u002334,visit,2026-04-19 08:08:13
u002335,visit,2026-04-02 12:12:04
u002335,signup,2026-04-04 11:25:50
u002336,visit,2026-03-02 23:58:35
u002336,signup,2026-03-03 23:53:51
u002336,activate,2026-03-06 17:57:40
u002336,purchase,2026-03-07 16:24:23
u002337,visit,2026-04-02 14:55:18
u002337,signup,2026-04-02 21:44:34
u002338,visit,2026-01-17 08:45:44
u002338,signup,2026-01-19 07:33:31
u002339,visit,2025-12-21 16:35:31
u002339,signup,2025-12-23 10:34:34
u002340,visit,2026-04-10 22:52:04
u002340,signup,2026-04-12 07:39:22
u002341,visit,2025-12-22 03:47:23
u002342,visit,2025-12-29 09:52:18
u002342,signup,2025-12-29 16:25:11
u002343,visit,2026-04-19 21:49:55
u002344,visit,2026-03-30 03:48:40
u002344,signup,2026-03-30 05:58:07
u002345,visit,2026-01-08 07:44:28
u002346,visit,2026-04-28 18:00:29
u002346,signup,2026-04-30 07:50:38
u002347,visit,2026-04-08 23:39:23
u002348,visit,2026-05-06 06:31:02
u002349,visit,2026-05-07 19:10:30
u002349,signup,2026-05-07 22:05:53
u002350,visit,2026-03-14 14:57:45
u002350,signup,2026-03-15 00:27:07
u002351,visit,2026-02-22 03:16:48
u002352,visit,2026-05-07 10:13:14
u002353,visit,2025-12-18 20:29:00
u002354,visit,2026-01-07 01:46:03
u002354,signup,2026-01-08 16:10:39
u002354,activate,2026-01-10 02:45:51
u002355,visit,2026-05-23 05:17:52
u002356,visit,2026-04-06 19:20:58
u002356,signup,2026-04-08 09:08:14
u002356,activate,2026-04-10 21:43:03
u002357,visit,2026-05-25 21:49:43
u002357,signup,2026-05-25 21:59:09
u002357,activate,2026-06-01 02:18:39
u002358,visit,2025-12-13 00:24:21
u002359,visit,2026-04-30 18:11:37
u002360,visit,2026-05-15 18:09:02
u002361,visit,2026-02-14 21:36:57
u002361,signup,2026-02-16 09:53:41
u002362,visit,2026-01-08 00:08:56
u002363,visit,2026-04-05 10:26:37
u002363,signup,2026-04-07 02:26:52
u002364,visit,2026-01-05 13:46:44
u002364,signup,2026-01-06 20:24:10
u002364,activate,2026-01-16 04:16:17
u002364,purchase,2026-01-28 16:58:22
u002365,visit,2026-05-15 06:05:08
u002366,visit,2026-01-09 19:23:36
u002367,visit,2026-01-26 00:09:48
u002367,signup,2026-01-27 16:53:59
u002368,visit,2026-03-24 17:30:05
u002369,visit,2026-01-30 04:06:24
u002369,signup,2026-01-31 03:56:08
u002369,activate,2026-02-09 12:38:37
u002370,visit,2026-01-05 17:57:03
u002371,visit,2026-01-05 00:08:44
u002372,visit,2026-05-16 14:53:00
u002373,visit,2026-04-04 11:30:09
u002373,signup,2026-04-04 19:09:44
u002374,visit,2026-04-04 14:35:32
u002375,visit,2026-03-11 04:56:51
u002375,signup,2026-03-12 18:19:59
u002375,activate,2026-03-13 12:56:38
u002376,visit,2026-02-04 10:30:55
u002376,signup,2026-02-05 04:02:57
u002376,activate,2026-02-07 02:47:16
u002377,visit,2026-02-08 00:23:16
u002378,visit,2026-05-10 02:28:00
u002378,signup,2026-05-11 03:44:25
u002378,activate,2026-05-12 00:23:03
u002379,visit,2026-05-15 01:14:14
u002379,signup,2026-05-16 23:39:33
u002379,activate,2026-05-17 11:19:59
u002379,purchase,2026-05-22 06:34:34
u002380,visit,2025-12-02 11:16:14
u002380,signup,2025-12-03 03:51:15
u002381,visit,2026-01-23 19:25:07
u002382,visit,2026-05-23 00:08:56
u002383,visit,2026-04-02 21:19:47
u002384,visit,2026-01-15 03:58:17
u002385,visit,2026-05-23 13:36:54
u002386,visit,2026-01-26 05:19:56
u002386,signup,2026-01-27 18:40:28
u002387,visit,2026-03-17 22:06:27
u002388,visit,2025-12-03 23:35:57
u002389,visit,2026-01-05 16:46:28
u002389,signup,2026-01-07 14:15:13
u002389,activate,2026-01-08 07:10:56
u002390,visit,2026-03-03 11:53:43
u002391,visit,2026-05-29 07:49:44
u002392,visit,2025-12-26 02:55:52
u002393,visit,2025-12-29 15:28:32
u002394,visit,2026-03-01 05:17:22
u002395,visit,2026-02-28 21:57:10
u002395,signup,2026-03-02 19:45:45
u002395,activate,2026-03-10 09:54:27
u002396,visit,2026-03-03 00:55:01
u002396,signup,2026-03-04 11:22:14
u002397,visit,2026-03-23 03:59:18
u002398,visit,2026-05-14 05:06:43
u002399,visit,2025-12-28 12:13:22
u002400,visit,2026-02-28 04:18:51
u002401,visit,2026-05-08 10:20:56
u002401,signup,2026-05-08 19:05:24
u002402,visit,2026-02-23 09:44:45
u002402,signup,2026-02-23 09:48:32
u002403,visit,2025-12-03 19:32:40
u002403,signup,2025-12-05 12:38:49
u002403,activate,2025-12-07 12:39:17
u002403,purchase,2025-12-18 15:27:43
u002404,visit,2026-01-21 00:32:05
u002404,signup,2026-01-22 16:54:04
u002404,activate,2026-01-24 10:11:26
u002405,visit,2026-04-30 20:36:18
u002406,visit,2026-02-24 02:16:01
u002406,signup,2026-02-24 22:41:45
u002407,visit,2026-03-27 12:40:17
u002408,visit,2026-02-13 21:53:23
u002408,signup,2026-02-14 19:48:05
u002409,visit,2026-01-22 02:56:47
u002409,signup,2026-01-22 16:42:22
u002410,visit,2025-12-18 04:40:31
u002411,visit,2026-05-24 14:32:46
u002412,visit,2026-03-09 21:40:22
u002413,visit,2026-03-25 04:37:36
u002413,signup,2026-03-26 14:14:30
u002413,activate,2026-03-27 13:09:29
u002414,visit,2026-03-18 09:12:30
u002414,signup,2026-03-19 12:26:35
u002414,activate,2026-03-21 21:12:49
u002414,purchase,2026-04-08 14:07:14
u002415,visit,2026-04-13 04:35:25
u002415,signup,2026-04-13 05:01:25
u002415,activate,2026-04-16 09:17:16
u002416,visit,2025-12-14 06:11:11
u002417,visit,2026-03-23 05:07:48
u002418,visit,2026-03-30 06:10:20
u002419,visit,2026-03-18 12:58:57
u002420,visit,2026-01-27 20:53:48
u002421,visit,2026-05-19 18:09:55
u002422,visit,2026-04-13 06:37:15
u002423,visit,2026-05-28 02:16:01
u002424,visit,2026-03-16 11:33:53
u002425,visit,2026-02-09 16:00:50
u002425,signup,2026-02-10 17:16:30
u002426,visit,2026-03-14 15:21:26
u002426,signup,2026-03-16 09:35:15
u002426,activate,2026-03-18 13:56:29
u002426,purchase,2026-03-30 23:40:17
u002427,visit,2026-05-07 18:47:28
u002428,visit,2026-03-04 05:55:07
u002429,visit,2026-02-10 17:19:29
u002429,signup,2026-02-10 19:27:46
u002429,activate,2026-02-11 15:50:27
u002429,purchase,2026-03-06 03:07:43
u002430,visit,2026-05-16 09:33:43
u002431,visit,2026-05-03 19:53:44
u002431,signup,2026-05-04 22:47:00
u002432,visit,2026-05-04 11:10:24
u002432,signup,2026-05-04 20:01:14
u002432,activate,2026-05-06 02:54:31
u002433,visit,2026-01-02 18:18:47
u002434,visit,2026-03-02 02:43:25
u002435,visit,2025-12-24 23:30:26
u002436,visit,2025-12-14 05:34:46
u002436,signup,2025-12-14 14:27:18
u002437,visit,2026-03-22 20:06:39
u002437,signup,2026-03-23 09:19:42
u002438,visit,2026-02-21 08:14:46
u002439,visit,2025-12-16 07:56:19
u002440,visit,2025-12-02 09:39:41
u002441,visit,2026-01-19 05:19:48
u002442,visit,2026-04-02 19:19:38
u002443,visit,2026-02-25 14:18:58
u002443,signup,2026-02-26 02:01:24
u002444,visit,2026-03-12 14:26:55
u002445,visit,2026-05-17 08:24:03
u002445,signup,2026-05-17 12:29:30
u002445,activate,2026-05-25 16:24:16
u002446,visit,2026-05-22 13:05:07
u002446,signup,2026-05-23 10:31:21
u002447,visit,2025-12-12 00:06:34
u002447,signup,2025-12-13 01:31:45
u002448,visit,2025-12-02 18:42:01
u002448,signup,2025-12-04 10:27:46
u002448,activate,2025-12-07 22:49:01
u002448,purchase,2025-12-14 06:37:34
u002449,visit,2026-01-16 08:56:58
u002449,signup,2026-01-17 13:48:06
u002449,activate,2026-01-19 00:27:54
u002450,visit,2026-05-15 17:22:47
u002451,visit,2026-01-11 17:08:59
u002452,visit,2026-02-23 17:14:57
u002453,visit,2026-02-19 23:57:40
u002454,visit,2025-12-20 21:22:35
u002455,visit,2026-02-28 01:18:17
u002456,visit,2025-12-03 00:51:49
u002457,visit,2026-04-23 12:28:52
u002458,visit,2026-04-28 07:03:20
u002459,visit,2026-04-01 22:30:12
u002460,visit,2026-02-12 04:51:38
u002461,visit,2026-04-17 14:01:01
u002461,signup,2026-04-17 23:48:10
u002461,activate,2026-04-20 21:14:55
u002462,visit,2026-01-19 17:18:13
u002463,visit,2026-03-15 17:08:15
u002464,visit,2026-05-01 14:31:03
u002465,visit,2026-02-05 02:14:21
u002466,visit,2025-12-21 10:00:23
u002466,signup,2025-12-21 15:42:44
u002467,visit,2026-01-14 00:00:33
u002467,signup,2026-01-14 06:09:31
u002467,activate,2026-01-14 21:53:27
u002467,purchase,2026-01-15 23:35:25
u002468,visit,2025-12-13 22:15:09
u002468,signup,2025-12-15 14:23:57
u002468,activate,2025-12-15 14:57:25
u002469,visit,2026-03-25 18:05:23
u002469,signup,2026-03-26 15:15:43
u002470,visit,2026-03-04 16:15:21
u002471,visit,2026-04-11 13:42:04
u002472,visit,2026-02-07 01:10:26
u002473,visit,2026-04-10 03:49:29
u002474,visit,2026-05-12 04:09:07
u002475,visit,2025-12-12 06:05:48
u002475,signup,2025-12-13 07:48:14
u002476,visit,2026-05-24 10:08:18
u002476,signup,2026-05-25 21:22:28
u002477,visit,2026-05-04 15:22:07
u002478,visit,2026-04-02 03:28:23
u002479,visit,2026-03-24 11:18:19
u002479,signup,2026-03-26 10:54:02
u002479,activate,2026-03-29 01:18:47
u002479,purchase,2026-03-30 11:27:35
u002480,visit,2026-04-14 16:28:45
u002480,signup,2026-04-15 23:56:19
u002481,visit,2026-02-28 17:08:06
u002482,visit,2026-03-11 21:58:31
u002483,visit,2025-12-31 20:53:33
u002484,visit,2026-03-31 07:28:04
u002484,signup,2026-04-02 05:04:12
u002485,visit,2026-05-24 11:18:34
u002486,visit,2026-01-29 02:18:41
u002487,visit,2026-02-24 21:34:52
u002487,signup,2026-02-25 22:29:53
u002488,visit,2026-03-30 01:51:29
u002489,visit,2026-05-21 00:07:08
u002489,signup,2026-05-22 20:49:32
u002490,visit,2025-12-18 02:05:00
u002490,signup,2025-12-19 16:39:18
u002490,activate,2025-12-19 21:00:28
u002491,visit,2026-03-05 15:26:38
u002492,visit,2026-01-08 01:38:49
u002493,visit,2026-05-07 09:11:28
u002493,signup,2026-05-07 22:15:24
u002493,activate,2026-05-09 01:32:11
u002494,visit,2026-04-30 14:49:06
u002494,signup,2026-05-01 22:10:18
u002494,activate,2026-05-06 09:54:09
u002494,purchase,2026-05-08 17:51:06
u002495,visit,2026-02-24 09:48:19
u002496,visit,2026-03-04 16:55:52
u002496,signup,2026-03-05 10:17:20
u002496,activate,2026-03-07 23:02:03
u002497,visit,2025-12-02 17:43:07
u002498,visit,2026-02-25 19:31:40
u002499,visit,2025-12-06 11:29:04
u002499,signup,2025-12-07 05:02:19
u002500,visit,2026-02-05 15:23:57
u002501,visit,2025-12-30 13:51:40
u002502,visit,2026-02-28 16:14:45
u002502,signup,2026-02-28 17:42:35
u002503,visit,2026-04-20 00:22:26
u002504,visit,2026-05-16 13:37:39
u002504,signup,2026-05-18 13:08:20
u002504,activate,2026-05-21 00:37:37
u002505,visit,2025-12-17 07:38:09
u002506,visit,2026-02-18 16:52:57
u002507,visit,2026-04-06 21:21:59
u002508,visit,2026-04-24 06:35:56
u002509,visit,2026-05-03 00:13:31
u002509,signup,2026-05-03 04:15:03
u002509,activate,2026-05-05 06:38:24
u002510,visit,2025-12-29 05:09:00
u002510,signup,2025-12-29 15:41:32
u002511,visit,2026-03-16 18:19:47
u002512,visit,2026-02-06 22:14:34
u002513,visit,2026-01-14 18:57:40
u002513,signup,2026-01-16 12:20:09
u002513,activate,2026-01-16 21:15:10
u002514,visit,2026-03-18 00:55:59
u002514,signup,2026-03-18 16:55:01
u002515,visit,2026-04-13 00:39:33
u002516,visit,2026-01-02 15:28:32
u002516,signup,2026-01-04 01:47:28
u002517,visit,2026-05-08 22:50:13
u002517,signup,2026-05-10 17:29:09
u002517,activate,2026-05-11 16:45:56
u002518,visit,2025-12-31 05:02:09
u002518,signup,2026-01-01 18:25:53
u002518,activate,2026-01-04 03:14:19
u002518,purchase,2026-01-10 01:52:40
u002519,visit,2026-03-21 13:21:15
u002520,visit,2026-05-25 10:35:15
u002521,visit,2025-12-30 00:42:41
u002522,visit,2026-01-14 07:45:39
u002523,visit,2026-01-11 22:09:31
u002523,signup,2026-01-12 17:51:03
u002523,activate,2026-01-14 02:29:25
u002524,visit,2026-01-30 08:16:55
u002525,visit,2026-04-07 06:32:35
u002525,signup,2026-04-08 10:24:58
u002526,visit,2026-05-25 11:55:33
u002527,visit,2026-01-13 20:06:14
u002527,signup,2026-01-15 04:56:17
u002527,activate,2026-01-16 10:45:10
u002527,purchase,2026-01-22 19:43:14
u002528,visit,2026-01-03 13:29:53
u002528,signup,2026-01-04 19:54:30
u002528,activate,2026-01-05 03:05:51
u002529,visit,2026-03-09 05:11:32
u002530,visit,2026-02-01 13:56:02
u002530,signup,2026-02-02 14:20:24
u002530,activate,2026-02-04 02:13:35
u002531,visit,2026-04-20 23:10:25
u002532,visit,2026-04-04 13:42:30
u002533,visit,2026-01-26 21:27:16
u002533,signup,2026-01-28 12:21:17
u002533,activate,2026-01-30 16:30:36
u002534,visit,2026-02-21 21:49:27
u002534,signup,2026-02-22 19:33:44
u002535,visit,2026-04-03 20:09:25
u002535,signup,2026-04-05 10:13:21
u002536,visit,2026-03-19 01:46:25
u002537,visit,2026-04-19 12:59:47
u002538,visit,2025-12-03 11:52:07
u002539,visit,2026-04-14 17:45:49
u002540,visit,2026-03-30 07:26:00
u002540,signup,2026-03-31 20:20:18
u002541,visit,2026-01-06 18:52:33
u002541,signup,2026-01-07 22:02:04
u002541,activate,2026-01-10 22:30:21
u002542,visit,2025-12-09 00:09:05
u002543,visit,2026-05-12 01:02:25
u002544,visit,2025-12-26 03:40:52
u002544,signup,2025-12-27 16:26:36
u002544,activate,2025-12-28 13:49:51
u002545,visit,2026-03-12 09:17:16
u002546,visit,2026-03-14 05:15:18
u002546,signup,2026-03-16 01:23:12
u002547,visit,2026-04-23 22:13:23
u002547,signup,2026-04-25 16:52:21
u002547,activate,2026-04-27 12:09:09
u002548,visit,2026-05-04 23:29:47
u002548,signup,2026-05-06 16:14:49
u002549,visit,2026-04-09 04:30:23
u002550,visit,2026-01-23 04:58:47
u002551,visit,2026-03-15 00:34:20
u002552,visit,2026-05-03 16:55:03
u002553,visit,2026-02-25 11:48:49
u002554,visit,2026-03-06 01:41:03
u002554,signup,2026-03-06 09:40:05
u002554,activate,2026-03-07 11:19:29
u002555,visit,2025-12-03 19:59:26
u002556,visit,2026-01-27 03:47:46
u002557,visit,2025-12-21 14:37:13
u002558,visit,2026-05-02 17:22:58
u002558,signup,2026-05-04 13:30:19
u002558,activate,2026-05-06 16:50:11
u002558,purchase,2026-05-07 08:38:58
u002559,visit,2026-03-24 02:24:30
u002560,visit,2025-12-05 21:53:41
u002560,signup,2025-12-06 08:38:14
u002561,visit,2026-05-06 11:31:48
u002561,signup,2026-05-06 19:01:25
u002561,activate,2026-05-07 06:15:51
u002562,visit,2025-12-19 07:21:26
u002563,visit,2026-05-18 03:47:25
u002564,visit,2026-01-16 17:28:54
u002565,visit,2026-02-24 00:25:40
u002566,visit,2026-01-27 10:44:32
u002566,signup,2026-01-29 03:55:04
u002567,visit,2026-02-04 21:35:50
u002568,visit,2026-03-06 17:38:52
u002568,signup,2026-03-07 07:33:45
u002569,visit,2026-02-22 00:06:30
u002570,visit,2025-12-18 06:12:24
u002571,visit,2025-12-06 09:29:40
u002572,visit,2025-12-28 00:19:56
u002572,signup,2025-12-28 13:55:44
u002573,visit,2025-12-25 16:02:17
u002573,signup,2025-12-26 05:24:42
u002574,visit,2026-05-16 08:45:27
u002574,signup,2026-05-16 20:09:13
u002575,visit,2026-03-19 23:47:40
u002575,signup,2026-03-21 16:36:48
u002575,activate,2026-03-26 22:29:52
u002575,purchase,2026-03-28 05:06:07
u002576,visit,2026-05-22 21:54:13
u002577,visit,2026-04-07 11:45:41
u002577,signup,2026-04-08 20:47:00
u002578,visit,2025-12-17 16:37:39
u002578,signup,2025-12-17 21:37:12
u002578,activate,2025-12-18 02:37:00
u002578,purchase,2025-12-23 04:07:58
u002579,visit,2026-02-27 03:25:26
u002579,signup,2026-02-28 15:20:56
u002579,activate,2026-03-02 09:57:22
u002579,purchase,2026-03-15 06:17:38
u002580,visit,2025-12-16 11:55:43
u002581,visit,2026-05-05 06:03:33
u002582,visit,2026-01-22 19:47:15
u002583,visit,2026-01-27 18:28:12
u002584,visit,2026-01-22 14:31:22
u002584,signup,2026-01-22 15:18:34
u002584,activate,2026-01-25 04:26:12
u002585,visit,2025-12-03 04:01:24
u002585,signup,2025-12-04 13:37:48
u002586,visit,2026-03-05 09:38:29
u002587,visit,2026-02-25 05:27:29
u002587,signup,2026-02-26 20:56:35
u002588,visit,2026-01-25 07:54:03
u002588,signup,2026-01-26 06:11:13
u002588,activate,2026-01-30 11:11:21
u002589,visit,2026-03-17 13:04:37
u002590,visit,2026-03-15 09:38:51
u002590,signup,2026-03-16 16:40:07
u002591,visit,2025-12-31 07:57:37
u002592,visit,2025-12-19 16:20:32
u002593,visit,2026-02-16 20:18:55
u002593,signup,2026-02-18 03:30:07
u002593,activate,2026-02-18 17:04:35
u002594,visit,2026-04-30 11:14:42
u002594,signup,2026-04-30 15:25:13
u002595,visit,2025-12-21 17:08:19
u002596,visit,2026-04-26 23:08:15
u002597,visit,2026-01-30 11:37:52
u002598,visit,2026-05-27 12:57:19
u002599,visit,2025-12-28 02:03:44
u002599,signup,2025-12-29 03:57:56
u002600,visit,2026-01-23 11:44:57
u002600,signup,2026-01-24 09:41:23
u002601,visit,2026-03-07 15:32:44
u002601,signup,2026-03-08 09:24:39
u002602,visit,2026-04-19 16:20:03
u002603,visit,2025-12-09 12:12:15
u002604,visit,2026-04-23 02:18:05
u002604,signup,2026-04-24 16:05:32
u002604,activate,2026-04-26 11:43:04
u002605,visit,2026-01-12 22:11:02
u002605,signup,2026-01-13 16:43:55
u002606,visit,2025-12-15 03:50:56
u002607,visit,2026-01-09 20:42:44
u002608,visit,2026-02-07 21:01:02
u002609,visit,2026-03-11 14:51:54
u002609,signup,2026-03-12 08:07:58
u002609,activate,2026-03-15 01:08:42
u002610,visit,2026-03-06 06:50:10
u002611,visit,2026-03-28 08:06:44
u002611,signup,2026-03-29 13:05:59
u002611,activate,2026-03-29 15:06:31
u002611,purchase,2026-03-31 10:25:04
u002612,visit,2026-03-06 01:41:23
u002613,visit,2026-02-14 06:50:02
u002614,visit,2026-04-16 00:56:04
u002615,visit,2026-03-16 19:24:40
u002616,visit,2026-02-23 08:26:14
u002616,signup,2026-02-23 13:36:14
u002616,activate,2026-03-02 14:04:57
u002616,purchase,2026-03-08 20:47:07
u002617,visit,2025-12-22 03:29:33
u002618,visit,2026-01-09 20:33:55
u002619,visit,2026-05-12 05:50:54
u002620,visit,2026-02-05 23:55:18
u002621,visit,2026-03-09 15:02:20
u002622,visit,2026-03-05 22:49:34
u002623,visit,2026-04-17 11:53:50
u002624,visit,2026-03-28 06:03:55
u002625,visit,2026-02-24 03:33:41
u002625,signup,2026-02-25 09:52:50
u002625,activate,2026-02-27 03:14:43
u002625,purchase,2026-02-27 15:33:34
u002626,visit,2026-05-08 00:31:12
u002627,visit,2026-04-20 10:26:29
u002627,signup,2026-04-22 09:40:06
u002627,activate,2026-04-23 07:55:14
u002628,visit,2026-04-01 08:10:57
u002628,signup,2026-04-01 19:44:38
u002629,visit,2026-01-17 21:15:38
u002629,signup,2026-01-19 13:45:09
u002629,activate,2026-01-19 22:34:33
u002630,visit,2026-03-24 23:48:41
u002631,visit,2026-05-24 19:24:38
u002632,visit,2025-12-02 10:35:47
u002633,visit,2025-12-25 14:10:13
u002634,visit,2026-01-20 06:18:02
u002634,signup,2026-01-20 13:41:33
u002635,visit,2026-05-19 00:45:45
u002636,visit,2026-05-02 16:53:57
u002637,visit,2026-03-21 16:58:29
u002637,signup,2026-03-22 16:43:14
u002637,activate,2026-03-27 07:19:58
u002638,visit,2026-05-06 18:06:03
u002638,signup,2026-05-08 16:25:43
u002638,activate,2026-05-11 05:51:04
u002638,purchase,2026-05-20 00:11:47
u002639,visit,2026-04-13 06:41:49
u002640,visit,2026-05-21 01:51:32
u002640,signup,2026-05-22 21:23:33
u002641,visit,2026-01-03 10:58:49
u002642,visit,2026-03-15 19:50:34
u002643,visit,2026-02-11 18:54:32
u002644,visit,2025-12-08 09:24:41
u002644,signup,2025-12-09 23:46:01
u002645,visit,2026-02-12 13:43:22
u002646,visit,2026-05-27 21:30:18
u002647,visit,2026-04-10 06:15:34
u002648,visit,2026-01-18 18:36:14
u002649,visit,2026-03-09 05:53:15
u002649,signup,2026-03-10 03:14:20
u002649,activate,2026-03-10 07:40:14
u002649,purchase,2026-03-11 21:05:49
u002650,visit,2026-03-09 18:10:58
u002650,signup,2026-03-11 04:02:14
u002651,visit,2026-03-09 22:29:59
u002652,visit,2026-04-23 22:55:34
u002653,visit,2026-03-25 17:39:49
u002654,visit,2026-01-04 06:42:55
u002655,visit,2026-03-24 08:01:19
u002655,signup,2026-03-25 17:23:58
u002655,activate,2026-03-26 17:03:48
u002655,purchase,2026-03-27 22:11:35
u002656,visit,2026-05-19 20:20:19
u002657,visit,2026-01-25 21:03:49
u002658,visit,2025-12-02 20:12:55
u002659,visit,2025-12-09 11:43:46
u002660,visit,2026-03-17 14:03:24
u002660,signup,2026-03-18 22:16:18
u002660,activate,2026-03-21 04:04:45
u002661,visit,2026-05-08 20:44:17
u002662,visit,2025-12-31 18:29:04
u002662,signup,2026-01-01 06:14:44
u002662,activate,2026-01-01 18:46:05
u002663,visit,2026-04-13 05:41:21
u002664,visit,2025-12-17 21:45:55
u002664,signup,2025-12-18 20:10:31
u002664,activate,2025-12-24 10:14:17
u002664,purchase,2025-12-27 17:47:01
u002665,visit,2025-12-18 20:14:11
u002665,signup,2025-12-20 12:30:02
u002665,activate,2025-12-20 13:16:19
u002665,purchase,2025-12-27 07:01:49
u002666,visit,2025-12-24 03:46:26
u002667,visit,2026-02-24 14:31:13
u002668,visit,2025-12-26 12:29:59
u002669,visit,2026-04-22 00:40:41
u002670,visit,2026-01-22 12:53:09
u002671,visit,2026-05-01 22:09:09
u002672,visit,2025-12-04 00:27:04
u002673,visit,2025-12-22 06:30:09
u002673,signup,2025-12-22 14:06:38
u002673,activate,2025-12-23 01:41:21
u002674,visit,2026-05-02 04:08:00
u002674,signup,2026-05-02 09:35:25
u002675,visit,2026-05-27 00:19:36
u002675,signup,2026-05-28 17:16:38
u002675,activate,2026-05-30 07:44:35
u002676,visit,2026-05-29 02:38:02
u002676,signup,2026-05-29 07:24:41
u002677,visit,2026-01-08 07:02:58
u002678,visit,2026-05-05 21:10:17
u002678,signup,2026-05-06 12:04:35
u002678,activate,2026-05-06 13:45:11
u002679,visit,2026-03-30 16:11:01
u002680,visit,2026-02-13 10:52:19
u002681,visit,2026-01-23 04:04:10
u002681,signup,2026-01-24 20:37:25
u002681,activate,2026-01-27 02:31:38
u002682,visit,2025-12-26 10:09:01
u002683,visit,2026-01-16 20:36:05
u002683,signup,2026-01-18 13:35:30
u002683,activate,2026-01-18 22:30:56
u002684,visit,2026-01-29 22:08:14
u002685,visit,2026-03-21 14:48:20
u002685,signup,2026-03-22 05:39:24
u002685,activate,2026-03-28 13:04:41
u002686,visit,2026-03-12 01:51:33
u002686,signup,2026-03-13 08:35:45
u002687,visit,2026-04-12 20:36:20
u002688,visit,2025-12-26 23:14:49
u002689,visit,2025-12-28 11:03:14
u002689,signup,2025-12-29 08:45:03
u002689,activate,2026-01-07 07:49:40
u002690,visit,2026-02-27 05:09:18
u002691,visit,2026-05-23 14:15:36
u002692,visit,2026-02-02 17:16:32
u002693,visit,2026-04-07 19:43:46
u002693,signup,2026-04-08 12:51:22
u002693,activate,2026-04-12 00:01:29
u002693,purchase,2026-05-11 15:03:40
u002694,visit,2026-04-06 02:59:02
u002695,visit,2026-02-16 21:42:58
u002695,signup,2026-02-17 04:44:53
u002696,visit,2026-02-11 07:24:02
u002697,visit,2025-12-06 04:25:41
u002697,signup,2025-12-06 17:19:37
u002698,visit,2026-05-30 00:52:05
u002698,signup,2026-05-31 03:48:20
u002699,visit,2026-02-01 11:39:38
u002700,visit,2026-01-05 15:54:06
u002701,visit,2026-04-22 04:32:30
u002701,signup,2026-04-23 00:44:09
u002701,activate,2026-04-23 02:02:19
u002701,purchase,2026-04-30 19:38:27
u002702,visit,2026-03-13 02:30:58
u002702,signup,2026-03-13 20:34:41
u002702,activate,2026-03-21 21:09:28
u002703,visit,2026-01-09 02:08:07
u002704,visit,2026-02-19 22:24:12
u002705,visit,2026-02-11 23:21:34
u002706,visit,2026-02-16 05:55:57
u002707,visit,2026-04-03 01:06:17
u002708,visit,2025-12-08 20:55:32
u002709,visit,2026-03-05 19:23:09
u002710,visit,2026-05-03 01:56:49
u002711,visit,2025-12-23 19:28:32
u002712,visit,2025-12-15 15:50:00
u002713,visit,2026-01-24 07:51:37
u002713,signup,2026-01-25 05:24:59
u002713,activate,2026-01-25 10:55:11
u002714,visit,2025-12-15 22:33:48
u002714,signup,2025-12-17 04:09:35
u002714,activate,2025-12-20 06:54:45
u002714,purchase,2026-01-01 06:04:57
u002715,visit,2026-04-04 13:26:43
u002715,signup,2026-04-04 18:19:34
u002715,activate,2026-04-05 20:37:56
u002716,visit,2026-04-30 00:14:52
u002717,visit,2026-01-11 09:46:34
u002717,signup,2026-01-11 11:21:04
u002718,visit,2026-01-12 03:39:33
u002719,visit,2026-01-20 07:51:42
u002719,signup,2026-01-22 03:44:15
u002720,visit,2025-12-14 16:55:57
u002721,visit,2026-01-02 09:01:08
u002721,signup,2026-01-04 06:49:57
u002722,visit,2026-05-25 01:25:26
u002722,signup,2026-05-26 03:20:18
u002722,activate,2026-05-30 00:12:13
u002723,visit,2026-04-19 10:48:39
u002724,visit,2026-04-27 13:01:28
u002724,signup,2026-04-28 11:53:38
u002724,activate,2026-04-28 14:52:38
u002724,purchase,2026-04-30 10:14:02
u002725,visit,2026-05-14 22:38:25
u002725,signup,2026-05-16 06:47:52
u002725,activate,2026-05-24 11:21:38
u002726,visit,2026-05-12 02:16:53
u002727,visit,2026-01-13 17:23:25
u002728,visit,2026-02-24 22:29:36
u002728,signup,2026-02-25 03:27:51
u002729,visit,2026-02-19 09:59:25
u002730,visit,2026-01-20 03:58:30
u002731,visit,2026-02-12 23:23:21
u002732,visit,2026-05-29 20:05:36
u002733,visit,2026-03-29 09:01:53
u002733,signup,2026-03-30 04:04:48
u002733,activate,2026-03-30 11:43:52
u002734,visit,2026-01-16 15:33:52
u002734,signup,2026-01-18 06:30:44
u002735,visit,2026-02-14 21:48:58
u002736,visit,2026-04-02 00:13:06
u002737,visit,2026-04-11 13:58:56
u002737,signup,2026-04-12 14:48:42
u002737,activate,2026-04-14 08:55:54
u002737,purchase,2026-04-15 09:57:02
u002738,visit,2026-04-18 09:29:29
u002739,visit,2026-02-21 04:21:21
u002740,visit,2026-02-05 22:51:35
u002740,signup,2026-02-06 12:52:14
u002741,visit,2026-02-21 05:30:30
u002742,visit,2026-02-01 08:51:53
u002742,signup,2026-02-02 05:23:35
u002743,visit,2026-04-22 08:01:08
u002744,visit,2026-03-02 17:07:01
u002745,visit,2026-03-22 16:24:41
u002746,visit,2026-02-10 05:38:33
u002746,signup,2026-02-11 04:52:44
u002747,visit,2026-04-28 02:24:08
u002748,visit,2026-05-09 15:17:55
u002749,visit,2025-12-07 12:35:22
u002750,visit,2025-12-12 13:51:22
u002751,visit,2026-01-14 00:32:12
u002752,visit,2026-05-02 14:12:26
u002753,visit,2026-04-02 19:16:28
u002753,signup,2026-04-03 03:13:38
u002753,activate,2026-04-05 03:47:33
u002753,purchase,2026-04-18 08:58:30
u002754,visit,2026-03-05 01:43:46
u002755,visit,2026-01-21 12:56:21
u002756,visit,2026-02-12 17:19:59
u002757,visit,2026-03-28 13:41:37
u002757,signup,2026-03-30 05:18:50
u002758,visit,2026-05-15 16:35:00
u002759,visit,2025-12-02 22:03:03
u002759,signup,2025-12-03 03:38:25
u002760,visit,2026-02-04 02:31:12
u002760,signup,2026-02-06 00:30:29
u002760,activate,2026-02-12 12:25:34
u002761,visit,2026-02-24 00:26:05
u002762,visit,2026-03-05 16:07:56
u002763,visit,2026-02-09 15:50:29
u002763,signup,2026-02-11 04:11:49
u002763,activate,2026-02-12 00:47:59
u002763,purchase,2026-02-18 01:53:39
u002764,visit,2025-12-22 16:38:43
u002764,signup,2025-12-22 20:45:45
u002765,visit,2026-02-25 09:20:42
u002766,visit,2026-02-13 13:13:54
u002767,visit,2026-04-11 23:23:43
u002767,signup,2026-04-13 13:11:52
u002767,activate,2026-04-14 15:04:36
u002767,purchase,2026-04-22 16:35:42
u002768,visit,2026-05-03 23:58:22
u002768,signup,2026-05-05 13:18:40
u002769,visit,2026-02-15 06:56:27
u002770,visit,2026-04-06 08:39:21
u002770,signup,2026-04-06 22:12:10
u002771,visit,2026-03-16 15:20:55
u002771,signup,2026-03-17 00:41:10
u002772,visit,2026-04-15 16:17:13
u002772,signup,2026-04-15 17:58:16
u002773,visit,2025-12-30 11:34:09
u002773,signup,2025-12-31 02:01:37
u002774,visit,2026-05-22 14:45:23
u002775,visit,2026-03-01 14:19:41
u002776,visit,2026-01-06 11:01:34
u002777,visit,2026-04-08 21:23:08
u002777,signup,2026-04-09 14:47:59
u002778,visit,2026-02-14 22:13:17
u002779,visit,2026-03-27 17:50:37
u002779,signup,2026-03-29 04:18:36
u002780,visit,2026-02-04 09:55:23
u002781,visit,2025-12-20 22:39:12
u002782,visit,2026-02-07 19:10:01
u002782,signup,2026-02-08 03:15:47
u002782,activate,2026-02-10 09:55:40
u002782,purchase,2026-02-18 01:14:37
u002783,visit,2026-05-30 03:33:07
u002783,signup,2026-05-30 06:59:37
u002783,activate,2026-05-30 15:31:13
u002784,visit,2026-01-21 19:37:02
u002785,visit,2026-01-31 20:27:12
u002786,visit,2026-02-04 16:15:26
u002787,visit,2026-03-04 14:51:32
u002788,visit,2026-01-27 01:06:52
u002789,visit,2026-04-16 22:23:37
u002789,signup,2026-04-17 16:35:32
u002789,activate,2026-04-17 23:35:33
u002790,visit,2026-01-24 04:07:35
u002791,visit,2026-04-08 03:42:02
u002792,visit,2025-12-21 22:21:22
u002792,signup,2025-12-23 01:41:41
u002793,visit,2026-02-05 03:16:13
u002794,visit,2026-01-22 12:30:27
u002794,signup,2026-01-23 09:02:56
u002794,activate,2026-01-25 02:26:57
u002795,visit,2026-01-06 09:02:23
u002796,visit,2026-05-26 05:41:50
u002797,visit,2026-03-08 19:44:52
u002798,visit,2026-03-26 02:36:53
u002798,signup,2026-03-27 04:35:38
u002798,activate,2026-03-29 04:30:37
u002799,visit,2025-12-14 19:01:02
u002800,visit,2026-02-20 12:48:58
u002801,visit,2026-05-04 04:33:02
u002802,visit,2026-01-12 15:23:49
u002802,signup,2026-01-13 05:35:49
u002802,activate,2026-01-14 12:23:15
u002803,visit,2026-02-20 08:19:48
u002804,visit,2026-01-11 12:54:51
u002804,signup,2026-01-12 15:01:39
u002804,activate,2026-01-14 23:42:52
u002804,purchase,2026-01-21 03:11:09
u002805,visit,2026-05-19 16:28:35
u002805,signup,2026-05-21 05:19:11
u002805,activate,2026-05-22 08:20:39
u002806,visit,2026-04-06 08:32:30
u002807,visit,2025-12-03 06:11:21
u002808,visit,2026-01-14 01:04:30
u002809,visit,2026-02-25 02:36:22
u002810,visit,2026-03-21 07:29:31
u002811,visit,2025-12-06 00:16:42
u002811,signup,2025-12-07 10:14:07
u002811,activate,2025-12-08 06:34:02
u002812,visit,2026-04-10 10:41:56
u002813,visit,2026-03-21 06:30:55
u002814,visit,2025-12-08 23:20:01
u002815,visit,2026-04-14 18:43:38
u002815,signup,2026-04-15 23:44:57
u002815,activate,2026-04-18 23:36:00
u002816,visit,2026-05-24 22:29:53
u002816,signup,2026-05-25 07:29:13
u002817,visit,2026-02-20 23:14:58
u002818,visit,2026-04-17 17:38:17
u002819,visit,2026-02-05 08:13:24
u002820,visit,2026-05-13 12:44:01
u002820,signup,2026-05-13 18:32:26
u002820,activate,2026-05-14 16:47:53
u002820,purchase,2026-05-17 11:50:13
u002821,visit,2026-04-09 12:18:50
u002821,signup,2026-04-09 13:41:37
u002821,activate,2026-04-09 19:16:59
u002822,visit,2026-03-14 22:35:29
u002822,signup,2026-03-16 14:56:09
u002823,visit,2025-12-22 20:36:20
u002824,visit,2026-05-28 08:02:56
u002824,signup,2026-05-29 07:11:09
u002824,activate,2026-05-29 08:37:25
u002825,visit,2026-02-17 06:48:44
u002825,signup,2026-02-19 06:13:53
u002826,visit,2026-01-21 02:51:01
u002827,visit,2026-05-24 21:10:26
u002827,signup,2026-05-25 08:45:54
u002828,visit,2026-02-08 16:46:58
u002828,signup,2026-02-10 09:27:06
u002829,visit,2026-04-06 13:35:36
u002829,signup,2026-04-06 23:31:03
u002830,visit,2025-12-21 13:07:47
u002830,signup,2025-12-22 19:01:29
u002831,visit,2026-05-07 10:12:53
u002832,visit,2026-02-09 14:17:26
u002833,visit,2026-03-12 07:30:22
u002834,visit,2026-02-12 12:06:53
u002835,visit,2026-05-14 20:08:41
u002835,signup,2026-05-15 14:44:55
u002836,visit,2026-01-31 21:19:10
u002836,signup,2026-02-01 10:30:43
u002836,activate,2026-02-03 00:24:57
u002837,visit,2026-02-06 14:22:44
u002838,visit,2026-03-14 18:16:47
u002838,signup,2026-03-16 09:03:18
u002839,visit,2025-12-29 00:36:33
u002840,visit,2026-02-16 03:58:30
u002841,visit,2025-12-27 17:05:08
u002841,signup,2025-12-29 14:15:04
u002841,activate,2025-12-30 01:51:12
u002842,visit,2026-02-03 14:51:57
u002843,visit,2025-12-10 20:32:41
u002844,visit,2026-05-12 01:34:02
u002844,signup,2026-05-12 07:39:01
u002844,activate,2026-05-13 23:47:33
u002845,visit,2026-05-01 05:01:52
u002845,signup,2026-05-01 11:23:16
u002846,visit,2026-05-15 13:51:32
u002846,signup,2026-05-15 15:13:07
u002846,activate,2026-05-15 20:06:41
u002847,visit,2026-05-07 00:56:35
u002847,signup,2026-05-08 22:33:38
u002848,visit,2026-03-10 23:13:15
u002848,signup,2026-03-11 20:31:35
u002848,activate,2026-03-16 07:26:16
u002849,visit,2026-04-24 04:00:42
u002850,visit,2026-02-03 11:36:57
u002850,signup,2026-02-04 01:10:37
u002850,activate,2026-02-04 17:34:46
u002850,purchase,2026-02-07 10:57:42
u002851,visit,2025-12-26 12:25:42
u002852,visit,2026-05-20 11:40:30
u002852,signup,2026-05-20 23:03:08
u002852,activate,2026-05-21 04:35:41
u002853,visit,2026-01-08 02:06:55
u002853,signup,2026-01-08 21:00:53
u002853,activate,2026-01-09 09:42:43
u002854,visit,2026-03-06 08:42:49
u002855,visit,2026-05-06 07:47:17
u002856,visit,2026-02-14 10:40:40
u002857,visit,2026-02-03 14:23:11
u002857,signup,2026-02-04 19:39:09
u002858,visit,2026-02-28 23:50:07
u002859,visit,2026-03-15 11:24:10
u002860,visit,2026-01-30 03:32:22
u002860,signup,2026-01-30 07:35:37
u002860,activate,2026-01-30 23:02:59
u002861,visit,2026-05-19 00:05:32
u002862,visit,2025-12-21 09:39:52
u002862,signup,2025-12-21 18:40:21
u002862,activate,2025-12-22 02:14:35
u002863,visit,2026-05-12 07:17:41
u002863,signup,2026-05-12 18:26:40
u002863,activate,2026-05-14 09:28:47
u002863,purchase,2026-05-14 12:21:21
u002864,visit,2026-02-11 23:06:44
u002865,visit,2026-02-07 00:49:17
u002865,signup,2026-02-07 12:08:30
u002865,activate,2026-02-10 03:11:15
u002865,purchase,2026-02-11 11:46:05
u002866,visit,2026-05-20 03:20:11
u002866,signup,2026-05-20 14:55:37
u002866,activate,2026-05-24 03:38:26
u002867,visit,2026-01-09 16:16:47
u002868,visit,2026-01-18 16:02:14
u002869,visit,2026-04-04 14:47:11
u002869,signup,2026-04-06 14:41:09
u002870,visit,2025-12-27 08:55:50
u002871,visit,2026-02-26 19:38:10
u002871,signup,2026-02-26 23:09:04
u002871,activate,2026-02-27 05:57:16
u002871,purchase,2026-03-18 11:54:15
u002872,visit,2026-02-05 12:53:43
u002873,visit,2026-03-11 12:39:47
u002873,signup,2026-03-12 00:51:10
u002873,activate,2026-03-13 03:02:09
u002874,visit,2026-02-15 08:29:57
u002875,visit,2026-04-25 23:25:20
u002875,signup,2026-04-27 06:28:18
u002875,activate,2026-05-01 06:11:12
u002875,purchase,2026-05-06 14:44:42
u002876,visit,2026-03-18 16:36:20
u002876,signup,2026-03-20 14:28:36
u002877,visit,2025-12-18 07:32:50
u002877,signup,2025-12-19 04:00:05
u002877,activate,2025-12-19 15:09:19
u002878,visit,2025-12-20 17:40:45
u002878,signup,2025-12-21 22:44:24
u002878,activate,2025-12-24 15:52:12
u002879,visit,2026-01-29 14:27:08
u002880,visit,2026-03-31 15:51:22
u002881,visit,2025-12-09 00:29:33
u002881,signup,2025-12-09 14:07:34
u002881,activate,2025-12-16 12:22:29
u002881,purchase,2025-12-18 09:28:51
u002882,visit,2026-04-10 23:17:50
u002882,signup,2026-04-11 10:36:54
u002882,activate,2026-04-12 00:36:38
u002883,visit,2026-02-13 08:28:12
u002884,visit,2026-02-22 01:45:33
u002885,visit,2026-02-12 12:50:25
u002885,signup,2026-02-13 04:16:45
u002885,activate,2026-02-16 03:06:58
u002886,visit,2026-05-05 22:45:24
u002887,visit,2026-01-09 22:58:06
u002888,visit,2026-05-10 03:34:13
u002889,visit,2026-03-18 14:27:58
u002890,visit,2026-02-28 11:49:34
u002891,visit,2026-02-11 06:53:03
u002892,visit,2026-05-22 05:19:37
u002893,visit,2026-05-16 12:19:43
u002894,visit,2026-04-10 22:09:16
u002894,signup,2026-04-12 14:32:45
u002895,visit,2025-12-10 23:41:59
u002896,visit,2026-04-30 13:49:05
u002897,visit,2026-05-21 13:08:28
u002897,signup,2026-05-22 03:16:28
u002898,visit,2026-01-11 08:24:24
u002898,signup,2026-01-12 21:27:43
u002899,visit,2026-03-17 19:45:30
u002899,signup,2026-03-19 16:29:41
u002899,activate,2026-03-26 00:58:05
u002900,visit,2026-02-17 22:22:16
u002901,visit,2025-12-25 08:32:36
u002901,signup,2025-12-26 19:00:51
u002901,activate,2025-12-26 20:26:21
u002902,visit,2026-02-18 05:36:10
u002902,signup,2026-02-18 13:01:41
u002902,activate,2026-02-19 17:37:08
u002903,visit,2026-01-15 01:50:56
u002903,signup,2026-01-15 10:08:34
u002903,activate,2026-01-17 20:28:10
u002904,visit,2026-02-02 22:53:54
u002904,signup,2026-02-03 23:40:00
u002904,activate,2026-02-05 11:02:01
u002904,purchase,2026-02-09 14:25:49
u002905,visit,2026-04-13 09:35:39
u002906,visit,2026-03-29 06:28:37
u002907,visit,2026-01-02 22:00:01
u002907,signup,2026-01-04 02:13:38
u002907,activate,2026-01-06 05:46:00
u002907,purchase,2026-02-05 17:13:29
u002908,visit,2026-01-23 11:56:44
u002909,visit,2026-01-01 02:31:13
u002910,visit,2026-03-11 03:36:40
u002910,signup,2026-03-11 03:41:19
u002910,activate,2026-03-11 16:58:30
u002911,visit,2026-01-09 22:33:03
u002912,visit,2026-03-07 08:09:46
u002912,signup,2026-03-07 13:33:08
u002912,activate,2026-03-09 13:18:42
u002912,purchase,2026-03-16 01:45:11
u002913,visit,2026-02-23 09:22:21
u002913,signup,2026-02-24 16:22:19
u002914,visit,2026-02-24 12:26:46
u002915,visit,2026-02-20 21:03:11
u002915,signup,2026-02-21 20:38:31
u002915,activate,2026-02-22 08:56:51
u002915,purchase,2026-03-03 06:43:56
u002916,visit,2026-02-15 00:28:49
u002916,signup,2026-02-16 06:56:27
u002916,activate,2026-02-17 13:34:20
u002917,visit,2026-05-25 07:09:16
u002918,visit,2026-04-11 13:45:42
u002919,visit,2026-03-15 10:10:24
u002919,signup,2026-03-15 13:58:32
u002919,activate,2026-03-16 04:31:05
u002920,visit,2026-01-30 22:49:40
u002921,visit,2026-01-16 18:44:15
u002922,visit,2026-03-22 01:38:42
u002922,signup,2026-03-23 02:32:16
u002923,visit,2026-01-17 08:46:21
u002923,signup,2026-01-18 02:44:27
u002923,activate,2026-01-19 23:57:45
u002924,visit,2026-02-20 15:25:42
u002924,signup,2026-02-22 08:51:00
u002924,activate,2026-02-24 22:17:39
u002925,visit,2026-01-09 03:30:25
u002926,visit,2026-02-23 06:29:50
u002927,visit,2026-04-09 16:56:20
u002927,signup,2026-04-10 13:36:48
u002928,visit,2026-02-13 07:31:02
u002928,signup,2026-02-14 16:30:41
u002928,activate,2026-02-16 15:58:05
u002928,purchase,2026-02-16 16:33:12
u002929,visit,2026-03-05 22:18:50
u002930,visit,2026-02-14 14:16:27
u002931,visit,2026-02-09 11:54:02
u002931,signup,2026-02-10 03:13:40
u002931,activate,2026-02-10 23:03:46
u002932,visit,2026-05-19 17:14:42
u002933,visit,2026-02-17 04:56:37
u002934,visit,2026-05-19 10:01:26
u002935,visit,2026-04-12 01:26:59
u002936,visit,2026-05-03 22:16:25
u002936,signup,2026-05-04 18:22:32
u002937,visit,2025-12-19 01:51:43
u002937,signup,2025-12-20 14:42:47
u002937,activate,2025-12-22 06:01:20
u002937,purchase,2025-12-24 04:20:14
u002938,visit,2026-04-30 16:42:51
u002939,visit,2025-12-17 15:45:56
u002940,visit,2026-02-17 13:36:42
u002940,signup,2026-02-18 21:04:03
u002941,visit,2026-03-28 23:23:45
u002941,signup,2026-03-29 14:52:18
u002942,visit,2026-05-26 08:00:15
u002943,visit,2026-02-28 03:05:17
u002943,signup,2026-03-01 23:07:50
u002944,visit,2026-01-12 10:21:07
u002945,visit,2026-01-11 02:39:08
u002946,visit,2026-01-11 06:02:44
u002947,visit,2026-04-30 14:35:59
u002948,visit,2026-04-05 11:32:15
u002949,visit,2026-03-22 22:34:57
u002949,signup,2026-03-24 03:17:14
u002949,activate,2026-03-24 04:59:29
u002949,purchase,2026-03-30 13:41:47
u002950,visit,2026-03-25 15:55:09
u002951,visit,2026-02-04 20:47:18
u002952,visit,2026-03-09 04:21:07
u002953,visit,2026-05-14 02:16:08
u002953,signup,2026-05-15 08:55:52
u002953,activate,2026-05-19 18:01:05
u002953,purchase,2026-05-25 08:21:33
u002954,visit,2026-04-22 09:00:44
u002954,signup,2026-04-22 14:01:05
u002955,visit,2026-04-09 17:41:55
u002956,visit,2026-04-20 10:59:24
u002956,signup,2026-04-20 12:44:40
u002957,visit,2026-04-14 10:51:01
u002958,visit,2025-12-27 20:30:10
u002959,visit,2026-04-20 03:07:55
u002960,visit,2025-12-30 16:04:17
u002960,signup,2025-12-31 01:11:17
u002960,activate,2025-12-31 08:43:02
u002961,visit,2026-05-13 23:41:03
u002961,signup,2026-05-15 23:00:51
u002962,visit,2026-04-20 16:17:26
u002963,visit,2026-04-23 15:52:59
u002963,signup,2026-04-24 11:28:31
u002963,activate,2026-04-26 20:19:34
u002963,purchase,2026-05-14 19:36:59
u002964,visit,2026-01-03 21:50:10
u002965,visit,2026-04-10 02:31:44
u002966,visit,2025-12-20 06:31:55
u002966,signup,2025-12-21 04:23:41
u002966,activate,2025-12-21 18:25:14
u002967,visit,2026-02-02 10:32:12
u002967,signup,2026-02-03 20:22:28
u002967,activate,2026-02-04 22:54:42
u002968,visit,2026-02-11 04:45:08
u002969,visit,2025-12-27 01:50:35
u002969,signup,2025-12-28 21:21:53
u002970,visit,2026-02-07 13:27:28
u002970,signup,2026-02-09 10:37:54
u002970,activate,2026-02-15 11:42:22
u002971,visit,2026-05-21 06:56:01
u002971,signup,2026-05-22 21:13:44
u002971,activate,2026-05-24 06:50:46
u002971,purchase,2026-05-29 21:21:02
u002972,visit,2026-05-01 03:27:35
u002972,signup,2026-05-01 06:42:00
u002973,visit,2026-05-03 02:07:07
u002974,visit,2026-02-20 20:19:39
u002975,visit,2026-03-26 08:54:39
u002976,visit,2026-05-21 15:37:47
u002977,visit,2026-02-23 11:36:13
u002978,visit,2026-02-18 04:26:41
u002979,visit,2025-12-03 22:55:09
u002980,visit,2025-12-08 06:27:13
u002981,visit,2026-02-25 07:55:10
u002981,signup,2026-02-26 19:42:36
u002982,visit,2025-12-06 08:38:18
u002983,visit,2026-02-02 22:49:36
u002983,signup,2026-02-04 03:53:11
u002984,visit,2026-02-18 18:05:42
u002985,visit,2026-03-10 11:36:27
u002986,visit,2026-01-05 19:00:15
u002987,visit,2026-01-04 00:41:13
u002988,visit,2026-04-29 07:27:43
u002989,visit,2026-02-17 23:12:48
u002990,visit,2026-05-20 00:15:03
u002990,signup,2026-05-21 13:03:37
u002990,activate,2026-05-24 11:51:08
u002991,visit,2026-04-17 21:07:23
u002991,signup,2026-04-18 21:50:09
u002991,activate,2026-04-19 15:54:37
u002992,visit,2026-02-18 20:35:48
u002992,signup,2026-02-19 05:56:45
u002993,visit,2026-01-21 22:33:44
u002994,visit,2026-04-10 16:09:36
u002995,visit,2025-12-24 11:32:03
u002996,visit,2026-04-27 11:42:05
u002997,visit,2026-05-21 13:25:56
u002998,visit,2026-01-28 05:21:55
u002999,visit,2026-04-29 17:00:17
u002999,signup,2026-04-30 00:41:52
u002999,activate,2026-04-30 06:02:49
u003000,visit,2026-04-30 15:48:06
u003000,signup,2026-05-02 13:53:14
u003001,visit,2026-04-12 19:17:50
u003001,signup,2026-04-12 20:17:35
u003002,visit,2026-04-09 01:48:07
u003003,visit,2026-05-01 02:20:41
u003004,visit,2025-12-31 06:12:56
u003004,signup,2026-01-01 16:41:47
u003005,visit,2026-01-14 17:24:17
u003005,signup,2026-01-15 00:33:21
u003005,activate,2026-01-15 16:07:35
u003006,visit,2025-12-22 22:33:48
u003006,signup,2025-12-24 19:48:29
u003007,visit,2026-02-04 22:17:32
u003007,signup,2026-02-05 13:52:21
u003008,visit,2026-04-12 13:34:07
u003009,visit,2026-02-28 07:32:49
u003010,visit,2026-05-30 10:54:47
u003011,visit,2026-04-03 14:32:56
u003011,signup,2026-04-05 10:14:59
u003011,activate,2026-04-06 05:04:03
u003011,purchase,2026-04-06 20:38:47
u003012,visit,2025-12-04 08:13:22
u003012,signup,2025-12-04 19:40:47
u003012,activate,2025-12-05 13:33:52
u003012,purchase,2025-12-14 22:51:29
u003013,visit,2025-12-31 04:16:55
u003014,visit,2026-03-01 23:37:46
u003014,signup,2026-03-03 21:10:07
u003014,activate,2026-03-09 05:07:38
u003014,purchase,2026-03-20 02:56:30
u003015,visit,2026-02-11 10:13:51
u003015,signup,2026-02-13 06:07:19
u003015,activate,2026-02-14 06:04:28
u003015,purchase,2026-02-18 00:48:47
u003016,visit,2026-05-05 22:58:21
u003016,signup,2026-05-06 19:59:33
u003016,activate,2026-05-07 03:51:11
u003016,purchase,2026-05-11 11:00:55
u003017,visit,2025-12-09 07:21:31
u003018,visit,2026-04-19 02:42:37
u003018,signup,2026-04-19 07:03:29
u003018,activate,2026-04-20 00:26:12
u003019,visit,2026-03-22 05:39:41
u003020,visit,2026-05-28 16:14:59
u003021,visit,2026-04-29 01:14:44
u003021,signup,2026-04-30 23:32:08
u003022,visit,2026-03-04 02:30:22
u003023,visit,2026-05-21 14:55:57
u003023,signup,2026-05-23 12:58:32
u003024,visit,2025-12-22 05:42:26
u003024,signup,2025-12-23 17:42:26
u003025,visit,2026-03-31 03:05:41
u003026,visit,2026-05-30 05:13:58
u003026,signup,2026-05-30 15:07:35
u003027,visit,2026-03-03 19:28:50
u003028,visit,2026-03-02 04:56:51
u003028,signup,2026-03-03 10:57:09
u003028,activate,2026-03-05 12:26:27
u003028,purchase,2026-03-17 07:40:40
u003029,visit,2026-02-05 13:10:52
u003030,visit,2026-03-29 03:02:21
u003031,visit,2026-01-07 10:14:11
u003032,visit,2025-12-25 23:29:15
u003033,visit,2026-03-11 12:25:34
u003033,signup,2026-03-12 22:08:19
u003034,visit,2025-12-18 15:01:14
u003035,visit,2026-04-01 01:03:12
u003036,visit,2026-03-04 17:01:53
u003036,signup,2026-03-06 02:28:59
u003037,visit,2026-05-20 07:25:45
u003038,visit,2026-02-13 22:55:46
u003038,signup,2026-02-14 17:03:10
u003038,activate,2026-02-17 00:09:51
u003038,purchase,2026-02-25 23:37:43
u003039,visit,2026-01-02 16:33:05
u003039,signup,2026-01-02 19:45:33
u003039,activate,2026-01-07 12:47:26
u003040,visit,2026-05-13 09:17:52
u003040,signup,2026-05-15 07:16:14
u003040,activate,2026-05-15 07:54:31
u003041,visit,2026-05-06 01:15:52
u003041,signup,2026-05-06 14:56:51
u003042,visit,2026-02-13 09:33:24
u003043,visit,2026-03-31 11:38:13
u003044,visit,2026-05-17 07:08:56
u003044,signup,2026-05-18 13:59:15
u003045,visit,2026-03-06 19:30:34
u003046,visit,2025-12-28 17:27:57
u003047,visit,2025-12-14 02:11:51
u003048,visit,2026-01-11 21:11:32
u003048,signup,2026-01-11 21:21:52
u003048,activate,2026-01-17 14:21:57
u003049,visit,2026-03-07 00:34:38
u003050,visit,2026-01-27 07:34:47
u003050,signup,2026-01-28 13:28:53
u003050,activate,2026-01-28 16:19:14
u003050,purchase,2026-02-01 06:11:29
u003051,visit,2026-05-24 02:51:21
u003051,signup,2026-05-25 09:02:33
u003052,visit,2025-12-26 16:51:22
u003053,visit,2026-04-08 14:12:55
u003054,visit,2026-01-23 21:42:52
u003054,signup,2026-01-25 19:48:39
u003055,visit,2026-01-29 10:00:21
u003055,signup,2026-01-30 19:25:34
u003055,activate,2026-02-01 19:48:39
u003056,visit,2025-12-12 23:53:39
u003057,visit,2026-04-25 03:39:53
u003057,signup,2026-04-26 00:44:41
u003057,activate,2026-04-27 06:57:54
u003058,visit,2026-04-23 01:17:06
u003059,visit,2026-02-11 14:41:49
u003059,signup,2026-02-12 08:13:15
u003059,activate,2026-02-14 00:44:32
u003060,visit,2026-04-02 20:35:23
u003060,signup,2026-04-03 09:00:03
u003061,visit,2026-01-19 08:51:19
u003061,signup,2026-01-20 20:27:14
u003061,activate,2026-01-24 23:16:44
u003062,visit,2025-12-26 15:27:25
u003062,signup,2025-12-28 04:35:05
u003062,activate,2025-12-28 08:30:47
u003063,visit,2026-04-23 18:47:18
u003064,visit,2025-12-21 20:08:37
u003064,signup,2025-12-22 13:14:49
u003065,visit,2026-01-30 18:19:02
u003065,signup,2026-01-31 05:57:37
u003066,visit,2026-05-02 06:42:41
u003066,signup,2026-05-03 13:42:32
u003067,visit,2026-01-08 11:42:51
u003068,visit,2025-12-18 07:26:32
u003069,visit,2025-12-04 15:33:14
u003070,visit,2026-05-17 22:52:18
u003071,visit,2025-12-14 23:48:20
u003072,visit,2026-05-09 03:40:02
u003072,signup,2026-05-09 14:21:01
u003072,activate,2026-05-12 08:55:28
u003073,visit,2025-12-20 14:49:56
u003074,visit,2026-02-02 16:36:07
u003075,visit,2026-02-17 00:59:08
u003076,visit,2026-05-02 22:15:46
u003076,signup,2026-05-04 12:23:36
u003076,activate,2026-05-05 18:45:09
u003077,visit,2026-03-30 13:29:04
u003077,signup,2026-04-01 11:53:50
u003077,activate,2026-04-02 02:22:15
u003078,visit,2025-12-31 12:29:31
u003078,signup,2026-01-01 08:20:22
u003079,visit,2026-04-12 05:39:42
u003079,signup,2026-04-12 07:26:03
u003080,visit,2026-02-27 13:49:28
u003080,signup,2026-02-28 14:33:43
u003081,visit,2026-01-19 03:20:27
u003082,visit,2026-02-22 01:23:32
u003083,visit,2026-01-23 18:21:51
u003083,signup,2026-01-24 13:43:46
u003084,visit,2026-01-20 16:41:00
u003084,signup,2026-01-21 17:53:13
u003085,visit,2026-04-29 00:52:41
u003086,visit,2026-01-29 09:11:35
u003087,visit,2026-01-20 15:02:35
u003088,visit,2026-05-01 22:49:24
u003089,visit,2026-01-05 07:35:19
u003089,signup,2026-01-06 11:34:24
u003090,visit,2025-12-03 03:20:16
u003091,visit,2026-04-23 12:07:33
u003092,visit,2026-05-21 23:55:46
u003092,signup,2026-05-22 13:22:21
u003092,activate,2026-05-23 00:08:01
u003093,visit,2025-12-07 07:37:37
u003093,signup,2025-12-08 12:44:49
u003093,activate,2025-12-08 13:50:34
u003093,purchase,2025-12-10 08:35:26
u003094,visit,2025-12-31 23:10:35
u003094,signup,2026-01-02 13:50:47
u003095,visit,2026-04-21 14:15:39
u003096,visit,2026-01-08 23:04:22
u003096,signup,2026-01-09 03:59:01
u003097,visit,2026-01-01 11:33:39
u003097,signup,2026-01-02 09:36:45
u003097,activate,2026-01-07 17:14:11
u003097,purchase,2026-01-28 08:05:32
u003098,visit,2026-01-24 14:03:54
u003099,visit,2026-05-01 18:31:36
u003100,visit,2026-01-09 00:58:11
u003101,visit,2026-05-27 03:54:46
u003102,visit,2026-01-13 11:33:21
u003102,signup,2026-01-14 07:39:06
u003102,activate,2026-01-16 15:49:16
u003102,purchase,2026-01-19 23:20:59
u003103,visit,2026-05-22 02:30:24
u003104,visit,2026-02-08 08:26:28
u003105,visit,2026-03-25 21:43:21
u003106,visit,2026-01-27 13:13:02
u003107,visit,2026-04-05 17:12:16
u003107,signup,2026-04-06 23:47:06
u003108,visit,2026-03-22 14:07:37
u003109,visit,2026-02-10 01:41:08
u003109,signup,2026-02-11 03:52:56
u003109,activate,2026-02-15 06:05:44
u003110,visit,2026-01-28 23:09:28
u003110,signup,2026-01-30 12:08:34
u003110,activate,2026-01-30 19:55:20
u003111,visit,2025-12-15 06:48:13
u003112,visit,2026-01-26 03:35:35
u003113,visit,2026-01-09 12:14:47
u003114,visit,2026-05-30 12:33:27
u003114,signup,2026-05-31 08:07:32
u003115,visit,2026-01-18 18:23:59
u003116,visit,2026-03-24 02:23:52
u003117,visit,2025-12-28 02:29:39
u003118,visit,2026-01-03 06:19:22
u003119,visit,2026-05-16 02:47:51
u003120,visit,2025-12-14 05:27:35
u003121,visit,2026-01-06 00:54:37
u003122,visit,2025-12-24 16:44:06
u003123,visit,2025-12-06 17:21:43
u003124,visit,2026-05-08 23:29:51
u003124,signup,2026-05-10 10:02:36
u003124,activate,2026-05-12 01:27:06
u003124,purchase,2026-05-19 07:23:28
u003125,visit,2025-12-05 00:45:48
u003125,signup,2025-12-05 23:43:52
u003126,visit,2026-05-25 00:06:29
u003126,signup,2026-05-25 09:36:38
u003127,visit,2025-12-04 16:11:00
u003127,signup,2025-12-04 23:27:02
u003128,visit,2026-01-22 14:55:11
u003129,visit,2025-12-10 01:32:19
u003130,visit,2026-01-27 00:03:03
u003131,visit,2026-02-25 23:25:46
u003131,signup,2026-02-26 13:14:41
u003131,activate,2026-02-27 18:30:44
u003132,visit,2026-04-16 12:56:31
u003132,signup,2026-04-17 20:18:19
u003132,activate,2026-04-18 22:41:55
u003133,visit,2026-02-25 20:51:20
u003133,signup,2026-02-26 08:13:15
u003134,visit,2026-04-30 23:38:09
u003135,visit,2026-05-25 10:09:52
u003136,visit,2026-01-12 12:13:28
u003137,visit,2026-05-04 15:33:12
u003138,visit,2026-04-19 14:40:50
u003139,visit,2026-03-02 02:06:39
u003139,signup,2026-03-02 07:53:19
u003140,visit,2025-12-09 12:36:35
u003140,signup,2025-12-11 08:32:05
u003140,activate,2025-12-13 02:46:59
u003141,visit,2026-03-05 12:28:20
u003142,visit,2026-04-03 23:01:07
u003143,visit,2026-01-30 21:11:34
u003143,signup,2026-02-01 03:25:15
u003143,activate,2026-02-02 06:23:01
u003143,purchase,2026-02-03 22:17:36
u003144,visit,2026-03-29 06:31:13
u003144,signup,2026-03-31 02:02:36
u003145,visit,2026-01-02 09:10:32
u003146,visit,2025-12-19 19:53:54
u003147,visit,2026-02-26 14:33:37
u003147,signup,2026-02-27 10:50:05
u003147,activate,2026-02-28 08:07:32
u003148,visit,2026-03-07 02:43:41
u003148,signup,2026-03-08 09:08:21
u003148,activate,2026-03-08 10:03:14
u003148,purchase,2026-04-12 17:59:33
u003149,visit,2026-01-16 12:16:01
u003150,visit,2026-05-10 11:35:29
u003150,signup,2026-05-12 01:00:24
u003151,visit,2025-12-13 00:46:42
u003152,visit,2026-04-20 11:06:24
u003153,visit,2026-04-20 05:10:57
u003154,visit,2026-02-22 05:03:06
u003155,visit,2026-02-04 23:08:41
u003156,visit,2026-04-04 01:00:42
u003157,visit,2026-01-27 03:57:52
u003157,signup,2026-01-29 02:53:51
u003157,activate,2026-01-29 17:40:27
u003157,purchase,2026-03-16 16:13:42
u003158,visit,2026-01-20 13:29:50
u003158,signup,2026-01-21 14:34:17
u003158,activate,2026-01-24 05:00:49
u003158,purchase,2026-02-10 09:46:26
u003159,visit,2026-01-23 00:06:14
u003160,visit,2026-03-16 09:04:58
u003160,signup,2026-03-16 12:33:08
u003160,activate,2026-03-18 18:10:39
u003160,purchase,2026-03-21 01:06:49
u003161,visit,2026-04-12 01:28:30
u003161,signup,2026-04-13 18:37:31
u003161,activate,2026-04-15 19:41:58
u003162,visit,2026-01-02 00:21:26
u003162,signup,2026-01-02 23:36:14
u003162,activate,2026-01-02 23:38:59
u003163,visit,2026-03-05 03:32:06
u003164,visit,2026-05-15 11:05:51
u003165,visit,2026-04-15 16:23:24
u003165,signup,2026-04-16 09:00:49
u003166,visit,2026-01-09 03:58:15
u003167,visit,2026-05-12 06:23:34
u003167,signup,2026-05-14 03:03:37
u003168,visit,2026-01-25 07:02:44
u003169,visit,2026-04-03 06:51:09
u003170,visit,2026-03-22 04:13:14
u003171,visit,2026-01-27 04:18:47
u003172,visit,2026-02-22 07:33:41
u003172,signup,2026-02-23 10:19:10
u003173,visit,2026-01-10 14:47:08
u003174,visit,2026-05-13 16:06:32
u003175,visit,2026-04-01 07:21:07
u003175,signup,2026-04-03 06:22:35
u003175,activate,2026-04-03 09:39:52
u003176,visit,2026-05-13 21:09:06
u003177,visit,2026-01-15 18:17:50
u003178,visit,2026-01-29 20:15:18
u003179,visit,2026-05-10 05:57:07
u003180,visit,2026-02-25 13:20:28
u003181,visit,2026-02-17 13:45:50
u003182,visit,2026-02-15 11:22:13
u003183,visit,2026-05-16 18:37:25
u003183,signup,2026-05-17 20:05:13
u003184,visit,2026-05-04 16:11:40
u003184,signup,2026-05-06 02:15:45
u003185,visit,2026-05-26 20:01:24
u003186,visit,2026-04-12 19:20:50
u003186,signup,2026-04-12 22:00:26
u003187,visit,2026-04-11 08:28:53
u003188,visit,2026-04-07 10:37:23
u003188,signup,2026-04-08 09:54:39
u003189,visit,2026-02-26 22:18:38
u003190,visit,2026-02-02 12:43:24
u003190,signup,2026-02-03 17:19:12
u003191,visit,2026-05-07 05:36:01
u003191,signup,2026-05-08 16:29:23
u003192,visit,2026-05-15 16:06:21
u003193,visit,2026-04-30 21:14:48
u003193,signup,2026-05-02 05:15:48
u003193,activate,2026-05-02 19:10:48
u003194,visit,2026-05-24 22:30:55
u003195,visit,2026-01-13 07:56:42
u003195,signup,2026-01-14 22:59:06
u003195,activate,2026-01-16 19:04:16
u003195,purchase,2026-01-18 18:24:20
u003196,visit,2026-02-07 17:24:06
u003196,signup,2026-02-09 15:07:58
u003196,activate,2026-02-12 15:59:18
u003196,purchase,2026-02-14 01:33:43
u003197,visit,2026-01-17 08:24:44
u003198,visit,2026-02-15 17:16:09
u003199,visit,2026-03-06 16:32:15
u003200,visit,2026-04-28 00:51:17
u003201,visit,2026-01-31 06:39:11
u003202,visit,2026-05-27 04:07:18
u003202,signup,2026-05-28 21:19:08
u003203,visit,2025-12-09 09:48:24
u003204,visit,2026-01-27 12:45:41
u003204,signup,2026-01-28 11:43:11
u003205,visit,2026-03-29 19:40:02
u003205,signup,2026-03-30 09:09:04
u003205,activate,2026-03-31 05:16:07
u003206,visit,2026-03-24 16:02:12
u003207,visit,2026-05-18 13:36:00
u003207,signup,2026-05-19 06:57:05
u003207,activate,2026-05-20 20:12:40
u003207,purchase,2026-05-25 20:36:09
u003208,visit,2026-01-04 13:39:08
u003208,signup,2026-01-05 21:36:55
u003208,activate,2026-01-07 08:10:29
u003208,purchase,2026-01-20 12:09:51
u003209,visit,2026-03-06 09:58:05
u003209,signup,2026-03-07 08:37:41
u003209,activate,2026-03-13 15:51:20
u003210,visit,2026-02-27 09:43:09
u003211,visit,2025-12-03 15:33:10
u003212,visit,2026-02-26 15:48:28
u003212,signup,2026-02-27 03:04:15
u003213,visit,2025-12-11 23:03:49
u003213,signup,2025-12-13 09:27:25
u003213,activate,2025-12-20 00:56:53
u003213,purchase,2026-01-06 21:12:57
u003214,visit,2026-03-21 00:38:33
u003214,signup,2026-03-22 01:05:29
u003214,activate,2026-03-23 12:49:25
u003214,purchase,2026-03-25 11:07:11
u003215,visit,2026-01-11 08:53:10
u003216,visit,2026-04-24 20:42:55
u003217,visit,2026-04-28 08:28:33
u003217,signup,2026-04-28 18:28:49
u003218,visit,2026-01-29 13:14:58
u003219,visit,2026-04-10 01:09:16
u003220,visit,2026-03-05 19:44:29
u003221,visit,2026-02-20 10:25:24
u003222,visit,2026-05-10 15:54:12
u003222,signup,2026-05-11 00:56:52
u003222,activate,2026-05-11 18:25:32
u003223,visit,2026-01-19 13:57:51
u003224,visit,2026-03-20 03:08:11
u003225,visit,2026-01-15 16:52:44
u003225,signup,2026-01-16 01:07:19
u003225,activate,2026-01-16 01:40:31
u003225,purchase,2026-01-24 21:53:57
u003226,visit,2026-04-17 09:13:14
u003226,signup,2026-04-19 00:15:04
u003227,visit,2026-04-12 10:27:19
u003227,signup,2026-04-13 03:07:44
u003228,visit,2026-02-07 18:55:59
u003229,visit,2026-03-10 22:36:03
u003230,visit,2026-03-18 21:29:19
u003230,signup,2026-03-19 16:57:06
u003230,activate,2026-03-20 01:37:45
u003231,visit,2026-01-01 03:35:33
u003232,visit,2026-02-09 16:10:28
u003233,visit,2025-12-12 08:59:42
u003234,visit,2026-04-16 12:40:04
u003235,visit,2026-05-30 11:20:34
u003236,visit,2026-02-20 00:47:45
u003236,signup,2026-02-20 00:52:37
u003236,activate,2026-02-21 02:00:40
u003237,visit,2026-05-13 06:35:59
u003237,signup,2026-05-14 17:20:54
u003237,activate,2026-05-14 23:13:50
u003238,visit,2026-01-29 23:45:29
u003239,visit,2026-04-27 02:02:11
u003240,visit,2026-01-14 11:44:59
u003241,visit,2026-04-10 03:13:19
u003241,signup,2026-04-11 09:47:10
u003241,activate,2026-04-19 19:36:15
u003242,visit,2026-01-21 02:23:08
u003243,visit,2025-12-04 14:35:20
u003244,visit,2026-01-28 09:27:26
u003245,visit,2026-03-03 20:50:10
u003246,visit,2026-03-25 20:13:19
u003247,visit,2026-01-23 11:32:48
u003247,signup,2026-01-23 11:55:16
u003247,activate,2026-01-27 01:23:53
u003247,purchase,2026-02-02 08:43:13
u003248,visit,2026-04-29 13:48:12
u003249,visit,2026-03-17 08:58:09
u003249,signup,2026-03-18 02:28:17
u003249,activate,2026-03-19 10:45:26
u003249,purchase,2026-03-21 01:13:20
u003250,visit,2026-05-07 01:27:49
u003251,visit,2026-01-12 14:16:30
u003252,visit,2026-01-24 10:37:09
u003252,signup,2026-01-25 10:36:36
u003252,activate,2026-01-27 06:43:47
u003253,visit,2026-03-18 17:08:42
u003253,signup,2026-03-19 06:03:49
u003254,visit,2026-03-24 17:11:20
u003255,visit,2026-01-31 20:06:17
u003255,signup,2026-02-02 12:17:23
u003255,activate,2026-02-02 12:54:30
u003255,purchase,2026-02-25 12:00:57
u003256,visit,2026-05-10 14:53:59
u003257,visit,2026-02-22 15:49:58
u003257,signup,2026-02-23 15:25:05
u003257,activate,2026-02-26 10:34:22
u003258,visit,2025-12-09 18:05:40
u003259,visit,2026-05-16 15:00:32
u003260,visit,2025-12-04 10:15:30
u003261,visit,2026-03-20 17:55:44
u003262,visit,2026-05-06 02:40:19
u003262,signup,2026-05-07 15:49:10
u003262,activate,2026-05-11 16:20:05
u003263,visit,2026-03-21 02:20:37
u003263,signup,2026-03-22 11:26:05
u003264,visit,2026-03-28 07:30:37
u003264,signup,2026-03-28 17:14:01
u003264,activate,2026-03-29 17:52:09
u003264,purchase,2026-03-29 22:30:59
u003265,visit,2026-03-08 11:57:20
u003265,signup,2026-03-10 09:43:58
u003266,visit,2026-05-05 21:15:04
u003267,visit,2026-03-20 00:44:43
u003268,visit,2026-05-28 14:53:21
u003268,signup,2026-05-29 06:20:42
u003269,visit,2025-12-27 03:32:44
u003269,signup,2025-12-27 13:00:18
u003270,visit,2026-03-07 18:53:08
u003270,signup,2026-03-08 01:26:39
u003271,visit,2026-05-02 08:21:13
u003272,visit,2026-03-13 17:07:32
u003273,visit,2026-03-03 02:05:03
u003273,signup,2026-03-03 08:59:50
u003273,activate,2026-03-05 12:56:20
u003273,purchase,2026-03-09 13:27:57
u003274,visit,2026-02-03 04:57:56
u003275,visit,2026-02-25 12:03:07
u003275,signup,2026-02-26 10:43:38
u003275,activate,2026-02-26 18:32:50
u003276,visit,2026-04-18 10:08:48
u003276,signup,2026-04-20 09:38:46
u003276,activate,2026-04-28 19:51:08
u003277,visit,2026-01-29 15:29:47
u003278,visit,2025-12-06 14:23:26
u003279,visit,2025-12-19 22:54:55
u003280,visit,2025-12-25 21:37:57
u003280,signup,2025-12-27 02:10:40
u003280,activate,2025-12-27 03:16:24
u003281,visit,2026-01-04 12:26:31
u003282,visit,2025-12-14 08:17:01
u003283,visit,2025-12-11 03:50:08
u003284,visit,2025-12-24 14:12:27
u003284,signup,2025-12-25 03:22:17
u003285,visit,2026-03-08 18:37:14
u003285,signup,2026-03-09 13:35:03
u003285,activate,2026-03-10 18:00:21
u003286,visit,2026-02-23 18:40:15
u003287,visit,2025-12-14 08:21:02
u003288,visit,2026-04-26 21:20:38
u003288,signup,2026-04-27 20:46:07
u003289,visit,2026-05-07 03:16:34
u003290,visit,2025-12-06 14:37:10
u003290,signup,2025-12-07 01:06:40
u003290,activate,2025-12-09 22:04:16
u003291,visit,2026-01-10 11:22:12
u003292,visit,2026-05-10 09:13:59
u003292,signup,2026-05-11 15:32:43
u003292,activate,2026-05-12 08:23:04
u003293,visit,2026-01-15 05:56:25
u003294,visit,2026-05-25 09:06:46
u003294,signup,2026-05-25 22:14:17
u003294,activate,2026-05-31 21:40:15
u003295,visit,2026-04-10 16:29:33
u003296,visit,2026-01-14 05:21:25
u003296,signup,2026-01-15 21:07:03
u003296,activate,2026-01-17 18:51:19
u003297,visit,2026-01-03 15:18:42
u003297,signup,2026-01-04 18:26:28
u003298,visit,2025-12-25 02:48:01
u003298,signup,2025-12-26 05:40:07
u003298,activate,2025-12-27 13:45:09
u003298,purchase,2026-01-01 23:10:10
u003299,visit,2026-05-06 11:19:37
u003300,visit,2026-05-08 07:46:31
u003301,visit,2025-12-02 08:32:50
u003302,visit,2026-01-15 15:09:56
u003302,signup,2026-01-15 21:32:18
u003302,activate,2026-01-17 13:52:21
u003302,purchase,2026-01-26 00:31:35
u003303,visit,2026-02-04 13:14:57
u003303,signup,2026-02-05 06:59:37
u003304,visit,2026-03-30 17:32:45
u003304,signup,2026-03-31 04:09:25
u003304,activate,2026-04-01 08:47:13
u003305,visit,2026-05-19 01:05:19
u003306,visit,2026-05-23 05:44:22
u003307,visit,2026-02-07 01:04:41
u003307,signup,2026-02-08 18:06:20
u003307,activate,2026-02-08 20:37:16
u003308,visit,2026-05-30 16:42:51
u003309,visit,2026-05-17 09:32:50
u003309,signup,2026-05-18 23:07:14
u003309,activate,2026-05-19 05:30:21
u003310,visit,2025-12-11 13:55:07
u003311,visit,2026-05-28 23:54:37
u003311,signup,2026-05-30 09:07:50
u003312,visit,2026-02-08 17:15:06
u003312,signup,2026-02-10 02:30:35
u003313,visit,2025-12-23 16:53:26
u003314,visit,2026-03-28 03:35:38
u003315,visit,2025-12-06 08:27:31
u003316,visit,2026-01-01 11:14:13
u003317,visit,2026-04-25 14:56:51
u003318,visit,2025-12-20 15:22:14
u003318,signup,2025-12-21 23:32:46
u003319,visit,2026-03-25 18:53:52
u003320,visit,2026-02-09 12:54:01
u003321,visit,2026-04-14 05:40:52
u003322,visit,2026-03-03 06:06:19
u003322,signup,2026-03-04 23:35:54
u003323,visit,2026-01-05 23:27:26
u003324,visit,2026-02-08 06:53:43
u003325,visit,2026-01-04 16:04:33
u003326,visit,2025-12-10 23:30:26
u003326,signup,2025-12-12 03:46:52
u003327,visit,2025-12-30 11:31:35
u003328,visit,2026-01-25 12:32:18
u003329,visit,2026-05-02 14:44:42
u003329,signup,2026-05-04 04:21:16
u003329,activate,2026-05-04 04:59:19
u003329,purchase,2026-05-08 06:38:55
u003330,visit,2026-02-05 00:21:48
u003331,visit,2026-03-17 06:02:54
u003332,visit,2025-12-18 04:46:29
u003332,signup,2025-12-18 07:08:00
u003332,activate,2025-12-21 23:52:04
u003332,purchase,2026-01-24 03:25:37
u003333,visit,2025-12-22 14:03:23
u003333,signup,2025-12-23 17:12:05
u003334,visit,2026-02-01 10:25:19
u003335,visit,2025-12-29 05:40:16
u003336,visit,2026-01-02 11:13:48
u003337,visit,2026-03-15 18:01:01
u003337,signup,2026-03-17 08:42:01
u003338,visit,2025-12-18 08:01:19
u003338,signup,2025-12-20 04:39:34
u003339,visit,2026-05-15 01:13:17
u003339,signup,2026-05-16 03:44:59
u003339,activate,2026-05-18 13:44:45
u003340,visit,2026-02-03 11:19:05
u003340,signup,2026-02-04 15:41:20
u003341,visit,2026-04-07 19:36:34
u003342,visit,2026-01-14 05:42:17
u003343,visit,2026-01-09 02:54:28
u003344,visit,2026-04-21 02:19:01
u003345,visit,2026-02-16 06:12:21
u003345,signup,2026-02-16 08:07:12
u003345,activate,2026-02-17 15:50:09
u003346,visit,2026-03-08 10:55:48
u003346,signup,2026-03-10 00:46:50
u003347,visit,2026-01-28 11:56:04
u003347,signup,2026-01-29 08:09:06
u003348,visit,2025-12-10 16:52:00
u003348,signup,2025-12-11 02:52:01
u003349,visit,2026-04-01 23:50:37
u003349,signup,2026-04-03 22:36:38
u003350,visit,2026-04-09 23:25:48
u003351,visit,2026-01-09 17:48:32
u003352,visit,2025-12-30 04:17:10
u003353,visit,2026-04-01 00:58:20
u003354,visit,2026-05-05 22:24:13
u003355,visit,2026-04-27 23:21:52
u003355,signup,2026-04-29 00:36:25
u003355,activate,2026-04-29 06:35:22
u003355,purchase,2026-04-30 01:07:40
u003356,visit,2026-05-14 18:34:33
u003356,signup,2026-05-16 05:13:35
u003356,activate,2026-05-16 06:31:41
u003357,visit,2025-12-21 18:49:43
u003358,visit,2026-03-22 03:13:25
u003359,visit,2026-03-08 18:25:24
u003359,signup,2026-03-09 18:57:01
u003360,visit,2026-04-14 17:44:48
u003361,visit,2026-03-18 13:45:13
u003361,signup,2026-03-20 05:37:42
u003361,activate,2026-03-21 18:40:16
u003362,visit,2026-03-30 03:14:50
u003362,signup,2026-03-31 10:26:57
u003363,visit,2026-04-08 22:37:18
u003364,visit,2025-12-09 04:43:31
u003365,visit,2026-01-18 13:48:35
u003366,visit,2026-04-24 15:10:22
u003367,visit,2026-01-29 07:09:31
u003368,visit,2026-03-12 20:25:06
u003368,signup,2026-03-13 06:55:36
u003368,activate,2026-03-19 18:01:32
u003368,purchase,2026-03-21 20:54:01
u003369,visit,2026-01-07 06:13:36
u003369,signup,2026-01-08 19:41:09
u003369,activate,2026-01-13 07:00:07
u003369,purchase,2026-01-14 12:25:49
u003370,visit,2026-02-07 21:01:59
u003370,signup,2026-02-08 01:40:49
u003370,activate,2026-02-08 06:45:23
u003371,visit,2026-03-20 04:34:40
u003371,signup,2026-03-21 12:10:54
u003372,visit,2026-04-09 14:07:59
u003373,visit,2026-02-03 21:32:12
u003374,visit,2026-05-04 09:59:50
u003375,visit,2025-12-08 19:46:03
u003376,visit,2026-02-22 06:04:07
u003377,visit,2026-05-22 13:06:50
u003377,signup,2026-05-23 07:28:22
u003378,visit,2026-04-08 18:24:42
u003379,visit,2026-02-15 13:57:49
u003379,signup,2026-02-17 06:56:56
u003379,activate,2026-02-18 04:46:54
u003379,purchase,2026-03-02 21:24:44
u003380,visit,2026-01-07 11:07:01
u003381,visit,2026-03-01 18:05:16
u003381,signup,2026-03-02 11:11:41
u003382,visit,2026-01-30 18:00:58
u003383,visit,2026-05-07 20:30:10
u003384,visit,2025-12-18 17:24:08
u003385,visit,2026-03-14 23:22:53
u003386,visit,2026-03-30 06:17:17
u003387,visit,2026-05-13 17:23:21
u003387,signup,2026-05-14 00:25:27
u003387,activate,2026-05-18 19:12:03
u003388,visit,2025-12-03 14:38:41
u003388,signup,2025-12-03 22:58:49
u003388,activate,2025-12-05 11:40:31
u003389,visit,2026-04-29 03:15:55
u003389,signup,2026-04-30 02:13:11
u003389,activate,2026-05-01 02:24:01
u003390,visit,2026-04-02 14:23:52
u003390,signup,2026-04-03 19:27:22
u003390,activate,2026-04-04 18:39:54
u003391,visit,2026-01-11 22:18:37
u003391,signup,2026-01-13 21:31:17
u003392,visit,2026-02-13 14:46:55
u003392,signup,2026-02-14 10:30:34
u003393,visit,2026-04-26 06:35:20
u003394,visit,2026-01-07 06:14:54
u003394,signup,2026-01-08 17:44:57
u003395,visit,2025-12-21 14:11:23
u003396,visit,2026-03-16 17:17:12
u003397,visit,2026-02-20 00:05:35
u003397,signup,2026-02-21 13:48:43
u003398,visit,2026-03-14 04:21:19
u003399,visit,2026-01-04 11:24:13
u003399,signup,2026-01-06 10:26:17
u003400,visit,2026-02-06 04:02:28
u003401,visit,2026-03-12 08:48:15
u003402,visit,2026-03-03 10:22:35
u003403,visit,2026-02-07 17:28:09
u003403,signup,2026-02-08 00:36:10
u003404,visit,2026-05-04 21:38:18
u003405,visit,2026-05-13 23:06:58
u003405,signup,2026-05-14 21:55:16
u003406,visit,2026-04-01 15:52:13
u003407,visit,2026-03-09 05:55:43
u003407,signup,2026-03-11 01:38:21
u003408,visit,2025-12-02 08:43:25
u003408,signup,2025-12-03 20:09:49
u003409,visit,2026-01-06 23:30:54
u003410,visit,2026-04-07 23:25:14
u003410,signup,2026-04-09 15:19:17
u003411,visit,2025-12-11 10:23:01
u003412,visit,2025-12-11 23:16:00
u003413,visit,2026-02-20 04:26:39
u003413,signup,2026-02-20 21:45:55
u003413,activate,2026-02-22 01:55:21
u003413,purchase,2026-03-06 07:39:21
u003414,visit,2026-03-10 09:51:33
u003414,signup,2026-03-10 11:12:07
u003414,activate,2026-03-12 20:46:02
u003415,visit,2026-05-22 01:45:24
u003416,visit,2026-01-04 11:28:26
u003417,visit,2026-01-20 02:54:17
u003418,visit,2026-02-03 03:43:27
u003419,visit,2026-04-12 04:24:47
u003419,signup,2026-04-12 11:51:32
u003420,visit,2026-01-19 16:40:22
u003421,visit,2025-12-19 10:37:15
u003422,visit,2025-12-29 17:43:39
u003423,visit,2026-03-01 01:48:55
u003423,signup,2026-03-02 00:47:47
u003424,visit,2025-12-14 04:02:05
u003424,signup,2025-12-14 08:07:20
u003424,activate,2025-12-14 22:44:42
u003424,purchase,2025-12-31 05:12:38
u003425,visit,2026-05-15 09:53:06
u003426,visit,2026-03-22 01:03:04
u003427,visit,2026-02-11 19:11:32
u003428,visit,2026-03-23 08:40:25
u003428,signup,2026-03-24 00:51:41
u003429,visit,2025-12-08 22:05:53
u003429,signup,2025-12-09 04:23:56
u003430,visit,2026-04-27 12:54:52
u003430,signup,2026-04-27 17:16:01
u003430,activate,2026-04-28 17:39:11
u003431,visit,2026-01-05 23:49:18
u003431,signup,2026-01-06 17:53:53
u003431,activate,2026-01-08 22:30:06
u003432,visit,2025-12-16 07:53:28
u003433,visit,2026-03-26 17:45:59
u003434,visit,2025-12-31 14:17:37
u003435,visit,2026-03-05 17:01:49
u003436,visit,2025-12-18 05:02:57
u003437,visit,2026-05-01 22:17:29
u003437,signup,2026-05-02 08:53:49
u003438,visit,2025-12-06 10:04:30
u003439,visit,2026-02-06 02:10:25
u003439,signup,2026-02-06 15:22:21
u003440,visit,2026-05-29 00:02:02
u003440,signup,2026-05-29 05:32:28
u003441,visit,2026-01-16 20:41:22
u003442,visit,2026-02-09 06:29:30
u003442,signup,2026-02-11 00:42:24
u003442,activate,2026-02-12 18:56:57
u003443,visit,2026-03-20 09:45:06
u003444,visit,2026-03-07 13:37:47
u003445,visit,2026-03-03 01:58:36
u003446,visit,2025-12-19 11:07:58
u003446,signup,2025-12-21 01:22:19
u003447,visit,2026-04-02 20:06:54
u003447,signup,2026-04-04 13:15:22
u003447,activate,2026-04-08 15:11:32
u003448,visit,2026-04-09 09:09:42
u003449,visit,2026-03-17 01:02:07
u003449,signup,2026-03-17 23:54:20
u003450,visit,2025-12-16 01:35:43
u003451,visit,2026-01-03 05:07:40
u003452,visit,2026-04-08 05:34:19
u003453,visit,2026-03-01 09:39:44
u003453,signup,2026-03-01 19:55:23
u003454,visit,2026-04-18 01:36:17
u003455,visit,2026-03-10 03:16:59
u003456,visit,2026-03-12 16:58:05
u003457,visit,2026-05-16 14:05:44
u003458,visit,2026-02-16 08:27:35
u003459,visit,2025-12-12 13:27:26
u003460,visit,2026-04-19 10:49:06
u003460,signup,2026-04-19 12:24:32
u003460,activate,2026-04-19 12:37:49
u003460,purchase,2026-04-22 21:58:13
u003461,visit,2026-03-26 08:06:46
u003462,visit,2026-03-30 13:12:17
u003463,visit,2026-01-07 15:04:18
u003464,visit,2026-05-05 09:27:59
u003464,signup,2026-05-07 00:21:49
u003465,visit,2025-12-25 11:54:09
u003465,signup,2025-12-26 13:50:45
u003466,visit,2026-01-09 03:03:43
u003467,visit,2026-02-06 20:33:15
u003468,visit,2026-03-25 00:52:06
u003468,signup,2026-03-25 17:13:08
u003469,visit,2026-03-25 02:01:20
u003469,signup,2026-03-26 02:30:06
u003469,activate,2026-03-27 06:31:35
u003470,visit,2026-02-25 15:56:26
u003470,signup,2026-02-26 09:25:27
u003471,visit,2026-05-11 09:50:06
u003471,signup,2026-05-12 09:30:55
u003472,visit,2026-04-18 22:36:17
u003473,visit,2026-05-17 06:54:49
u003473,signup,2026-05-19 06:06:20
u003473,activate,2026-05-26 07:19:59
u003474,visit,2026-02-02 09:44:11
u003475,visit,2026-01-14 06:43:07
u003475,signup,2026-01-14 20:24:38
u003476,visit,2026-05-09 14:12:58
u003477,visit,2026-01-16 10:25:56
u003477,signup,2026-01-18 09:06:49
u003478,visit,2026-03-18 23:33:47
u003479,visit,2025-12-30 13:34:08
u003479,signup,2025-12-31 04:58:09
u003480,visit,2026-03-08 09:42:14
u003480,signup,2026-03-09 17:26:53
u003481,visit,2026-02-28 17:21:12
u003482,visit,2026-03-29 04:31:57
u003483,visit,2026-01-25 00:04:11
u003484,visit,2026-01-29 02:22:30
u003485,visit,2026-01-19 09:01:22
u003485,signup,2026-01-20 15:40:58
u003486,visit,2026-04-02 14:36:14
u003487,visit,2026-04-30 01:51:22
u003488,visit,2026-05-06 06:06:31
u003489,visit,2025-12-28 10:19:45
u003490,visit,2025-12-10 00:21:49
u003491,visit,2026-01-24 09:38:15
u003492,visit,2026-02-19 03:36:11
u003493,visit,2026-05-26 08:38:56
u003493,signup,2026-05-28 05:40:28
u003494,visit,2026-04-24 03:16:58
u003495,visit,2025-12-28 09:23:53
u003496,visit,2026-04-28 22:42:00
u003497,visit,2025-12-13 06:36:57
u003498,visit,2026-04-01 15:56:09
u003499,visit,2026-02-04 04:57:25
u003499,signup,2026-02-05 19:33:04
u003499,activate,2026-02-12 12:51:21
u003500,visit,2025-12-22 10:41:51
u003500,signup,2025-12-23 19:19:35
u003501,visit,2026-02-28 00:15:39
u003502,visit,2025-12-25 01:39:37
u003502,signup,2025-12-25 15:06:35
u003503,visit,2026-04-23 06:29:27
u003504,visit,2026-05-23 05:13:12
u003504,signup,2026-05-24 20:34:31
u003504,activate,2026-05-24 22:13:13
u003505,visit,2025-12-06 17:10:59
u003505,signup,2025-12-07 09:49:52
u003505,activate,2025-12-13 16:41:39
u003505,purchase,2025-12-16 00:10:33
u003506,visit,2025-12-24 22:16:04
u003506,signup,2025-12-26 20:11:39
u003506,activate,2025-12-27 00:26:09
u003507,visit,2026-01-21 17:40:15
u003508,visit,2025-12-02 15:49:43
u003508,signup,2025-12-03 08:14:39
u003508,activate,2025-12-03 19:27:10
u003508,purchase,2025-12-18 22:37:01
u003509,visit,2026-03-22 22:03:43
u003510,visit,2026-02-26 08:21:50
u003511,visit,2026-05-14 06:48:58
u003511,signup,2026-05-14 23:21:45
u003511,activate,2026-05-16 04:04:33
u003511,purchase,2026-05-29 19:55:26
u003512,visit,2026-03-08 07:29:21
u003513,visit,2026-01-11 07:14:26
u003514,visit,2026-02-07 20:41:20
u003514,signup,2026-02-09 12:27:12
u003515,visit,2026-05-16 10:29:08
u003516,visit,2026-05-26 11:21:06
u003516,signup,2026-05-26 23:00:49
u003516,activate,2026-05-27 11:21:31
u003517,visit,2026-02-17 10:08:50
u003517,signup,2026-02-18 06:13:38
u003518,visit,2026-04-27 21:42:26
u003518,signup,2026-04-29 05:18:05
u003518,activate,2026-05-02 02:58:21
u003518,purchase,2026-05-04 04:29:33
u003519,visit,2025-12-17 08:41:05
u003520,visit,2025-12-12 10:07:17
u003521,visit,2025-12-31 08:47:16
u003521,signup,2026-01-01 06:26:47
u003521,activate,2026-01-01 23:35:56
u003522,visit,2026-02-22 19:31:15
u003523,visit,2026-03-02 12:37:21
u003524,visit,2025-12-13 07:32:42
u003525,visit,2026-01-14 20:50:47
u003525,signup,2026-01-16 16:01:21
u003525,activate,2026-01-18 21:45:54
u003525,purchase,2026-01-22 20:40:17
u003526,visit,2026-01-03 13:56:40
u003526,signup,2026-01-03 18:37:58
u003526,activate,2026-01-06 02:18:11
u003527,visit,2026-01-22 15:45:36
u003528,visit,2026-01-14 01:56:34
u003529,visit,2026-05-28 23:48:29
u003530,visit,2025-12-07 12:31:12
u003531,visit,2026-03-16 23:09:13
u003531,signup,2026-03-18 10:42:23
u003532,visit,2026-05-24 04:10:21
u003532,signup,2026-05-24 07:24:40
u003532,activate,2026-05-25 20:06:10
u003533,visit,2025-12-31 00:16:38
u003534,visit,2025-12-17 18:19:07
u003535,visit,2026-01-26 07:37:45
u003536,visit,2026-02-04 18:20:08
u003536,signup,2026-02-04 20:57:19
u003537,visit,2025-12-03 02:38:58
u003538,visit,2026-04-20 19:28:54
u003539,visit,2026-01-03 09:19:34
u003540,visit,2026-03-26 09:51:28
u003541,visit,2026-04-27 06:31:50
u003541,signup,2026-04-27 17:50:30
u003541,activate,2026-04-29 00:03:21
u003541,purchase,2026-04-30 13:48:32
u003542,visit,2026-04-11 02:12:23
u003543,visit,2026-01-09 10:19:37
u003544,visit,2026-04-04 06:20:03
u003545,visit,2026-02-18 15:03:51
u003545,signup,2026-02-19 15:29:50
u003545,activate,2026-02-19 19:04:25
u003545,purchase,2026-02-23 23:25:51
u003546,visit,2026-05-18 02:03:08
u003546,signup,2026-05-18 19:23:04
u003546,activate,2026-05-26 00:45:33
u003547,visit,2026-05-28 02:24:21
u003548,visit,2026-05-17 14:19:51
u003548,signup,2026-05-19 12:30:30
u003549,visit,2026-01-13 23:42:53
u003550,visit,2026-02-14 23:33:21
u003550,signup,2026-02-15 22:49:14
u003551,visit,2026-02-03 17:43:20
u003551,signup,2026-02-05 10:36:24
u003551,activate,2026-02-11 17:58:20
u003551,purchase,2026-02-14 21:29:44
u003552,visit,2026-02-12 07:58:07
u003553,visit,2026-04-15 16:46:10
u003553,signup,2026-04-16 06:27:13
u003553,activate,2026-04-18 04:06:38
u003554,visit,2026-05-26 17:48:51
u003554,signup,2026-05-27 12:55:44
u003554,activate,2026-05-29 13:34:02
u003555,visit,2026-05-01 15:37:37
u003556,visit,2026-04-19 09:03:17
u003557,visit,2026-04-16 21:23:01
u003557,signup,2026-04-18 16:44:20
u003557,activate,2026-04-20 02:45:31
u003558,visit,2026-03-18 18:18:37
u003559,visit,2026-02-22 10:41:05
u003559,signup,2026-02-22 14:46:15
u003560,visit,2026-02-13 09:08:25
u003561,visit,2026-03-14 18:00:43
u003562,visit,2026-04-24 07:54:59
u003563,visit,2026-03-05 22:55:10
u003564,visit,2025-12-30 01:02:19
u003564,signup,2025-12-31 12:36:14
u003564,activate,2026-01-02 14:26:00
u003564,purchase,2026-02-12 11:38:04
u003565,visit,2026-01-25 02:21:26
u003565,signup,2026-01-27 01:31:29
u003565,activate,2026-01-31 08:18:12
u003565,purchase,2026-02-01 02:19:03
u003566,visit,2026-01-07 19:08:05
u003567,visit,2026-04-19 10:09:57
u003568,visit,2026-05-06 22:58:50
u003568,signup,2026-05-07 17:04:46
u003568,activate,2026-05-09 03:15:34
u003568,purchase,2026-05-09 10:46:23
u003569,visit,2026-03-21 16:59:46
u003569,signup,2026-03-23 10:59:19
u003569,activate,2026-03-24 12:30:46
u003570,visit,2026-04-18 23:07:12
u003571,visit,2026-04-15 10:18:06
u003572,visit,2026-01-12 08:09:08
u003572,signup,2026-01-12 12:38:52
u003572,activate,2026-01-14 16:17:15
u003572,purchase,2026-01-25 12:55:32
u003573,visit,2026-01-25 15:35:53
u003574,visit,2026-03-21 11:55:14
u003575,visit,2026-01-06 05:32:09
u003575,signup,2026-01-06 17:30:21
u003575,activate,2026-01-07 10:14:08
u003575,purchase,2026-01-12 08:44:57
u003576,visit,2026-03-29 10:35:24
u003576,signup,2026-03-31 10:08:54
u003577,visit,2026-04-25 18:36:49
u003578,visit,2026-01-05 14:34:13
u003579,visit,2025-12-13 07:21:06
u003580,visit,2026-05-24 16:51:35
u003581,visit,2026-03-20 23:36:08
u003582,visit,2025-12-02 16:27:48
u003583,visit,2026-03-14 05:14:25
u003584,visit,2026-03-30 07:48:34
u003585,visit,2026-01-19 12:42:49
u003586,visit,2026-05-24 17:37:54
u003587,visit,2026-01-29 01:28:29
u003587,signup,2026-01-29 12:55:56
u003588,visit,2026-02-15 15:14:31
u003589,visit,2026-03-21 02:00:54
u003590,visit,2025-12-23 11:40:21
u003590,signup,2025-12-24 16:43:03
u003590,activate,2025-12-25 10:49:58
u003591,visit,2026-01-11 14:49:28
u003592,visit,2026-01-18 17:42:17
u003592,signup,2026-01-20 07:38:06
u003592,activate,2026-01-27 02:34:22
u003593,visit,2026-03-09 03:41:55
u003594,visit,2026-02-04 00:43:22
u003595,visit,2026-01-09 19:53:54
u003595,signup,2026-01-11 18:02:47
u003596,visit,2025-12-21 17:47:50
u003596,signup,2025-12-22 20:44:22
u003596,activate,2025-12-30 09:18:31
u003596,purchase,2026-01-03 10:00:24
u003597,visit,2025-12-02 07:48:35
u003598,visit,2026-03-26 11:22:52
u003598,signup,2026-03-28 07:46:02
u003599,visit,2026-03-01 01:27:22
u003600,visit,2026-02-21 00:52:03
u003601,visit,2025-12-12 01:32:53
u003601,signup,2025-12-12 13:24:42
u003602,visit,2026-03-05 19:25:49
u003603,visit,2026-02-11 18:43:53
u003603,signup,2026-02-11 19:19:36
u003604,visit,2026-01-07 09:34:08
u003605,visit,2026-02-24 14:43:09
u003606,visit,2025-12-06 09:07:08
u003607,visit,2026-02-05 10:42:29
u003607,signup,2026-02-05 23:42:31
u003608,visit,2026-01-21 18:01:01
u003608,signup,2026-01-22 17:07:28
u003609,visit,2025-12-24 08:51:18
u003609,signup,2025-12-24 22:42:31
u003610,visit,2026-03-23 08:36:30
u003610,signup,2026-03-25 00:50:39
u003611,visit,2026-01-31 13:18:00
u003612,visit,2026-03-16 23:42:35
u003612,signup,2026-03-17 09:08:47
u003613,visit,2026-03-03 03:07:41
u003613,signup,2026-03-03 03:18:52
u003614,visit,2026-03-11 08:55:34
u003615,visit,2026-05-21 22:15:02
u003616,visit,2026-04-08 23:34:25
u003616,signup,2026-04-10 01:45:39
u003616,activate,2026-04-12 17:49:19
u003617,visit,2025-12-09 12:51:51
u003617,signup,2025-12-09 19:20:35
u003618,visit,2026-01-28 02:00:47
u003619,visit,2025-12-26 00:02:38
u003619,signup,2025-12-26 21:23:57
u003619,activate,2025-12-30 12:51:15
u003620,visit,2025-12-28 07:45:04
u003621,visit,2026-05-28 18:15:39
u003621,signup,2026-05-29 03:27:19
u003621,activate,2026-05-29 04:18:47
u003622,visit,2025-12-18 06:21:52
u003623,visit,2025-12-18 14:09:57
u003623,signup,2025-12-19 00:01:40
u003623,activate,2025-12-19 08:17:44
u003624,visit,2026-01-03 20:57:29
u003624,signup,2026-01-04 02:56:47
u003625,visit,2026-04-13 14:48:33
u003625,signup,2026-04-14 01:06:12
u003625,activate,2026-04-15 00:55:23
u003626,visit,2026-05-05 03:23:12
u003627,visit,2026-05-28 12:27:13
u003627,signup,2026-05-30 01:51:30
u003628,visit,2026-01-28 02:04:34
u003628,signup,2026-01-29 05:00:54
u003628,activate,2026-01-29 18:05:39
u003628,purchase,2026-01-30 10:12:39
u003629,visit,2026-04-19 18:42:35
u003630,visit,2026-05-22 14:57:38
u003631,visit,2026-04-13 15:57:49
u003631,signup,2026-04-14 09:32:45
u003632,visit,2026-02-03 20:31:20
u003633,visit,2026-01-01 06:45:00
u003633,signup,2026-01-02 04:14:20
u003634,visit,2026-05-30 19:05:16
u003635,visit,2026-02-27 14:11:24
u003635,signup,2026-03-01 06:36:46
u003635,activate,2026-03-02 22:58:46
u003636,visit,2026-02-10 08:04:00
u003637,visit,2025-12-23 03:42:45
u003638,visit,2026-03-10 05:17:06
u003639,visit,2026-04-27 20:56:47
u003640,visit,2026-04-06 08:40:18
u003641,visit,2025-12-30 10:03:49
u003642,visit,2026-05-28 16:19:19
u003642,signup,2026-05-30 10:13:28
u003642,activate,2026-06-01 07:02:46
u003643,visit,2026-01-23 22:47:41
u003643,signup,2026-01-25 06:27:48
u003644,visit,2026-02-10 15:45:49
u003645,visit,2026-04-07 05:19:07
u003646,visit,2026-01-14 02:11:27
u003646,signup,2026-01-15 00:39:37
u003646,activate,2026-01-15 09:08:16
u003647,visit,2026-01-17 05:20:20
u003647,signup,2026-01-18 17:30:51
u003647,activate,2026-01-22 16:31:49
u003648,visit,2025-12-10 21:33:55
u003648,signup,2025-12-12 07:36:11
u003648,activate,2025-12-20 12:32:25
u003649,visit,2026-04-23 16:49:25
u003649,signup,2026-04-25 02:17:06
u003649,activate,2026-04-25 18:19:05
u003650,visit,2026-05-09 15:51:06
u003651,visit,2026-05-25 15:14:54
u003651,signup,2026-05-26 23:39:50
u003651,activate,2026-05-29 10:01:25
u003652,visit,2026-05-29 11:14:30
u003652,signup,2026-05-30 17:30:55
u003653,visit,2025-12-12 04:58:39
u003654,visit,2025-12-21 00:05:46
u003655,visit,2026-03-18 07:09:46
u003655,signup,2026-03-19 09:14:03
u003656,visit,2026-03-14 13:12:13
u003657,visit,2026-02-11 01:07:21
u003657,signup,2026-02-11 09:29:41
u003657,activate,2026-02-12 13:12:24
u003657,purchase,2026-02-23 03:26:21
u003658,visit,2026-05-23 10:04:30
u003658,signup,2026-05-25 07:28:37
u003659,visit,2025-12-06 08:13:13
u003660,visit,2026-01-07 14:01:34
u003660,signup,2026-01-07 23:13:45
u003660,activate,2026-01-10 21:37:06
u003661,visit,2026-01-28 01:24:15
u003661,signup,2026-01-29 12:20:07
u003662,visit,2026-04-06 03:48:36
u003662,signup,2026-04-06 11:32:01
u003663,visit,2026-04-25 17:34:24
u003664,visit,2026-05-22 08:45:56
u003665,visit,2026-03-01 18:48:56
u003666,visit,2026-04-25 14:44:17
u003667,visit,2025-12-12 08:39:53
u003668,visit,2026-04-15 01:05:20
u003669,visit,2025-12-28 02:16:30
u003670,visit,2026-05-09 21:17:00
u003671,visit,2026-01-26 09:28:05
u003671,signup,2026-01-27 11:47:46
u003672,visit,2026-01-27 13:40:50
u003673,visit,2026-03-15 05:20:44
u003674,visit,2026-05-30 21:14:14
u003674,signup,2026-06-01 20:46:25
u003675,visit,2026-04-15 22:25:50
u003676,visit,2026-02-11 10:50:59
u003676,signup,2026-02-12 17:23:30
u003676,activate,2026-02-13 02:21:11
u003677,visit,2026-04-10 13:56:22
u003678,visit,2026-04-11 05:19:57
u003678,signup,2026-04-12 13:35:54
u003679,visit,2026-03-15 03:32:48
u003680,visit,2025-12-18 18:46:30
u003681,visit,2026-03-31 09:17:03
u003682,visit,2026-04-11 00:05:27
u003682,signup,2026-04-11 14:32:02
u003683,visit,2025-12-13 22:11:50
u003684,visit,2026-03-06 01:12:27
u003684,signup,2026-03-07 03:53:57
u003684,activate,2026-03-07 20:27:18
u003684,purchase,2026-03-13 13:02:41
u003685,visit,2026-04-27 13:59:24
u003686,visit,2026-03-15 16:17:46
u003687,visit,2026-04-14 12:41:11
u003687,signup,2026-04-16 01:00:18
u003688,visit,2026-01-22 04:40:47
u003689,visit,2026-02-23 02:03:24
u003689,signup,2026-02-24 22:53:09
u003689,activate,2026-02-25 12:14:22
u003689,purchase,2026-03-13 04:50:06
u003690,visit,2026-01-09 21:45:02
u003691,visit,2026-05-16 10:01:50
u003692,visit,2026-05-17 00:38:27
u003692,signup,2026-05-17 12:25:59
u003693,visit,2026-05-24 01:45:05
u003693,signup,2026-05-25 06:08:13
u003693,activate,2026-05-25 21:15:06
u003693,purchase,2026-05-26 21:29:10
u003694,visit,2026-05-18 16:45:22
u003695,visit,2026-04-16 03:06:15
u003695,signup,2026-04-17 07:06:15
u003696,visit,2026-05-29 14:09:47
u003697,visit,2026-04-15 10:22:43
u003697,signup,2026-04-16 03:01:28
u003698,visit,2026-04-29 07:00:36
u003698,signup,2026-04-30 03:46:35
u003698,activate,2026-04-30 06:21:18
u003699,visit,2026-01-18 15:59:55
u003700,visit,2026-02-04 22:43:08
u003700,signup,2026-02-05 12:58:48
u003700,activate,2026-02-08 20:24:26
u003700,purchase,2026-02-15 13:31:07
u003701,visit,2026-04-01 16:00:54
u003702,visit,2026-02-24 11:40:21
u003702,signup,2026-02-25 22:50:03
u003703,visit,2026-03-30 04:13:40
u003703,signup,2026-03-30 17:23:59
u003703,activate,2026-03-31 03:46:05
u003703,purchase,2026-04-01 19:55:24
u003704,visit,2026-01-09 12:42:29
u003704,signup,2026-01-10 14:55:05
u003704,activate,2026-01-16 12:39:03
u003704,purchase,2026-01-25 00:39:49
u003705,visit,2026-02-18 23:56:04
u003706,visit,2025-12-29 16:28:46
u003706,signup,2025-12-31 03:33:30
u003706,activate,2026-01-01 06:46:20
u003707,visit,2026-02-12 07:49:03
u003708,visit,2026-05-03 11:29:58
u003709,visit,2026-01-08 08:26:33
u003710,visit,2025-12-15 14:42:54
u003711,visit,2025-12-09 00:58:58
u003712,visit,2025-12-17 12:45:01
u003712,signup,2025-12-19 11:05:55
u003712,activate,2025-12-21 07:26:01
u003713,visit,2026-02-17 01:55:25
u003714,visit,2026-03-22 17:37:11
u003714,signup,2026-03-22 20:20:46
u003715,visit,2026-04-02 08:55:22
u003716,visit,2026-03-20 23:58:13
u003716,signup,2026-03-21 08:05:27
u003717,visit,2026-03-07 19:04:30
u003717,signup,2026-03-07 20:18:23
u003718,visit,2026-02-05 03:49:02
u003718,signup,2026-02-05 07:06:15
u003719,visit,2026-03-26 14:49:30
u003719,signup,2026-03-27 22:06:57
u003720,visit,2026-05-22 21:19:04
u003721,visit,2026-03-12 08:28:30
u003721,signup,2026-03-12 19:32:33
u003721,activate,2026-03-13 06:54:48
u003721,purchase,2026-03-15 03:58:41
u003722,visit,2026-05-20 01:20:13
u003722,signup,2026-05-22 00:53:05
u003723,visit,2026-04-01 22:38:32
u003723,signup,2026-04-03 02:46:19
u003723,activate,2026-04-03 14:32:59
u003723,purchase,2026-04-12 14:34:37
u003724,visit,2026-01-05 22:36:12
u003725,visit,2026-04-18 02:55:05
u003726,visit,2026-05-05 14:20:34
u003726,signup,2026-05-05 18:59:30
u003727,visit,2026-04-25 11:54:15
u003728,visit,2026-05-03 08:06:13
u003728,signup,2026-05-05 04:06:30
u003729,visit,2026-05-10 00:01:16
u003729,signup,2026-05-11 08:44:42
u003730,visit,2026-03-05 10:48:46
u003731,visit,2026-05-29 04:49:23
u003731,signup,2026-05-30 02:04:29
u003731,activate,2026-06-03 05:49:18
u003732,visit,2026-03-27 03:08:37
u003732,signup,2026-03-27 23:05:27
u003732,activate,2026-03-28 03:18:28
u003732,purchase,2026-05-05 09:59:38
u003733,visit,2026-05-21 17:40:54
u003733,signup,2026-05-22 15:28:01
u003733,activate,2026-05-23 17:47:09
u003734,visit,2026-03-22 05:18:32
u003735,visit,2026-02-07 06:02:29
u003735,signup,2026-02-09 01:20:13
u003735,activate,2026-02-10 16:43:53
u003736,visit,2025-12-29 18:29:29
u003736,signup,2025-12-31 11:16:38
u003737,visit,2026-04-05 13:25:05
u003737,signup,2026-04-07 01:49:54
u003737,activate,2026-04-09 03:28:29
u003738,visit,2026-03-18 08:38:41
u003738,signup,2026-03-18 22:19:45
u003738,activate,2026-03-19 04:06:46
u003738,purchase,2026-03-23 05:36:37
u003739,visit,2026-01-13 14:30:47
u003740,visit,2025-12-28 11:02:02
u003741,visit,2025-12-25 15:16:57
u003742,visit,2026-03-11 03:56:40
u003743,visit,2026-03-20 18:12:03
u003743,signup,2026-03-21 08:16:14
u003743,activate,2026-03-25 13:41:44
u003744,visit,2026-02-04 00:27:56
u003745,visit,2026-03-05 23:21:14
u003746,visit,2026-01-02 12:02:58
u003746,signup,2026-01-04 01:15:44
u003747,visit,2026-03-18 20:32:47
u003748,visit,2025-12-12 13:53:59
u003748,signup,2025-12-14 01:16:15
u003748,activate,2025-12-14 16:21:34
u003749,visit,2026-04-26 16:59:35
u003749,signup,2026-04-26 17:16:35
u003749,activate,2026-04-26 23:29:39
u003750,visit,2026-03-27 01:41:05
u003751,visit,2026-01-31 16:37:59
u003752,visit,2025-12-21 07:39:15
u003752,signup,2025-12-21 13:50:56
u003753,visit,2025-12-05 23:58:21
u003754,visit,2026-03-04 15:45:32
u003755,visit,2026-05-05 18:30:24
u003756,visit,2025-12-20 11:29:29
u003757,visit,2026-02-28 07:34:52
u003758,visit,2026-03-22 05:10:51
u003758,signup,2026-03-24 04:26:55
u003758,activate,2026-03-24 20:12:20
u003759,visit,2026-05-10 14:16:24
u003760,visit,2026-01-19 12:12:59
u003761,visit,2025-12-28 08:09:45
u003762,visit,2025-12-04 09:31:25
u003763,visit,2026-03-01 14:25:07
u003763,signup,2026-03-02 09:24:01
u003763,activate,2026-03-02 19:10:40
u003764,visit,2026-05-14 14:53:13
u003765,visit,2026-02-23 01:22:47
u003766,visit,2026-02-08 15:28:28
u003766,signup,2026-02-09 00:39:36
u003766,activate,2026-02-10 08:06:38
u003767,visit,2026-02-25 00:20:07
u003767,signup,2026-02-25 21:11:49
u003768,visit,2026-05-01 08:00:31
u003768,signup,2026-05-02 16:30:34
u003769,visit,2026-05-15 11:20:16
u003769,signup,2026-05-16 00:59:17
u003769,activate,2026-05-19 03:46:05
u003770,visit,2026-01-31 04:36:44
u003770,signup,2026-01-31 23:02:29
u003770,activate,2026-02-03 08:15:37
u003771,visit,2026-01-10 23:37:52
u003772,visit,2026-01-27 15:27:07
u003772,signup,2026-01-27 23:09:39
u003773,visit,2026-03-17 07:04:34
u003774,visit,2026-02-28 15:45:15
u003774,signup,2026-02-28 17:02:21
u003774,activate,2026-03-02 02:48:28
u003775,visit,2026-03-24 13:42:58
u003775,signup,2026-03-25 07:20:44
u003775,activate,2026-03-26 13:22:25
u003776,visit,2026-03-25 11:41:58
u003777,visit,2026-04-19 21:30:52
u003777,signup,2026-04-21 13:24:25
u003777,activate,2026-04-22 18:07:54
u003778,visit,2026-05-19 22:24:40
u003779,visit,2026-01-28 10:37:15
u003780,visit,2025-12-26 14:14:29
u003780,signup,2025-12-27 15:08:39
u003780,activate,2025-12-28 06:18:09
u003781,visit,2026-02-19 14:10:57
u003781,signup,2026-02-20 09:24:38
u003782,visit,2026-03-29 11:45:38
u003782,signup,2026-03-29 12:51:38
u003783,visit,2026-02-09 16:09:21
u003784,visit,2026-04-23 10:16:31
u003785,visit,2026-01-14 18:24:57
u003786,visit,2026-01-18 22:43:34
u003786,signup,2026-01-19 09:04:12
u003786,activate,2026-01-19 21:57:41
u003786,purchase,2026-02-01 17:28:57
u003787,visit,2025-12-12 06:47:40
u003787,signup,2025-12-12 11:47:23
u003787,activate,2025-12-12 23:35:59
u003787,purchase,2025-12-13 11:46:17
u003788,visit,2026-01-24 13:24:11
u003789,visit,2026-01-11 07:15:59
u003789,signup,2026-01-11 07:43:26
u003790,visit,2026-03-02 01:47:00
u003791,visit,2025-12-18 22:01:55
u003791,signup,2025-12-19 18:59:56
u003792,visit,2025-12-16 07:53:25
u003793,visit,2026-05-17 00:26:19
u003793,signup,2026-05-18 21:45:14
u003793,activate,2026-05-20 18:02:53
u003794,visit,2025-12-04 21:35:57
u003795,visit,2026-02-23 05:32:41
u003796,visit,2026-02-08 13:47:19
u003797,visit,2025-12-16 22:56:19
u003798,visit,2026-01-25 06:45:25
u003799,visit,2026-03-01 15:20:57
u003799,signup,2026-03-02 06:25:45
u003800,visit,2025-12-08 19:10:47
u003800,signup,2025-12-10 10:30:58
u003801,visit,2026-02-17 04:36:32
u003801,signup,2026-02-18 14:13:27
u003802,visit,2026-02-03 15:05:49
u003803,visit,2026-05-18 23:51:43
u003804,visit,2025-12-24 14:33:20
u003805,visit,2026-02-11 13:33:37
u003805,signup,2026-02-11 15:10:13
u003806,visit,2026-01-08 12:33:04
u003807,visit,2026-04-03 12:44:34
u003808,visit,2026-05-30 17:09:06
u003808,signup,2026-05-31 08:51:53
u003809,visit,2026-04-30 17:46:32
u003810,visit,2026-01-29 19:55:18
u003810,signup,2026-01-31 13:16:47
u003810,activate,2026-02-03 10:57:28
u003810,purchase,2026-02-08 12:55:39
u003811,visit,2025-12-14 15:45:25
u003811,signup,2025-12-15 09:00:20
u003811,activate,2025-12-20 08:44:51
u003811,purchase,2025-12-23 08:29:33
u003812,visit,2026-05-13 01:50:27
u003813,visit,2026-04-04 20:23:22
u003814,visit,2026-04-28 16:19:46
u003814,signup,2026-04-29 19:13:53
u003815,visit,2026-02-24 13:38:43
u003816,visit,2026-01-03 11:06:12
u003817,visit,2026-05-01 12:03:28
u003817,signup,2026-05-02 00:28:04
u003818,visit,2025-12-23 19:58:06
u003819,visit,2026-01-23 12:57:37
u003819,signup,2026-01-25 05:35:27
u003819,activate,2026-01-26 10:05:56
u003820,visit,2026-03-25 07:18:48
u003821,visit,2026-04-05 20:27:39
u003821,signup,2026-04-07 04:57:48
u003821,activate,2026-04-08 07:01:40
u003822,visit,2026-03-05 13:37:44
u003823,visit,2026-05-22 09:53:19
u003824,visit,2025-12-05 17:43:16
u003825,visit,2025-12-17 19:13:06
u003825,signup,2025-12-19 06:20:33
u003826,visit,2026-04-29 19:44:01
u003826,signup,2026-04-30 10:01:56
u003826,activate,2026-04-30 21:11:25
u003827,visit,2026-03-10 05:46:06
u003827,signup,2026-03-11 03:49:21
u003828,visit,2026-03-22 22:36:11
u003829,visit,2026-03-21 16:53:42
u003830,visit,2026-03-20 00:55:56
u003830,signup,2026-03-20 21:19:34
u003831,visit,2026-05-09 16:03:11
u003832,visit,2026-03-09 08:00:01
u003833,visit,2026-05-02 02:08:50
u003833,signup,2026-05-02 17:26:27
u003833,activate,2026-05-03 20:48:47
u003833,purchase,2026-05-30 03:20:35
u003834,visit,2026-02-06 11:50:04
u003835,visit,2026-05-05 19:46:47
u003835,signup,2026-05-06 11:28:10
u003836,visit,2026-01-22 01:51:35
u003837,visit,2026-05-21 01:49:23
u003838,visit,2026-05-04 00:02:18
u003839,visit,2026-05-07 04:05:51
u003839,signup,2026-05-08 13:11:20
u003840,visit,2026-02-15 01:21:20
u003840,signup,2026-02-15 02:39:28
u003841,visit,2026-01-06 08:02:48
u003842,visit,2025-12-18 00:33:24
u003842,signup,2025-12-19 06:56:04
u003842,activate,2025-12-22 21:50:19
u003842,purchase,2025-12-25 19:44:07
u003843,visit,2026-02-09 03:38:21
u003844,visit,2026-05-21 13:27:25
u003845,visit,2025-12-27 17:38:03
u003845,signup,2025-12-28 00:28:53
u003846,visit,2026-04-28 19:58:44
u003847,visit,2026-05-15 09:50:18
u003848,visit,2026-03-25 00:14:09
u003849,visit,2025-12-26 07:21:21
u003849,signup,2025-12-27 07:11:28
u003850,visit,2026-04-08 23:26:56
u003851,visit,2026-05-11 20:27:26
u003851,signup,2026-05-11 23:33:04
u003852,visit,2026-02-16 00:42:01
u003853,visit,2025-12-12 00:40:23
u003853,signup,2025-12-13 10:32:37
u003853,activate,2025-12-19 10:10:29
u003854,visit,2026-01-25 15:21:35
u003854,signup,2026-01-27 14:44:05
u003855,visit,2026-05-22 05:00:09
u003856,visit,2026-02-26 17:21:16
u003856,signup,2026-02-28 16:19:13
u003857,visit,2025-12-07 02:14:34
u003858,visit,2026-05-20 23:01:11
u003859,visit,2026-03-28 10:29:03
u003859,signup,2026-03-30 02:22:22
u003859,activate,2026-03-30 16:22:54
u003860,visit,2026-03-03 11:04:15
u003860,signup,2026-03-04 21:15:11
u003861,visit,2026-04-19 19:43:12
u003861,signup,2026-04-20 14:04:06
u003861,activate,2026-04-25 05:36:23
u003862,visit,2026-05-03 10:02:41
u003863,visit,2026-05-11 17:07:48
u003863,signup,2026-05-12 10:19:12
u003864,visit,2026-01-27 12:32:00
u003865,visit,2026-03-28 10:05:44
u003866,visit,2026-02-02 08:50:55
u003867,visit,2026-05-06 17:56:57
u003867,signup,2026-05-07 08:49:46
u003868,visit,2026-02-05 04:37:26
u003869,visit,2026-03-30 19:00:14
u003869,signup,2026-04-01 09:32:56
u003870,visit,2026-01-16 16:30:42
u003871,visit,2026-01-12 10:53:20
u003871,signup,2026-01-12 15:27:56
u003872,visit,2026-04-09 15:03:09
u003873,visit,2026-01-11 14:54:53
u003874,visit,2025-12-31 15:58:48
u003875,visit,2026-05-28 06:31:35
u003876,visit,2026-03-18 15:51:46
u003877,visit,2026-01-09 16:43:28
u003878,visit,2026-02-27 22:20:36
u003879,visit,2026-05-22 15:57:26
u003879,signup,2026-05-24 07:59:26
u003880,visit,2026-04-26 08:44:07
u003880,signup,2026-04-27 02:35:39
u003880,activate,2026-04-30 03:41:33
u003881,visit,2025-12-22 02:04:45
u003882,visit,2026-01-26 01:29:00
u003882,signup,2026-01-27 07:52:18
u003883,visit,2026-04-10 16:29:21
u003884,visit,2026-03-06 06:08:51
u003884,signup,2026-03-06 10:33:18
u003884,activate,2026-03-07 03:04:41
u003885,visit,2026-01-01 16:48:47
u003886,visit,2026-02-25 23:07:07
u003887,visit,2025-12-25 21:50:49
u003888,visit,2026-04-17 00:17:08
u003888,signup,2026-04-18 22:33:12
u003889,visit,2026-05-09 17:56:02
u003890,visit,2026-05-24 22:44:29
u003890,signup,2026-05-25 23:43:09
u003891,visit,2026-02-25 00:29:38
u003891,signup,2026-02-25 04:24:22
u003892,visit,2026-02-18 10:24:07
u003893,visit,2026-05-26 09:03:23
u003893,signup,2026-05-26 23:11:04
u003893,activate,2026-05-27 16:37:55
u003894,visit,2026-02-25 01:31:18
u003895,visit,2026-04-03 06:53:47
u003896,visit,2025-12-21 12:32:29
u003897,visit,2026-03-11 22:12:17
u003898,visit,2026-05-03 08:47:39
u003899,visit,2026-01-05 17:05:45
u003900,visit,2026-04-30 00:22:10
u003900,signup,2026-04-30 04:35:04
u003900,activate,2026-04-30 22:43:45
u003901,visit,2026-04-07 14:53:42
u003902,visit,2026-02-10 02:16:11
u003903,visit,2026-05-10 02:18:12
u003903,signup,2026-05-11 02:36:23
u003903,activate,2026-05-11 19:48:08
u003904,visit,2026-02-09 09:36:36
u003905,visit,2026-01-03 07:04:14
u003906,visit,2026-01-10 19:15:37
u003907,visit,2026-05-23 06:23:54
u003908,visit,2026-02-02 02:09:34
u003909,visit,2026-01-14 02:47:49
u003909,signup,2026-01-15 10:39:55
u003910,visit,2026-04-27 16:38:46
u003911,visit,2026-03-26 03:37:27
u003911,signup,2026-03-26 12:24:36
u003911,activate,2026-03-26 19:37:40
u003912,visit,2026-01-22 14:25:04
u003913,visit,2026-03-06 02:12:06
u003913,signup,2026-03-06 03:28:32
u003913,activate,2026-03-06 14:17:39
u003914,visit,2026-01-03 09:24:37
u003915,visit,2026-01-14 20:57:40
u003916,visit,2025-12-20 11:51:06
u003916,signup,2025-12-20 20:47:48
u003916,activate,2025-12-22 10:36:22
u003916,purchase,2026-01-03 22:34:55
u003917,visit,2026-04-08 17:37:17
u003917,signup,2026-04-09 10:49:31
u003918,visit,2026-04-07 08:19:05
u003918,signup,2026-04-08 11:03:54
u003918,activate,2026-04-09 12:06:15
u003919,visit,2026-05-10 21:57:35
u003920,visit,2025-12-14 00:11:04
u003920,signup,2025-12-14 23:13:45
u003920,activate,2025-12-18 17:27:48
u003920,purchase,2025-12-24 19:51:06
u003921,visit,2026-04-02 17:21:24
u003922,visit,2026-05-08 02:00:23
u003922,signup,2026-05-08 16:57:28
u003923,visit,2026-01-13 02:52:00
u003924,visit,2026-01-31 10:20:10
u003925,visit,2026-03-12 16:15:37
u003925,signup,2026-03-13 01:23:42
u003926,visit,2026-04-24 22:02:13
u003927,visit,2025-12-17 22:31:56
u003928,visit,2026-04-15 15:07:18
u003929,visit,2026-01-16 15:04:09
u003930,visit,2026-01-15 03:45:22
u003931,visit,2025-12-07 02:59:20
u003932,visit,2026-01-02 03:31:31
u003932,signup,2026-01-02 10:09:36
u003932,activate,2026-01-03 19:31:13
u003932,purchase,2026-01-13 13:06:05
u003933,visit,2026-02-27 22:06:16
u003933,signup,2026-03-01 13:19:46
u003933,activate,2026-03-02 11:33:34
u003934,visit,2025-12-30 03:57:26
u003935,visit,2025-12-05 18:00:38
u003936,visit,2026-02-01 03:41:03
u003937,visit,2026-03-09 22:20:35
u003937,signup,2026-03-11 08:40:25
u003937,activate,2026-03-13 03:21:35
u003938,visit,2025-12-28 18:39:21
u003939,visit,2026-02-11 05:48:35
u003940,visit,2026-02-02 06:07:47
u003940,signup,2026-02-03 09:32:20
u003941,visit,2026-01-11 12:47:02
u003941,signup,2026-01-12 06:22:20
u003941,activate,2026-01-14 07:48:12
u003941,purchase,2026-02-10 12:04:22
u003942,visit,2025-12-30 00:57:43
u003943,visit,2025-12-14 18:28:36
u003944,visit,2026-01-20 20:49:10
u003944,signup,2026-01-21 01:43:31
u003944,activate,2026-01-22 12:34:26
u003944,purchase,2026-02-03 19:17:01
u003945,visit,2026-03-15 11:51:31
u003945,signup,2026-03-17 07:33:35
u003945,activate,2026-03-17 17:12:41
u003945,purchase,2026-03-19 23:26:47
u003946,visit,2026-04-08 01:07:40
u003947,visit,2026-05-06 01:06:37
u003947,signup,2026-05-06 03:23:07
u003947,activate,2026-05-06 06:18:02
u003947,purchase,2026-05-07 19:11:53
u003948,visit,2026-02-21 03:56:30
u003948,signup,2026-02-23 00:02:30
u003949,visit,2026-01-10 05:56:03
u003950,visit,2025-12-12 03:48:43
u003951,visit,2026-02-09 10:31:06
u003951,signup,2026-02-10 11:53:30
u003952,visit,2026-02-08 21:16:55
u003953,visit,2026-02-13 08:34:44
u003954,visit,2026-04-07 20:36:56
u003955,visit,2026-05-10 23:57:43
u003956,visit,2026-01-07 09:07:12
u003956,signup,2026-01-08 01:51:26
u003956,activate,2026-01-11 18:31:41
u003957,visit,2025-12-21 01:14:22
u003958,visit,2026-01-28 08:51:46
u003959,visit,2026-02-04 06:03:49
u003960,visit,2026-01-07 16:57:05
u003960,signup,2026-01-09 15:27:42
u003960,activate,2026-01-15 06:27:11
u003961,visit,2026-05-17 07:08:31
u003961,signup,2026-05-19 00:43:10
u003961,activate,2026-05-21 08:16:29
u003961,purchase,2026-05-28 23:00:24
u003962,visit,2026-03-29 00:56:51
u003962,signup,2026-03-30 11:26:44
u003963,visit,2025-12-04 17:35:39
u003963,signup,2025-12-06 04:01:15
u003963,activate,2025-12-11 07:49:51
u003964,visit,2026-03-27 23:00:45
u003964,signup,2026-03-28 03:37:19
u003964,activate,2026-03-28 05:43:33
u003965,visit,2025-12-04 05:48:59
u003966,visit,2025-12-07 21:59:30
u003966,signup,2025-12-08 01:04:44
u003967,visit,2025-12-12 09:04:05
u003968,visit,2026-03-27 00:41:29
u003968,signup,2026-03-27 07:16:50
u003968,activate,2026-03-29 04:52:50
u003968,purchase,2026-03-30 19:22:40
u003969,visit,2026-01-20 06:44:06
u003970,visit,2026-05-30 06:04:53
u003971,visit,2026-01-10 21:17:04
u003971,signup,2026-01-11 17:41:10
u003972,visit,2026-04-15 12:44:28
u003972,signup,2026-04-16 22:03:49
u003972,activate,2026-04-18 20:18:11
u003973,visit,2026-02-13 05:10:24
u003974,visit,2026-03-01 07:33:01
u003974,signup,2026-03-03 04:44:59
u003975,visit,2026-04-27 13:50:40
u003976,visit,2026-04-10 22:56:39
u003976,signup,2026-04-12 05:44:33
u003976,activate,2026-04-17 05:51:29
u003977,visit,2025-12-29 11:20:22
u003978,visit,2026-04-02 13:34:51
u003979,visit,2025-12-26 16:28:57
u003980,visit,2026-03-18 17:55:49
u003981,visit,2026-05-02 22:42:34
u003982,visit,2026-01-14 17:36:52
u003983,visit,2026-05-13 02:08:56
u003983,signup,2026-05-13 02:13:43
u003984,visit,2026-03-18 03:45:00
u003985,visit,2026-01-26 22:04:11
u003985,signup,2026-01-28 14:24:18
u003986,visit,2026-05-18 23:02:26
u003987,visit,2026-03-04 21:02:53
u003987,signup,2026-03-05 23:22:05
u003987,activate,2026-03-09 21:49:04
u003988,visit,2026-02-11 02:54:52
u003988,signup,2026-02-12 18:58:53
u003989,visit,2026-01-09 02:46:26
u003990,visit,2026-01-17 09:11:03
u003991,visit,2025-12-22 14:07:28
u003991,signup,2025-12-23 20:37:17
u003991,activate,2025-12-29 05:50:16
u003991,purchase,2025-12-30 07:50:30
u003992,visit,2025-12-04 14:03:01
u003993,visit,2026-02-25 20:49:46
u003993,signup,2026-02-26 08:33:11
u003994,visit,2025-12-24 14:53:28
u003995,visit,2026-05-20 15:53:54
u003995,signup,2026-05-21 15:18:05
u003996,visit,2025-12-04 20:24:33
u003997,visit,2026-05-28 06:56:08
u003998,visit,2026-05-15 04:59:18
u003998,signup,2026-05-16 01:47:32
u003998,activate,2026-05-18 06:33:02
u003998,purchase,2026-05-23 04:22:39
u003999,visit,2026-01-10 22:13:24
u003999,signup,2026-01-10 23:02:45
u004000,visit,2025-12-28 03:27:28
u004001,visit,2026-03-31 19:56:13
u004001,signup,2026-04-01 05:47:20
u004002,visit,2026-03-07 00:03:50
u004002,signup,2026-03-08 17:17:30
u004003,visit,2026-04-01 22:19:23
u004003,signup,2026-04-02 17:07:02
u004003,activate,2026-04-03 13:08:09
u004004,visit,2026-04-23 19:03:26
u004004,signup,2026-04-23 20:10:46
u004004,activate,2026-04-28 10:57:19
u004005,visit,2025-12-17 19:31:35
u004006,visit,2026-03-08 04:15:57
u004007,visit,2026-04-14 13:26:56
u004008,visit,2026-02-17 17:10:36
u004009,visit,2026-01-04 16:56:46
u004010,visit,2026-01-20 05:00:35
u004011,visit,2025-12-28 16:51:06
u004012,visit,2026-04-17 09:13:05
u004012,signup,2026-04-19 00:14:36
u004012,activate,2026-04-20 06:08:58
u004012,purchase,2026-04-28 18:40:38
u004013,visit,2026-05-04 14:01:30
u004013,signup,2026-05-05 02:14:48
u004013,activate,2026-05-05 20:56:01
u004014,visit,2026-03-24 17:20:46
u004014,signup,2026-03-25 06:44:52
u004014,activate,2026-03-25 23:31:43
u004014,purchase,2026-03-26 13:41:33
u004015,visit,2025-12-05 01:08:54
u004016,visit,2026-03-27 10:09:28
u004017,visit,2026-05-01 01:54:02
u004018,visit,2026-05-20 02:05:56
u004019,visit,2025-12-03 18:23:33
u004020,visit,2026-03-03 12:51:02
u004021,visit,2026-05-19 20:58:08
u004022,visit,2025-12-28 13:49:06
u004023,visit,2026-04-27 14:46:20
u004024,visit,2026-02-08 20:00:46
u004024,signup,2026-02-09 04:52:50
u004024,activate,2026-02-10 04:46:57
u004025,visit,2026-04-27 04:14:25
u004025,signup,2026-04-29 01:19:44
u004026,visit,2025-12-30 15:25:13
u004026,signup,2025-12-30 17:17:53
u004026,activate,2026-01-05 13:13:24
u004027,visit,2026-01-18 08:06:36
u004027,signup,2026-01-19 15:21:37
u004027,activate,2026-01-20 10:59:39
u004027,purchase,2026-01-24 15:34:16
u004028,visit,2026-04-20 13:24:58
u004029,visit,2026-04-23 07:31:29
u004030,visit,2026-05-27 18:35:46
u004031,visit,2026-01-21 13:55:12
u004032,visit,2026-03-03 21:58:51
u004033,visit,2026-02-03 06:14:17
u004033,signup,2026-02-03 07:11:01
u004033,activate,2026-02-04 02:13:40
u004034,visit,2026-04-27 18:27:21
u004034,signup,2026-04-29 03:59:06
u004035,visit,2026-05-12 05:24:30
u004036,visit,2025-12-31 19:11:14
u004037,visit,2026-01-27 16:29:00
u004037,signup,2026-01-29 08:29:10
u004038,visit,2026-03-11 02:19:39
u004039,visit,2026-04-16 12:37:42
u004039,signup,2026-04-17 18:30:37
u004039,activate,2026-04-18 06:26:41
u004040,visit,2026-02-01 05:23:57
u004040,signup,2026-02-01 20:21:18
u004040,activate,2026-02-02 16:21:44
u004041,visit,2026-01-15 09:19:23
u004042,visit,2025-12-06 22:59:26
u004042,signup,2025-12-08 05:36:54
u004043,visit,2026-05-27 08:20:18
u004044,visit,2026-01-22 10:47:29
u004045,visit,2026-04-09 10:16:40
u004046,visit,2026-03-14 23:05:26
u004047,visit,2026-04-12 12:13:41
u004047,signup,2026-04-14 08:59:40
u004047,activate,2026-04-15 04:22:11
u004048,visit,2025-12-28 15:49:41
u004048,signup,2025-12-28 17:15:37
u004049,visit,2026-04-04 07:03:09
u004050,visit,2026-03-22 04:40:56
u004051,visit,2026-03-09 18:04:47
u004051,signup,2026-03-10 22:43:04
u004051,activate,2026-03-15 18:24:50
u004052,visit,2026-02-24 15:12:31
u004052,signup,2026-02-26 12:44:34
u004052,activate,2026-02-28 19:59:44
u004053,visit,2026-01-17 00:40:52
u004054,visit,2026-03-14 10:54:38
u004054,signup,2026-03-14 13:05:28
u004054,activate,2026-03-18 22:02:43
u004055,visit,2026-02-12 16:57:55
u004056,visit,2025-12-31 21:06:38
u004057,visit,2026-04-25 19:11:54
u004057,signup,2026-04-26 09:04:57
u004057,activate,2026-04-27 00:54:47
u004058,visit,2026-01-23 05:49:38
u004058,signup,2026-01-24 23:11:36
u004058,activate,2026-01-31 10:04:45
u004059,visit,2026-03-07 18:25:41
u004060,visit,2026-03-19 05:36:10
u004061,visit,2026-01-29 00:56:45
u004061,signup,2026-01-29 17:33:15
u004061,activate,2026-01-30 05:43:18
u004062,visit,2025-12-17 12:37:43
u004063,visit,2026-05-07 20:05:29
u004064,visit,2026-02-06 13:44:46
u004065,visit,2026-03-15 21:14:26
u004066,visit,2026-03-28 22:43:24
u004067,visit,2026-01-07 15:12:10
u004068,visit,2026-05-30 20:01:50
u004069,visit,2026-02-11 09:40:53
u004070,visit,2026-05-20 08:18:57
u004071,visit,2025-12-17 09:53:51
u004072,visit,2026-05-22 19:57:17
u004073,visit,2025-12-23 00:15:14
u004073,signup,2025-12-23 13:06:04
u004073,activate,2025-12-25 06:04:37
u004074,visit,2026-05-24 08:35:34
u004074,signup,2026-05-25 12:04:38
u004074,activate,2026-05-26 21:14:36
u004075,visit,2026-03-18 06:06:59
u004075,signup,2026-03-19 01:45:20
u004075,activate,2026-03-20 01:57:23
u004075,purchase,2026-03-20 05:06:33
u004076,visit,2025-12-22 17:52:17
u004076,signup,2025-12-24 08:57:58
u004077,visit,2026-04-26 17:28:49
u004077,signup,2026-04-28 15:12:40
u004078,visit,2026-05-12 00:29:34
u004079,visit,2025-12-16 07:45:43
u004079,signup,2025-12-16 23:13:24
u004080,visit,2026-03-11 15:28:57
u004080,signup,2026-03-12 13:07:38
u004080,activate,2026-03-12 13:32:19
u004081,visit,2026-01-05 10:34:14
u004081,signup,2026-01-05 17:07:07
u004082,visit,2026-04-13 20:14:28
u004083,visit,2026-04-09 08:31:15
u004084,visit,2026-04-26 04:57:12
u004085,visit,2025-12-24 23:17:40
u004086,visit,2026-03-22 12:13:29
u004086,signup,2026-03-24 04:45:27
u004087,visit,2026-02-05 03:32:44
u004088,visit,2026-03-12 03:54:35
u004088,signup,2026-03-13 05:45:41
u004089,visit,2026-05-01 11:55:51
u004089,signup,2026-05-02 02:21:06
u004090,visit,2026-02-17 01:00:02
u004091,visit,2026-04-25 16:33:28
u004092,visit,2025-12-19 07:35:01
u004092,signup,2025-12-20 18:40:57
u004092,activate,2025-12-21 02:31:02
u004093,visit,2026-03-28 01:22:59
u004093,signup,2026-03-28 17:42:47
u004093,activate,2026-04-02 04:03:45
u004094,visit,2026-04-01 17:58:08
u004095,visit,2026-03-24 03:09:48
u004095,signup,2026-03-25 09:55:06
u004095,activate,2026-03-29 04:40:40
u004096,visit,2026-02-09 05:49:34
u004097,visit,2026-03-31 12:51:52
u004098,visit,2026-01-20 15:22:19
u004099,visit,2026-05-24 16:33:07
u004100,visit,2026-05-29 13:58:14
u004101,visit,2026-05-06 02:34:47
u004102,visit,2026-04-07 05:13:39
u004103,visit,2026-02-28 07:25:33
u004103,signup,2026-03-01 14:09:05
u004103,activate,2026-03-06 05:55:31
u004104,visit,2026-02-10 18:09:33
u004105,visit,2026-05-24 03:46:18
u004105,signup,2026-05-24 08:20:43
u004105,activate,2026-05-26 00:06:56
u004106,visit,2026-01-24 23:29:55
u004107,visit,2026-04-16 03:02:16
u004108,visit,2026-03-10 09:34:53
u004109,visit,2026-02-22 00:10:41
u004110,visit,2026-03-18 16:30:53
u004111,visit,2026-03-17 10:55:19
u004111,signup,2026-03-18 14:47:21
u004112,visit,2026-01-30 13:01:39
u004113,visit,2026-04-24 04:43:01
u004114,visit,2026-02-26 10:10:42
u004114,signup,2026-02-28 04:53:47
u004115,visit,2026-04-08 14:03:08
u004115,signup,2026-04-10 05:21:01
u004116,visit,2026-05-14 02:57:20
u004117,visit,2026-05-30 10:06:07
u004117,signup,2026-05-31 12:20:55
u004117,activate,2026-06-01 16:02:39
u004118,visit,2026-03-02 14:35:59
u004118,signup,2026-03-03 04:29:06
u004119,visit,2026-02-20 03:15:37
u004120,visit,2025-12-30 11:22:53
u004121,visit,2026-04-22 08:38:49
u004122,visit,2026-01-20 22:17:10
u004123,visit,2026-01-08 03:08:56
u004123,signup,2026-01-09 00:34:26
u004123,activate,2026-01-09 01:27:02
u004124,visit,2026-03-22 04:49:33
u004125,visit,2026-03-18 10:18:56
u004125,signup,2026-03-19 03:09:32
u004126,visit,2026-01-10 12:28:38
u004127,visit,2026-01-18 17:14:02
u004127,signup,2026-01-20 05:42:05
u004127,activate,2026-01-25 08:56:59
u004127,purchase,2026-02-07 22:04:19
u004128,visit,2026-05-24 16:31:38
u004129,visit,2026-04-21 21:11:12
u004130,visit,2026-04-19 16:43:02
u004131,visit,2026-04-06 09:57:54
u004131,signup,2026-04-07 06:14:39
u004131,activate,2026-04-13 06:37:50
u004132,visit,2026-05-07 10:35:23
u004133,visit,2026-02-08 14:56:19
u004133,signup,2026-02-08 23:16:54
u004133,activate,2026-02-11 09:09:59
u004134,visit,2026-04-28 15:06:41
u004134,signup,2026-04-29 23:16:59
u004135,visit,2026-03-03 18:04:31
u004136,visit,2026-04-01 13:40:03
u004137,visit,2026-04-16 10:14:12
u004138,visit,2026-02-06 13:16:46
u004138,signup,2026-02-07 00:47:40
u004138,activate,2026-02-08 06:25:37
u004139,visit,2026-02-28 18:45:21
u004139,signup,2026-03-01 14:44:19
u004139,activate,2026-03-05 20:20:13
u004139,purchase,2026-04-04 08:46:01
u004140,visit,2025-12-23 12:48:16
u004141,visit,2025-12-23 04:32:24
u004141,signup,2025-12-23 13:18:52
u004142,visit,2026-03-31 06:45:48
u004143,visit,2026-04-27 02:02:40
u004144,visit,2026-02-21 11:17:49
u004145,visit,2026-05-16 05:31:26
u004145,signup,2026-05-17 14:06:58
u004146,visit,2026-01-19 01:26:39
u004146,signup,2026-01-19 07:54:10
u004146,activate,2026-01-20 03:58:00
u004146,purchase,2026-01-23 22:02:28
u004147,visit,2026-04-19 07:57:40
u004148,visit,2026-03-26 07:21:35
u004148,signup,2026-03-27 11:27:13
u004149,visit,2025-12-16 22:00:51
u004150,visit,2026-03-29 23:30:20
u004151,visit,2025-12-16 22:46:56
u004152,visit,2026-01-17 15:55:53
u004153,visit,2026-01-21 09:27:01
u004154,visit,2026-03-24 22:05:51
u004154,signup,2026-03-25 15:16:38
u004155,visit,2026-05-10 18:18:36
u004156,visit,2026-02-03 20:34:00
u004157,visit,2026-02-26 07:46:30
u004158,visit,2025-12-08 11:52:04
u004159,visit,2026-03-23 18:37:35
u004160,visit,2026-02-27 16:57:43
u004160,signup,2026-02-27 21:47:05
u004161,visit,2026-02-01 10:47:16
u004162,visit,2025-12-11 08:38:01
u004163,visit,2025-12-11 03:06:54
u004164,visit,2026-01-23 02:51:44
u004165,visit,2026-01-21 01:11:04
u004166,visit,2026-04-13 22:53:11
u004166,signup,2026-04-15 07:53:20
u004166,activate,2026-04-16 15:34:00
u004167,visit,2026-01-29 00:40:59
u004167,signup,2026-01-29 02:05:14
u004167,activate,2026-01-29 04:14:14
u004167,purchase,2026-01-30 17:27:50
u004168,visit,2026-03-29 22:30:09
u004168,signup,2026-03-30 12:51:00
u004168,activate,2026-03-31 19:09:34
u004169,visit,2026-05-16 14:27:08
u004170,visit,2026-05-22 05:35:09
u004171,visit,2026-01-12 06:01:24
u004171,signup,2026-01-14 00:50:00
u004171,activate,2026-01-14 05:05:37
u004171,purchase,2026-01-17 01:32:10
u004172,visit,2026-04-05 18:51:31
u004173,visit,2026-03-21 09:43:34
u004173,signup,2026-03-23 05:15:27
u004174,visit,2026-01-28 13:31:12
u004174,signup,2026-01-29 06:19:52
u004174,activate,2026-01-29 09:48:21
u004174,purchase,2026-01-30 16:08:33
u004175,visit,2026-02-18 02:34:05
u004175,signup,2026-02-18 10:39:22
u004175,activate,2026-02-21 07:05:10
u004176,visit,2026-03-28 04:07:14
u004177,visit,2026-03-29 00:53:43
u004177,signup,2026-03-29 03:35:51
u004178,visit,2025-12-05 09:23:11
u004179,visit,2026-02-05 20:32:35
u004179,signup,2026-02-06 22:44:52
u004179,activate,2026-02-07 20:06:58
u004179,purchase,2026-02-09 08:36:42
u004180,visit,2026-05-22 13:34:05
u004180,signup,2026-05-24 06:05:36
u004180,activate,2026-05-29 21:22:16
u004181,visit,2026-05-15 09:18:28
u004182,visit,2026-04-25 20:35:29
u004182,signup,2026-04-26 16:01:55
u004182,activate,2026-04-27 10:37:16
u004183,visit,2026-05-27 22:06:11
u004184,visit,2026-01-29 12:39:09
u004185,visit,2026-04-16 13:58:05
u004185,signup,2026-04-17 10:08:16
u004185,activate,2026-04-18 08:47:48
u004185,purchase,2026-04-28 22:29:47
u004186,visit,2025-12-17 13:39:07
u004186,signup,2025-12-19 01:26:45
u004187,visit,2026-01-15 11:25:17
u004187,signup,2026-01-15 14:11:05
u004188,visit,2025-12-07 02:37:00
u004189,visit,2026-05-04 03:42:10
u004189,signup,2026-05-05 23:22:36
u004189,activate,2026-05-06 04:51:13
u004190,visit,2026-02-11 06:24:40
u004191,visit,2026-02-17 09:44:27
u004192,visit,2026-01-03 19:18:10
u004193,visit,2026-02-17 10:10:06
u004193,signup,2026-02-19 00:59:02
u004193,activate,2026-02-19 03:12:32
u004193,purchase,2026-02-19 11:20:46
u004194,visit,2026-01-27 11:35:04
u004195,visit,2026-04-10 14:05:42
u004196,visit,2026-01-04 05:32:35
u004197,visit,2026-02-22 22:31:50
u004198,visit,2026-01-19 11:01:52
u004199,visit,2026-03-28 17:57:13
u004199,signup,2026-03-29 14:36:00
u004199,activate,2026-03-30 11:33:30
u004199,purchase,2026-04-03 22:26:56
u004200,visit,2026-01-24 02:39:46
u004201,visit,2026-03-14 17:05:31
u004202,visit,2026-03-26 05:46:36
u004202,signup,2026-03-27 18:15:44
u004203,visit,2026-03-05 17:41:00
u004204,visit,2026-02-02 17:22:04
u004205,visit,2025-12-14 11:08:17
u004206,visit,2026-03-08 17:18:35
u004207,visit,2026-03-06 02:29:32
u004208,visit,2025-12-30 18:25:37
u004209,visit,2025-12-25 21:46:24
u004210,visit,2026-01-05 08:08:42
u004210,signup,2026-01-07 06:49:41
u004210,activate,2026-01-08 19:40:10
u004211,visit,2026-05-22 13:37:13
u004211,signup,2026-05-23 17:10:58
u004211,activate,2026-05-24 19:22:05
u004212,visit,2025-12-24 18:16:01
u004212,signup,2025-12-25 15:58:55
u004212,activate,2025-12-29 00:24:37
u004212,purchase,2026-01-02 16:45:06
u004213,visit,2026-02-14 03:57:27
u004213,signup,2026-02-14 22:13:23
u004214,visit,2026-04-19 18:51:29
u004215,visit,2026-01-12 08:21:39
u004216,visit,2026-05-05 02:50:58
u004217,visit,2025-12-12 07:44:53
u004217,signup,2025-12-13 17:29:03
u004218,visit,2026-01-09 06:01:57
u004218,signup,2026-01-10 18:20:23
u004218,activate,2026-01-11 18:44:58
u004218,purchase,2026-01-19 06:14:08
u004219,visit,2026-05-14 16:25:30
u004220,visit,2026-04-14 03:03:25
u004221,visit,2026-05-28 15:31:27
u004222,visit,2026-03-02 06:08:23
u004222,signup,2026-03-03 07:43:38
u004223,visit,2026-03-24 03:01:05
u004223,signup,2026-03-24 07:56:45
u004224,visit,2025-12-14 05:57:12
u004225,visit,2026-01-23 08:43:23
u004225,signup,2026-01-23 12:27:52
u004226,visit,2026-05-29 10:36:38
u004226,signup,2026-05-30 15:19:48
u004226,activate,2026-06-01 17:17:11
u004227,visit,2025-12-31 11:37:06
u004228,visit,2026-03-02 07:58:29
u004229,visit,2025-12-06 20:36:10
u004230,visit,2026-02-10 15:16:05
u004231,visit,2026-01-06 09:14:48
u004231,signup,2026-01-08 04:38:15
u004231,activate,2026-01-09 23:12:59
u004232,visit,2025-12-25 14:01:20
u004232,signup,2025-12-26 17:23:38
u004232,activate,2025-12-29 14:08:49
u004233,visit,2026-03-02 17:26:59
u004233,signup,2026-03-03 12:34:02
u004234,visit,2026-05-01 01:05:23
u004235,visit,2026-03-24 11:36:12
u004236,visit,2026-03-10 15:15:34
u004237,visit,2025-12-16 03:53:34
u004238,visit,2026-04-22 01:04:35
u004239,visit,2026-03-09 16:27:49
u004239,signup,2026-03-10 06:31:38
u004239,activate,2026-03-14 12:13:38
u004240,visit,2026-05-30 10:54:15
u004240,signup,2026-06-01 09:54:06
u004240,activate,2026-06-01 19:54:19
u004241,visit,2026-02-06 21:19:48
u004242,visit,2025-12-16 03:10:38
u004243,visit,2026-03-22 18:48:33
u004244,visit,2026-01-18 20:18:52
u004245,visit,2026-01-15 05:12:03
u004246,visit,2026-04-19 04:16:54
u004247,visit,2026-02-16 05:43:21
u004248,visit,2026-05-03 19:32:08
u004248,signup,2026-05-03 22:27:58
u004248,activate,2026-05-06 05:53:49
u004249,visit,2026-05-11 21:14:13
u004249,signup,2026-05-12 23:12:16
u004250,visit,2026-04-28 06:27:51
u004251,visit,2026-04-28 16:39:59
u004251,signup,2026-04-29 06:25:42
u004251,activate,2026-05-02 18:17:48
u004252,visit,2026-04-03 07:00:14
u004253,visit,2026-01-03 09:00:31
u004254,visit,2026-02-07 22:55:26
u004255,visit,2026-01-07 06:52:37
u004255,signup,2026-01-07 23:29:43
u004256,visit,2025-12-14 22:45:21
u004256,signup,2025-12-16 03:27:22
u004257,visit,2026-01-14 10:57:22
u004257,signup,2026-01-16 07:56:33
u004258,visit,2026-01-21 07:24:37
u004259,visit,2026-01-22 09:01:08
u004259,signup,2026-01-23 11:11:43
u004260,visit,2026-03-16 21:28:27
u004261,visit,2025-12-19 20:27:11
u004262,visit,2025-12-10 00:53:36
u004262,signup,2025-12-10 10:24:54
u004262,activate,2025-12-12 23:47:47
u004262,purchase,2025-12-13 23:50:21
u004263,visit,2026-05-11 17:22:20
u004264,visit,2026-02-24 23:07:22
u004264,signup,2026-02-25 05:41:26
u004264,activate,2026-02-27 09:40:22
u004265,visit,2026-04-16 23:15:20
u004266,visit,2026-03-08 22:26:43
u004266,signup,2026-03-09 02:19:54
u004267,visit,2026-05-09 22:01:53
u004267,signup,2026-05-10 22:35:01
u004267,activate,2026-05-14 12:08:30
u004268,visit,2026-02-26 05:55:29
u004268,signup,2026-02-27 00:19:41
u004268,activate,2026-02-27 14:38:17
u004268,purchase,2026-02-28 16:36:42
u004269,visit,2026-05-10 22:51:06
u004270,visit,2026-02-23 22:08:38
u004270,signup,2026-02-24 17:13:19
u004270,activate,2026-03-02 11:47:37
u004270,purchase,2026-03-18 16:23:39
u004271,visit,2026-02-13 01:00:55
u004272,visit,2026-01-08 03:18:48
u004272,signup,2026-01-08 04:05:16
u004272,activate,2026-01-11 10:09:08
u004273,visit,2025-12-04 02:03:47
u004273,signup,2025-12-05 02:10:58
u004273,activate,2025-12-06 11:02:34
u004274,visit,2026-03-28 00:22:00
u004275,visit,2026-02-08 13:34:30
u004275,signup,2026-02-09 07:32:12
u004275,activate,2026-02-09 14:38:02
u004276,visit,2026-03-16 03:10:49
u004276,signup,2026-03-17 14:20:26
u004276,activate,2026-03-18 04:21:32
u004277,visit,2026-05-16 13:06:51
u004277,signup,2026-05-18 09:50:51
u004277,activate,2026-05-19 09:13:41
u004278,visit,2025-12-22 14:26:18
u004279,visit,2026-02-26 16:14:34
u004280,visit,2026-02-02 05:58:04
u004281,visit,2025-12-12 16:33:47
u004281,signup,2025-12-13 03:15:59
u004281,activate,2025-12-13 05:57:16
u004282,visit,2026-04-07 09:04:01
u004283,visit,2026-02-20 01:18:55
u004284,visit,2026-01-12 12:09:09
u004284,signup,2026-01-13 17:28:29
u004284,activate,2026-01-18 16:11:59
u004285,visit,2026-01-16 03:05:49
u004286,visit,2026-04-28 23:19:35
u004286,signup,2026-04-30 02:47:33
u004286,activate,2026-04-30 05:37:43
u004286,purchase,2026-05-11 16:36:55
u004287,visit,2026-03-07 20:13:19
u004288,visit,2026-02-13 05:27:14
u004288,signup,2026-02-13 19:31:11
u004289,visit,2026-04-01 15:13:33
u004290,visit,2026-04-29 11:57:38
u004291,visit,2026-02-10 22:37:10
u004291,signup,2026-02-12 14:55:57
u004291,activate,2026-02-13 18:39:13
u004292,visit,2026-03-11 04:24:16
u004292,signup,2026-03-12 11:49:26
u004292,activate,2026-03-15 01:36:47
u004293,visit,2026-03-03 01:57:30
u004293,signup,2026-03-04 23:26:22
u004293,activate,2026-03-05 23:52:56
u004294,visit,2026-04-28 16:02:47
u004295,visit,2026-03-10 11:10:37
u004296,visit,2026-02-22 07:38:59
u004297,visit,2026-02-13 03:20:01
u004297,signup,2026-02-13 09:07:46
u004298,visit,2026-04-23 19:16:54
u004299,visit,2026-03-07 06:57:37
u004300,visit,2026-01-20 17:46:33
u004301,visit,2026-04-21 15:34:10
u004302,visit,2026-01-14 00:41:53
u004303,visit,2025-12-13 20:42:06
u004304,visit,2026-05-10 03:48:17
u004304,signup,2026-05-11 22:06:12
u004305,visit,2026-04-12 22:41:41
u004305,signup,2026-04-13 00:53:08
u004305,activate,2026-04-13 23:23:50
u004306,visit,2025-12-13 00:40:58
u004307,visit,2025-12-25 21:00:06
u004308,visit,2026-04-20 01:27:29
u004309,visit,2026-04-01 00:21:24
u004310,visit,2026-02-10 03:28:26
u004311,visit,2026-04-14 19:37:15
u004312,visit,2025-12-13 15:38:09
u004312,signup,2025-12-14 05:51:21
u004312,activate,2025-12-16 02:17:06
u004313,visit,2026-01-30 19:21:51
u004313,signup,2026-02-01 09:50:47
u004314,visit,2025-12-28 02:43:05
u004315,visit,2026-01-23 22:06:31
u004316,visit,2026-01-25 05:09:05
u004317,visit,2026-01-23 15:33:33
u004317,signup,2026-01-23 18:48:41
u004318,visit,2026-03-17 01:04:19
u004319,visit,2026-02-18 23:48:39
u004320,visit,2026-01-08 13:25:21
u004320,signup,2026-01-09 21:11:30
u004320,activate,2026-01-11 05:49:18
u004320,purchase,2026-01-11 07:18:34
u004321,visit,2026-02-18 04:20:03
u004321,signup,2026-02-19 23:26:11
u004321,activate,2026-02-20 07:57:29
u004322,visit,2026-02-13 17:19:49
u004323,visit,2026-05-20 18:34:30
u004323,signup,2026-05-22 00:58:26
u004323,activate,2026-05-23 11:02:28
u004323,purchase,2026-05-30 23:38:22
u004324,visit,2026-02-11 11:02:05
u004325,visit,2026-01-28 04:22:00
u004325,signup,2026-01-29 15:34:18
u004325,activate,2026-01-29 22:56:48
u004326,visit,2026-03-05 04:45:27
u004327,visit,2026-03-10 15:52:30
u004327,signup,2026-03-11 07:15:16
u004328,visit,2026-02-12 16:42:48
u004329,visit,2026-05-10 03:15:45
u004330,visit,2026-04-08 10:31:31
u004330,signup,2026-04-09 06:11:59
u004330,activate,2026-04-11 07:16:08
u004330,purchase,2026-04-24 05:35:14
u004331,visit,2026-04-11 13:25:36
u004332,visit,2026-05-22 21:16:50
u004332,signup,2026-05-23 20:20:35
u004332,activate,2026-05-25 12:02:42
u004332,purchase,2026-05-27 03:04:46
u004333,visit,2026-01-04 19:03:35
u004333,signup,2026-01-06 11:29:14
u004333,activate,2026-01-08 00:12:23
u004333,purchase,2026-01-16 22:51:16
u004334,visit,2026-03-30 16:06:33
u004334,signup,2026-03-30 19:24:26
u004334,activate,2026-03-30 22:26:45
u004334,purchase,2026-04-04 05:43:27
u004335,visit,2025-12-17 11:23:26
u004335,signup,2025-12-18 08:42:11
u004335,activate,2025-12-19 15:09:52
u004336,visit,2026-05-08 16:23:18
u004337,visit,2026-03-18 14:19:29
u004337,signup,2026-03-20 03:30:11
u004337,activate,2026-03-24 04:35:28
u004338,visit,2026-03-03 10:02:31
u004338,signup,2026-03-05 01:31:05
u004339,visit,2026-03-22 10:04:42
u004339,signup,2026-03-22 21:47:02
u004340,visit,2026-01-05 19:23:31
u004340,signup,2026-01-06 11:10:01
u004341,visit,2025-12-29 23:36:43
u004342,visit,2026-04-03 15:38:00
u004343,visit,2025-12-24 07:31:51
u004343,signup,2025-12-25 06:52:44
u004344,visit,2026-04-15 03:01:04
u004344,signup,2026-04-15 23:11:55
u004345,visit,2026-04-02 11:08:32
u004346,visit,2026-04-08 20:16:37
u004347,visit,2026-01-12 19:13:20
u004347,signup,2026-01-14 12:08:14
u004347,activate,2026-01-16 19:25:57
u004347,purchase,2026-01-18 07:21:11
u004348,visit,2026-03-23 00:08:45
u004348,signup,2026-03-23 15:10:53
u004349,visit,2026-02-13 22:42:09
u004349,signup,2026-02-14 06:35:40
u004349,activate,2026-02-18 21:08:38
u004350,visit,2026-03-17 23:00:06
u004351,visit,2026-01-26 11:17:07
u004351,signup,2026-01-27 00:39:06
u004351,activate,2026-01-27 10:02:54
u004351,purchase,2026-02-09 12:34:33
u004352,visit,2026-01-16 11:17:04
u004352,signup,2026-01-17 05:33:21
u004352,activate,2026-01-20 20:35:46
u004353,visit,2026-02-09 23:01:39
u004353,signup,2026-02-10 01:49:17
u004353,activate,2026-02-10 02:09:17
u004354,visit,2025-12-08 13:34:21
u004354,signup,2025-12-10 02:38:15
u004354,activate,2025-12-11 13:09:40
u004354,purchase,2025-12-17 04:44:09
u004355,visit,2026-01-09 01:18:24
u004355,signup,2026-01-09 03:14:36
u004355,activate,2026-01-12 23:54:30
u004356,visit,2026-04-11 22:18:04
u004357,visit,2026-02-17 19:09:33
u004357,signup,2026-02-18 18:16:06
u004357,activate,2026-02-19 00:59:51
u004358,visit,2026-05-05 06:18:22
u004359,visit,2026-05-05 02:19:49
u004360,visit,2026-03-23 20:54:31
u004360,signup,2026-03-24 22:05:39
u004360,activate,2026-03-25 02:08:32
u004361,visit,2026-02-15 10:15:35
u004361,signup,2026-02-17 07:51:20
u004361,activate,2026-02-18 17:46:18
u004362,visit,2026-03-02 19:30:05
u004363,visit,2025-12-31 03:52:08
u004363,signup,2025-12-31 17:07:32
u004363,activate,2026-01-01 07:27:22
u004363,purchase,2026-01-03 22:25:44
u004364,visit,2025-12-31 08:13:25
u004365,visit,2025-12-29 14:58:42
u004366,visit,2026-03-04 08:27:17
u004367,visit,2026-05-10 11:12:55
u004368,visit,2026-05-27 15:31:44
u004369,visit,2026-03-13 07:59:32
u004370,visit,2026-04-05 03:22:21
u004370,signup,2026-04-05 17:15:49
u004370,activate,2026-04-09 04:30:06
u004370,purchase,2026-04-13 18:32:51
u004371,visit,2026-01-31 10:41:03
u004371,signup,2026-02-01 04:21:18
u004371,activate,2026-02-03 00:47:05
u004371,purchase,2026-02-03 15:23:32
u004372,visit,2026-03-11 07:27:10
u004373,visit,2026-03-06 06:58:10
u004374,visit,2025-12-25 14:53:58
u004375,visit,2026-02-05 20:20:10
u004375,signup,2026-02-06 20:59:44
u004375,activate,2026-02-07 13:32:31
u004375,purchase,2026-02-23 19:10:06
u004376,visit,2026-03-29 07:50:11
u004376,signup,2026-03-30 23:26:47
u004376,activate,2026-04-01 17:28:40
u004377,visit,2026-04-01 14:19:16
u004377,signup,2026-04-02 11:34:28
u004377,activate,2026-04-02 21:25:55
u004377,purchase,2026-04-18 11:50:13
u004378,visit,2026-03-20 02:52:34
u004378,signup,2026-03-21 14:11:46
u004378,activate,2026-03-23 16:56:34
u004378,purchase,2026-05-06 03:40:56
u004379,visit,2026-03-25 11:10:32
u004379,signup,2026-03-25 20:46:12
u004380,visit,2026-03-26 11:44:47
u004380,signup,2026-03-26 14:09:28
u004380,activate,2026-03-28 21:55:02
u004380,purchase,2026-04-05 16:02:57
u004381,visit,2026-03-24 22:27:23
u004382,visit,2026-02-16 02:39:28
u004382,signup,2026-02-17 01:45:57
u004382,activate,2026-02-20 12:06:10
u004383,visit,2026-03-27 18:20:52
u004383,signup,2026-03-29 03:27:51
u004383,activate,2026-04-02 09:48:01
u004384,visit,2025-12-31 19:26:45
u004385,visit,2026-04-03 13:05:35
u004386,visit,2026-05-21 12:13:50
u004387,visit,2026-04-05 05:27:14
u004388,visit,2026-05-12 18:15:09
u004388,signup,2026-05-13 00:42:51
u004388,activate,2026-05-19 21:00:54
u004388,purchase,2026-05-23 17:55:02
u004389,visit,2026-05-22 00:46:45
u004390,visit,2025-12-05 04:52:50
u004390,signup,2025-12-06 08:35:10
u004390,activate,2025-12-06 21:43:10
u004390,purchase,2025-12-30 06:32:38
u004391,visit,2026-05-01 14:49:23
u004391,signup,2026-05-02 20:45:15
u004392,visit,2026-02-08 07:24:25
u004392,signup,2026-02-08 13:07:21
u004392,activate,2026-02-09 17:23:33
u004393,visit,2026-02-09 17:27:13
u004394,visit,2026-01-19 10:41:31
u004394,signup,2026-01-21 01:30:07
u004395,visit,2026-05-11 03:30:18
u004396,visit,2026-01-28 13:59:07
u004396,signup,2026-01-28 20:11:26
u004397,visit,2026-03-25 20:41:36
u004398,visit,2026-04-06 20:52:59
u004399,visit,2026-03-01 09:38:16
u004400,visit,2026-04-09 18:46:52
u004400,signup,2026-04-11 05:27:40
u004400,activate,2026-04-11 15:08:51
u004400,purchase,2026-04-17 05:59:19
u004401,visit,2026-04-16 10:24:00
u004402,visit,2025-12-08 05:43:28
u004403,visit,2026-05-28 19:36:42
u004403,signup,2026-05-28 21:57:36
u004404,visit,2026-01-30 06:16:28
u004405,visit,2025-12-18 05:40:30
u004405,signup,2025-12-19 05:23:21
u004406,visit,2026-04-18 12:00:36
u004407,visit,2026-03-12 22:10:47
u004407,signup,2026-03-14 09:33:00
u004407,activate,2026-03-14 17:38:20
u004408,visit,2026-03-23 06:42:02
u004409,visit,2025-12-05 18:52:18
u004410,visit,2025-12-24 18:45:24
u004411,visit,2026-01-29 12:25:02
u004412,visit,2026-05-26 03:22:38
u004412,signup,2026-05-26 10:35:36
u004412,activate,2026-06-01 18:40:16
u004413,visit,2026-04-13 09:08:47
u004414,visit,2025-12-05 00:59:44
u004414,signup,2025-12-05 04:17:00
u004414,activate,2025-12-06 06:21:48
u004415,visit,2026-04-26 05:23:49
u004415,signup,2026-04-26 12:24:18
u004416,visit,2026-04-02 03:15:16
u004416,signup,2026-04-03 00:45:02
u004417,visit,2026-01-28 14:03:55
u004417,signup,2026-01-29 09:36:27
u004418,visit,2026-01-13 11:22:31
u004419,visit,2026-03-15 02:09:30
u004419,signup,2026-03-16 23:10:34
u004419,activate,2026-03-18 03:31:40
u004419,purchase,2026-03-25 12:15:08
u004420,visit,2026-05-19 03:04:26
u004421,visit,2025-12-31 23:11:47
u004421,signup,2026-01-01 13:59:14
u004421,activate,2026-01-03 17:00:22
u004422,visit,2026-01-28 04:36:04
u004423,visit,2026-05-12 08:38:10
u004423,signup,2026-05-14 01:04:37
u004423,activate,2026-05-16 05:28:38
u004424,visit,2026-01-24 17:22:14
u004425,visit,2025-12-26 19:08:52
u004426,visit,2026-04-19 00:36:09
u004426,signup,2026-04-20 08:20:59
u004426,activate,2026-04-21 17:16:06
u004427,visit,2025-12-08 09:45:09
u004428,visit,2026-01-16 00:57:58
u004429,visit,2026-02-26 06:32:31
u004430,visit,2026-04-08 08:58:34
u004430,signup,2026-04-09 07:45:43
u004431,visit,2026-01-28 00:59:28
u004431,signup,2026-01-29 08:37:39
u004431,activate,2026-01-31 00:37:34
u004432,visit,2026-01-26 06:51:35
u004432,signup,2026-01-26 16:23:21
u004433,visit,2026-05-17 17:20:23
u004434,visit,2026-04-05 04:50:41
u004434,signup,2026-04-05 20:34:45
u004434,activate,2026-04-06 22:59:11
u004434,purchase,2026-04-16 19:15:16
u004435,visit,2026-01-07 14:46:36
u004435,signup,2026-01-08 07:45:24
u004435,activate,2026-01-12 08:15:08
u004436,visit,2026-05-04 07:30:05
u004436,signup,2026-05-06 00:32:19
u004436,activate,2026-05-08 18:35:36
u004437,visit,2026-01-12 06:10:22
u004438,visit,2026-02-25 14:39:27
u004438,signup,2026-02-26 09:29:40
u004438,activate,2026-03-09 08:20:19
u004438,purchase,2026-03-20 13:16:20
u004439,visit,2026-01-17 04:27:30
u004440,visit,2026-03-03 12:34:03
u004441,visit,2025-12-03 07:20:07
u004442,visit,2025-12-09 15:18:36
u004443,visit,2026-02-19 14:37:55
u004443,signup,2026-02-20 04:26:56
u004444,visit,2026-01-14 18:24:42
u004444,signup,2026-01-15 13:05:14
u004444,activate,2026-01-16 02:02:11
u004444,purchase,2026-01-21 08:25:10
u004445,visit,2026-01-12 00:58:17
u004446,visit,2025-12-19 08:23:52
u004446,signup,2025-12-21 02:58:23
u004446,activate,2025-12-22 17:48:35
u004447,visit,2025-12-10 06:16:46
u004448,visit,2025-12-24 05:27:01
u004449,visit,2026-04-06 03:08:49
u004450,visit,2025-12-25 06:39:24
u004450,signup,2025-12-26 16:45:55
u004450,activate,2025-12-30 11:32:20
u004450,purchase,2026-01-12 03:16:21
u004451,visit,2026-03-12 17:36:21
u004452,visit,2026-05-16 11:21:59
u004452,signup,2026-05-18 06:01:34
u004452,activate,2026-05-21 23:15:19
u004452,purchase,2026-05-26 00:45:35
u004453,visit,2026-05-15 04:11:25
u004453,signup,2026-05-16 13:29:14
u004453,activate,2026-05-21 02:27:22
u004454,visit,2026-02-14 20:25:57
u004455,visit,2026-03-14 18:01:42
u004456,visit,2026-04-25 01:21:34
u004457,visit,2026-05-07 16:10:39
u004457,signup,2026-05-07 17:29:03
u004457,activate,2026-05-08 12:14:31
u004458,visit,2025-12-18 21:07:15
u004459,visit,2026-04-22 14:00:57
u004459,signup,2026-04-24 10:15:42
u004460,visit,2026-03-13 14:42:01
u004461,visit,2025-12-24 16:49:13
u004461,signup,2025-12-24 21:48:48
u004461,activate,2025-12-25 19:56:58
u004461,purchase,2025-12-28 19:11:14
u004462,visit,2025-12-15 12:06:23
u004462,signup,2025-12-16 20:11:40
u004462,activate,2025-12-17 05:54:15
u004463,visit,2026-04-28 21:55:37
u004463,signup,2026-04-30 00:07:25
u004463,activate,2026-04-30 23:45:25
u004464,visit,2026-04-17 09:30:26
u004465,visit,2026-04-25 11:19:07
u004465,signup,2026-04-26 15:53:00
u004465,activate,2026-04-28 08:39:18
u004466,visit,2025-12-13 20:12:16
u004467,visit,2026-01-27 05:03:06
u004467,signup,2026-01-27 21:09:57
u004467,activate,2026-01-29 12:25:29
u004468,visit,2026-04-28 09:41:27
u004469,visit,2026-04-24 23:47:31
u004470,visit,2026-02-10 23:21:12
u004471,visit,2026-03-30 17:47:21
u004471,signup,2026-04-01 05:17:14
u004472,visit,2026-04-17 02:50:26
u004472,signup,2026-04-18 14:01:09
u004472,activate,2026-04-18 16:24:58
u004472,purchase,2026-04-22 03:47:52
u004473,visit,2026-04-11 05:27:34
u004474,visit,2026-04-29 14:27:11
u004474,signup,2026-04-30 08:42:58
u004475,visit,2026-04-03 18:43:47
u004475,signup,2026-04-05 04:32:35
u004476,visit,2025-12-27 09:37:23
u004476,signup,2025-12-27 14:51:11
u004476,activate,2026-01-03 03:14:12
u004477,visit,2026-03-30 10:59:37
u004478,visit,2026-01-13 12:40:06
u004478,signup,2026-01-15 06:46:19
u004478,activate,2026-01-15 08:44:51
u004478,purchase,2026-01-21 01:00:43
u004479,visit,2026-01-30 03:11:53
u004479,signup,2026-01-30 14:21:18
u004479,activate,2026-01-31 06:53:16
u004479,purchase,2026-02-08 01:25:23
u004480,visit,2026-01-02 03:49:29
u004481,visit,2026-04-23 13:29:43
u004481,signup,2026-04-23 16:26:40
u004482,visit,2026-05-21 06:18:56
u004483,visit,2026-05-24 20:22:06
u004484,visit,2025-12-17 22:15:49
u004485,visit,2026-01-16 00:12:25
u004485,signup,2026-01-16 18:05:18
u004485,activate,2026-01-17 13:16:05
u004486,visit,2026-01-25 06:47:29
u004487,visit,2026-02-10 23:19:59
u004488,visit,2026-02-06 07:17:19
u004488,signup,2026-02-06 14:47:35
u004488,activate,2026-02-08 19:54:23
u004488,purchase,2026-02-09 13:25:26
u004489,visit,2026-01-14 21:32:08
u004490,visit,2025-12-06 01:53:39
u004490,signup,2025-12-07 11:58:24
u004491,visit,2026-01-11 04:54:29
u004492,visit,2026-05-01 09:43:25
u004493,visit,2026-05-29 15:49:31
u004493,signup,2026-05-29 16:15:12
u004493,activate,2026-06-01 15:50:03
u004494,visit,2026-05-24 03:56:16
u004494,signup,2026-05-25 09:24:29
u004495,visit,2026-05-19 18:38:22
u004495,signup,2026-05-20 18:01:54
u004496,visit,2026-03-08 17:22:51
u004496,signup,2026-03-09 01:27:46
u004496,activate,2026-03-10 06:59:24
u004497,visit,2026-02-26 12:10:05
u004497,signup,2026-02-27 21:40:57
u004498,visit,2026-01-30 16:52:14
u004499,visit,2026-04-10 19:05:05
u004499,signup,2026-04-12 01:21:26
u004499,activate,2026-04-12 14:50:23
u004500,visit,2026-05-03 06:35:40
u004500,signup,2026-05-04 17:48:15
u004500,activate,2026-05-05 17:47:42
u004501,visit,2026-02-17 05:40:04
u004502,visit,2026-03-15 11:39:21
u004503,visit,2025-12-05 16:54:58
u004504,visit,2026-03-04 08:55:16
u004505,visit,2026-01-10 12:42:46
u004506,visit,2026-05-02 16:55:10
u004506,signup,2026-05-03 17:56:48
u004506,activate,2026-05-13 08:26:49
u004507,visit,2026-04-16 20:43:21
u004507,signup,2026-04-17 06:49:30
u004508,visit,2026-05-03 08:02:25
u004508,signup,2026-05-03 12:26:30
u004508,activate,2026-05-04 01:26:39
u004509,visit,2026-04-04 18:12:56
u004509,signup,2026-04-06 09:31:43
u004510,visit,2026-04-28 22:43:52
u004511,visit,2026-03-29 05:49:01
u004511,signup,2026-03-30 05:16:30
u004512,visit,2026-03-29 10:57:01
u004512,signup,2026-03-31 03:02:12
u004513,visit,2026-04-01 05:12:32
u004513,signup,2026-04-01 08:40:21
u004514,visit,2026-03-11 12:34:01
u004514,signup,2026-03-12 23:36:31
u004514,activate,2026-03-13 05:04:58
u004514,purchase,2026-03-24 18:45:55
u004515,visit,2026-05-07 03:05:50
u004515,signup,2026-05-08 11:55:39
u004516,visit,2025-12-08 17:47:47
u004516,signup,2025-12-09 01:55:44
u004517,visit,2026-03-18 10:39:49
u004517,signup,2026-03-18 23:05:22
u004517,activate,2026-03-21 17:01:45
u004518,visit,2026-01-23 18:27:11
u004519,visit,2026-01-18 07:35:25
u004519,signup,2026-01-19 10:54:23
u004520,visit,2026-05-27 15:43:36
u004521,visit,2025-12-17 14:15:27
u004521,signup,2025-12-19 05:01:37
u004521,activate,2025-12-21 11:32:19
u004522,visit,2026-05-06 03:09:18
u004522,signup,2026-05-06 10:37:08
u004523,visit,2026-05-14 18:33:34
u004523,signup,2026-05-15 12:39:25
u004524,visit,2026-05-13 16:04:31
u004525,visit,2026-02-26 08:16:00
u004525,signup,2026-02-27 13:59:49
u004525,activate,2026-02-28 11:07:37
u004525,purchase,2026-03-05 15:43:01
u004526,visit,2026-03-15 21:17:30
u004527,visit,2025-12-05 09:46:30
u004528,visit,2026-05-27 12:06:14
u004529,visit,2026-01-17 13:32:33
u004529,signup,2026-01-17 19:42:06
u004530,visit,2026-03-14 04:36:28
u004531,visit,2025-12-15 03:59:56
u004531,signup,2025-12-15 15:25:50
u004531,activate,2025-12-26 02:17:25
u004532,visit,2026-01-18 08:40:45
u004532,signup,2026-01-19 00:50:51
u004533,visit,2026-01-25 20:15:09
u004533,signup,2026-01-27 14:40:29
u004534,visit,2025-12-11 00:03:10
u004534,signup,2025-12-12 03:06:58
u004535,visit,2026-04-21 12:31:01
u004536,visit,2026-04-17 23:45:59
u004537,visit,2026-05-20 22:06:02
u004537,signup,2026-05-21 08:29:06
u004537,activate,2026-05-23 11:09:47
u004538,visit,2026-01-16 16:15:57
u004539,visit,2025-12-03 08:41:24
u004540,visit,2026-02-03 18:34:25
u004540,signup,2026-02-04 18:47:08
u004540,activate,2026-02-08 02:40:23
u004540,purchase,2026-02-24 08:28:19
u004541,visit,2025-12-25 07:48:25
u004541,signup,2025-12-26 19:52:16
u004542,visit,2026-05-13 02:46:27
u004543,visit,2025-12-02 06:21:06
u004544,visit,2026-01-09 07:39:31
u004545,visit,2026-01-22 00:05:10
u004545,signup,2026-01-22 10:30:29
u004546,visit,2026-02-18 07:27:45
u004547,visit,2026-04-07 14:06:11
u004548,visit,2025-12-03 13:00:36
u004548,signup,2025-12-03 23:46:06
u004548,activate,2025-12-04 08:48:38
u004549,visit,2026-04-11 23:07:16
u004549,signup,2026-04-13 19:17:11
u004550,visit,2026-03-05 07:03:06
u004551,visit,2026-01-31 03:42:50
u004552,visit,2026-01-12 12:14:26
u004552,signup,2026-01-14 08:22:55
u004552,activate,2026-01-15 02:34:36
u004552,purchase,2026-01-23 17:30:51
u004553,visit,2026-05-29 17:33:07
u004554,visit,2025-12-19 13:46:01
u004554,signup,2025-12-20 00:22:31
u004555,visit,2026-05-06 04:37:18
u004555,signup,2026-05-06 09:57:35
u004556,visit,2026-04-27 11:46:21
u004556,signup,2026-04-27 23:29:55
u004556,activate,2026-04-28 10:06:59
u004556,purchase,2026-05-02 23:02:06
u004557,visit,2026-01-14 22:14:01
u004557,signup,2026-01-16 16:03:57
u004558,visit,2026-04-07 17:55:53
u004559,visit,2026-01-19 16:29:32
u004560,visit,2026-05-13 10:18:15
u004560,signup,2026-05-14 04:56:28
u004561,visit,2025-12-25 05:30:04
u004561,signup,2025-12-26 08:53:09
u004562,visit,2025-12-12 23:08:47
u004563,visit,2026-03-08 18:19:57
u004563,signup,2026-03-09 01:27:52
u004564,visit,2026-01-11 07:30:30
u004564,signup,2026-01-12 13:49:49
u004564,activate,2026-01-14 04:08:24
u004565,visit,2025-12-05 18:12:17
u004566,visit,2026-01-07 19:01:31
u004567,visit,2026-04-06 05:29:22
u004568,visit,2025-12-24 10:17:40
u004569,visit,2026-03-07 09:23:58
u004569,signup,2026-03-09 08:18:37
u004570,visit,2026-01-29 22:02:45
u004571,visit,2026-04-25 09:46:19
u004571,signup,2026-04-26 19:57:16
u004571,activate,2026-04-27 17:02:19
u004572,visit,2025-12-14 19:10:03
u004572,signup,2025-12-15 10:53:06
u004572,activate,2025-12-15 11:21:52
u004573,visit,2026-02-28 01:00:07
u004574,visit,2026-01-14 17:52:44
u004574,signup,2026-01-15 10:07:35
u004574,activate,2026-01-20 01:24:56
u004575,visit,2026-02-25 00:29:43
u004576,visit,2026-05-15 15:08:02
u004576,signup,2026-05-16 00:54:44
u004577,visit,2026-03-21 11:16:20
u004578,visit,2026-03-05 06:14:20
u004578,signup,2026-03-06 04:21:00
u004578,activate,2026-03-07 17:00:57
u004579,visit,2026-04-18 17:48:06
u004580,visit,2026-05-03 23:07:20
u004581,visit,2026-03-03 20:14:22
u004582,visit,2026-02-20 11:42:07
u004582,signup,2026-02-22 01:18:53
u004583,visit,2026-04-08 10:05:20
u004584,visit,2025-12-10 05:01:45
u004585,visit,2025-12-19 17:19:18
u004585,signup,2025-12-19 22:10:35
u004585,activate,2025-12-20 04:41:29
u004586,visit,2026-04-06 06:33:23
u004586,signup,2026-04-06 17:10:33
u004587,visit,2026-03-24 21:07:16
u004588,visit,2026-03-02 19:16:22
u004588,signup,2026-03-04 14:16:20
u004589,visit,2026-01-27 09:18:11
u004589,signup,2026-01-27 19:36:24
u004590,visit,2026-01-09 17:51:56
u004590,signup,2026-01-10 00:45:14
u004590,activate,2026-01-10 14:11:10
u004590,purchase,2026-01-14 18:16:23
u004591,visit,2026-03-23 16:56:44
u004592,visit,2026-01-30 23:41:47
u004593,visit,2026-01-23 13:18:40
u004593,signup,2026-01-23 22:13:53
u004594,visit,2026-04-21 10:22:48
u004595,visit,2026-05-28 13:38:47
u004595,signup,2026-05-29 05:07:55
u004595,activate,2026-06-01 00:19:06
u004596,visit,2026-04-17 03:31:27
u004597,visit,2026-01-10 20:43:20
u004597,signup,2026-01-10 22:54:56
u004597,activate,2026-01-12 10:55:04
u004597,purchase,2026-01-26 06:58:22
u004598,visit,2025-12-16 14:23:25
u004599,visit,2026-01-30 04:52:04
u004600,visit,2026-02-10 08:32:41
u004601,visit,2025-12-15 17:52:09
u004601,signup,2025-12-17 01:05:07
u004601,activate,2025-12-18 05:33:16
u004602,visit,2026-05-09 14:18:23
u004602,signup,2026-05-10 16:54:19
u004603,visit,2026-04-10 11:45:01
u004604,visit,2026-02-01 14:33:59
u004605,visit,2026-04-07 18:14:01
u004606,visit,2026-04-07 08:26:07
u004607,visit,2026-03-12 18:48:27
u004608,visit,2026-03-26 15:11:43
u004609,visit,2026-02-02 20:18:24
u004609,signup,2026-02-04 15:54:25
u004609,activate,2026-02-05 05:08:03
u004610,visit,2025-12-24 04:42:08
u004611,visit,2026-05-19 02:22:18
u004611,signup,2026-05-20 04:56:36
u004611,activate,2026-05-20 13:29:13
u004612,visit,2026-03-05 19:44:17
u004613,visit,2026-03-18 12:39:16
u004613,signup,2026-03-19 05:38:22
u004614,visit,2026-02-05 05:09:31
u004614,signup,2026-02-05 16:31:28
u004614,activate,2026-02-08 12:11:33
u004614,purchase,2026-02-15 11:09:12
u004615,visit,2026-01-04 19:11:13
u004615,signup,2026-01-05 00:07:37
u004615,activate,2026-01-05 09:53:23
u004615,purchase,2026-01-13 15:55:25
u004616,visit,2026-03-07 13:00:05
u004617,visit,2026-03-29 12:08:45
u004617,signup,2026-03-30 19:54:58
u004617,activate,2026-04-06 12:52:35
u004618,visit,2026-04-21 12:44:10
u004618,signup,2026-04-22 03:37:41
u004618,activate,2026-04-22 04:48:50
u004619,visit,2026-01-31 12:39:00
u004620,visit,2026-02-09 15:12:02
u004621,visit,2025-12-28 01:30:35
u004622,visit,2026-02-10 23:42:35
u004623,visit,2025-12-29 02:27:07
u004623,signup,2025-12-30 00:30:05
u004624,visit,2026-01-07 23:18:14
u004625,visit,2026-04-22 17:00:09
u004625,signup,2026-04-23 02:42:29
u004626,visit,2025-12-13 09:07:04
u004627,visit,2026-05-10 22:56:49
u004628,visit,2026-05-13 19:22:56
u004629,visit,2025-12-26 08:04:51
u004630,visit,2026-02-15 19:35:00
u004631,visit,2026-02-09 18:24:16
u004631,signup,2026-02-11 05:59:44
u004632,visit,2026-01-02 04:52:45
u004633,visit,2025-12-11 20:14:25
u004634,visit,2026-04-01 01:54:51
u004634,signup,2026-04-01 20:22:30
u004634,activate,2026-04-02 14:51:33
u004635,visit,2026-01-05 12:27:23
u004636,visit,2026-01-16 06:30:52
u004636,signup,2026-01-17 16:26:23
u004637,visit,2025-12-08 23:52:09
u004638,visit,2026-01-15 22:32:04
u004639,visit,2026-01-09 21:20:02
u004640,visit,2026-04-01 12:07:25
u004641,visit,2026-01-22 08:46:32
u004642,visit,2026-02-03 13:03:52
u004643,visit,2026-01-11 22:33:54
u004644,visit,2026-01-14 14:02:23
u004645,visit,2026-03-19 23:51:18
u004646,visit,2026-01-21 07:59:46
u004646,signup,2026-01-21 16:43:35
u004646,activate,2026-01-22 10:20:54
u004646,purchase,2026-01-31 11:27:21
u004647,visit,2026-03-08 08:55:47
u004648,visit,2026-02-01 09:51:29
u004649,visit,2026-01-22 21:44:19
u004649,signup,2026-01-24 15:41:12
u004649,activate,2026-01-26 02:27:57
u004649,purchase,2026-01-29 08:43:15
u004650,visit,2026-02-28 11:45:17
u004651,visit,2026-02-23 21:54:28
u004651,signup,2026-02-23 22:55:42
u004651,activate,2026-02-26 05:07:15
u004652,visit,2026-05-03 16:28:42
u004652,signup,2026-05-04 01:56:13
u004653,visit,2026-02-24 04:02:41
u004654,visit,2026-04-12 05:31:32
u004654,signup,2026-04-12 06:30:58
u004654,activate,2026-04-14 00:12:21
u004655,visit,2026-04-24 13:29:44
u004656,visit,2026-03-07 21:12:54
u004657,visit,2025-12-23 16:22:12
u004657,signup,2025-12-24 15:32:05
u004657,activate,2025-12-25 04:18:28
u004658,visit,2026-03-14 19:25:38
u004658,signup,2026-03-16 14:03:01
u004659,visit,2026-03-14 08:35:10
u004660,visit,2025-12-03 11:22:24
u004660,signup,2025-12-04 07:45:20
u004661,visit,2025-12-11 00:37:20
u004661,signup,2025-12-11 14:44:35
u004662,visit,2026-02-19 19:33:13
u004662,signup,2026-02-21 11:21:10
u004663,visit,2026-05-20 20:32:59
u004664,visit,2026-05-09 00:34:59
u004665,visit,2026-04-10 07:23:12
u004666,visit,2026-01-22 19:52:27
u004667,visit,2026-04-13 22:52:37
u004667,signup,2026-04-14 13:15:42
u004668,visit,2026-03-07 04:12:02
u004669,visit,2026-02-01 10:26:27
u004670,visit,2026-01-22 12:19:50
u004670,signup,2026-01-24 08:18:14
u004671,visit,2025-12-13 19:24:35
u004671,signup,2025-12-14 03:08:45
u004672,visit,2026-04-17 00:51:54
u004673,visit,2026-05-10 12:36:58
u004673,signup,2026-05-12 10:23:14
u004674,visit,2026-05-29 08:24:23
u004675,visit,2026-05-06 16:18:02
u004676,visit,2026-03-10 13:45:35
u004676,signup,2026-03-12 08:14:50
u004676,activate,2026-03-12 12:17:26
u004677,visit,2026-04-12 07:07:30
u004677,signup,2026-04-12 12:22:07
u004677,activate,2026-04-15 18:20:14
u004677,purchase,2026-04-29 03:31:18
u004678,visit,2026-01-28 10:32:27
u004678,signup,2026-01-29 22:43:37
u004679,visit,2026-01-09 15:51:00
u004679,signup,2026-01-09 19:48:47
u004679,activate,2026-01-09 23:27:34
u004679,purchase,2026-01-13 06:09:38
u004680,visit,2026-01-01 04:17:45
u004680,signup,2026-01-02 20:22:59
u004681,visit,2026-05-14 07:23:37
u004681,signup,2026-05-15 16:30:13
u004681,activate,2026-05-16 12:38:50
u004682,visit,2026-04-09 04:41:03
u004682,signup,2026-04-10 08:45:25
u004682,activate,2026-04-11 11:48:08
u004683,visit,2026-04-23 00:35:45
u004684,visit,2026-02-14 02:31:46
u004685,visit,2026-05-25 12:40:15
u004686,visit,2026-02-06 14:20:59
u004686,signup,2026-02-07 21:47:19
u004687,visit,2026-05-25 20:19:38
u004688,visit,2026-03-10 21:21:41
u004688,signup,2026-03-12 09:42:06
u004689,visit,2026-01-20 11:05:55
u004690,visit,2026-03-24 14:42:43
u004690,signup,2026-03-26 11:48:03
u004690,activate,2026-03-29 05:33:27
u004691,visit,2025-12-15 17:47:08
u004692,visit,2026-03-21 11:52:53
u004693,visit,2026-01-11 06:15:15
u004694,visit,2026-01-14 08:13:20
u004695,visit,2026-01-31 12:59:52
u004695,signup,2026-02-01 19:35:00
u004696,visit,2026-04-24 02:06:28
u004696,signup,2026-04-25 02:33:14
u004697,visit,2026-03-13 02:05:29
u004697,signup,2026-03-14 13:32:12
u004697,activate,2026-03-18 08:47:34
u004698,visit,2026-03-24 14:34:49
u004698,signup,2026-03-26 06:13:10
u004698,activate,2026-03-26 18:37:45
u004699,visit,2026-03-08 02:30:59
u004699,signup,2026-03-08 04:16:45
u004700,visit,2026-04-18 10:12:23
u004701,visit,2026-04-20 16:43:58
u004702,visit,2025-12-30 01:15:08
u004703,visit,2026-02-14 11:37:39
u004704,visit,2026-02-12 06:40:00
u004704,signup,2026-02-12 15:52:57
u004704,activate,2026-02-13 06:50:48
u004705,visit,2025-12-06 04:17:33
u004706,visit,2025-12-03 12:18:49
u004707,visit,2026-05-09 20:14:21
u004708,visit,2025-12-29 04:20:03
u004709,visit,2026-04-27 14:18:04
u004710,visit,2026-01-01 06:55:10
u004711,visit,2026-03-21 21:13:14
u004712,visit,2026-05-16 23:10:03
u004713,visit,2026-03-14 23:36:18
u004713,signup,2026-03-16 05:17:01
u004714,visit,2026-04-03 01:38:37
u004714,signup,2026-04-03 23:20:56
u004715,visit,2026-01-18 23:32:38
u004716,visit,2026-01-29 11:42:41
u004716,signup,2026-01-30 05:09:30
u004717,visit,2026-04-12 21:44:30
u004717,signup,2026-04-13 13:22:12
u004717,activate,2026-04-17 21:09:12
u004717,purchase,2026-04-24 06:34:43
u004718,visit,2026-01-07 21:51:05
u004719,visit,2026-01-02 23:50:30
u004719,signup,2026-01-04 08:00:47
u004720,visit,2026-02-21 15:54:38
u004720,signup,2026-02-22 21:44:58
u004720,activate,2026-02-28 12:47:30
u004721,visit,2026-01-09 20:37:49
u004722,visit,2026-03-02 13:03:42
u004723,visit,2025-12-20 11:17:27
u004724,visit,2026-05-21 03:18:29
u004724,signup,2026-05-22 12:54:14
u004724,activate,2026-05-25 05:01:18
u004725,visit,2026-01-11 10:44:56
u004726,visit,2025-12-20 09:07:26
u004727,visit,2025-12-11 14:00:30
u004728,visit,2026-04-07 08:52:48
u004728,signup,2026-04-09 01:05:31
u004729,visit,2026-05-03 16:54:36
u004729,signup,2026-05-04 10:06:27
u004729,activate,2026-05-06 13:45:57
u004729,purchase,2026-05-16 06:06:26
u004730,visit,2026-04-13 07:29:35
u004730,signup,2026-04-13 23:13:43
u004731,visit,2026-01-11 20:20:20
u004731,signup,2026-01-12 19:36:03
u004732,visit,2026-02-24 08:41:58
u004732,signup,2026-02-24 18:57:39
u004732,activate,2026-02-25 00:39:03
u004733,visit,2026-05-25 01:14:47
u004734,visit,2026-02-15 11:25:37
u004735,visit,2026-03-28 21:51:44
u004736,visit,2026-01-28 21:04:03
u004736,signup,2026-01-29 09:38:22
u004736,activate,2026-01-30 15:53:43
u004736,purchase,2026-02-01 11:41:11
u004737,visit,2026-04-18 02:06:12
u004737,signup,2026-04-19 09:36:10
u004738,visit,2026-02-09 01:15:38
u004739,visit,2026-05-24 17:52:35
u004740,visit,2026-03-31 20:07:46
u004741,visit,2025-12-15 02:05:04
u004741,signup,2025-12-15 10:45:26
u004741,activate,2025-12-18 09:30:59
u004742,visit,2026-02-25 08:37:45
u004743,visit,2026-01-16 20:46:23
u004743,signup,2026-01-17 06:35:30
u004743,activate,2026-01-18 17:37:19
u004743,purchase,2026-02-13 10:46:28
u004744,visit,2026-05-15 18:10:38
u004745,visit,2026-02-08 03:12:27
u004746,visit,2026-02-23 08:38:24
u004747,visit,2026-01-08 06:30:50
u004748,visit,2026-02-12 20:44:47
u004749,visit,2026-05-02 12:10:09
u004749,signup,2026-05-04 05:23:54
u004750,visit,2026-04-25 06:54:27
u004751,visit,2026-05-27 16:28:30
u004752,visit,2026-02-21 13:19:29
u004753,visit,2026-03-22 07:53:33
u004753,signup,2026-03-23 03:52:08
u004753,activate,2026-03-24 03:25:48
u004753,purchase,2026-03-25 08:17:46
u004754,visit,2026-04-04 17:20:26
u004755,visit,2026-04-15 21:00:44
u004755,signup,2026-04-16 21:30:39
u004756,visit,2026-05-04 00:19:14
u004757,visit,2026-04-15 04:55:00
u004758,visit,2026-04-21 16:49:01
u004758,signup,2026-04-23 13:14:58
u004759,visit,2026-03-07 10:41:40
u004759,signup,2026-03-09 00:19:49
u004760,visit,2026-03-04 06:19:00
u004761,visit,2026-01-07 17:13:21
u004761,signup,2026-01-07 23:44:42
u004762,visit,2025-12-11 03:10:46
u004762,signup,2025-12-12 16:15:12
u004762,activate,2025-12-15 17:29:15
u004762,purchase,2025-12-20 11:19:29
u004763,visit,2026-02-14 03:18:43
u004764,visit,2026-02-05 07:47:54
u004765,visit,2026-05-17 05:09:08
u004766,visit,2025-12-12 04:59:01
u004767,visit,2026-04-11 02:41:15
u004767,signup,2026-04-11 03:17:12
u004767,activate,2026-04-11 14:54:55
u004767,purchase,2026-05-04 13:44:37
u004768,visit,2026-03-02 17:55:01
u004769,visit,2026-04-29 11:25:29
u004769,signup,2026-05-01 07:40:55
u004770,visit,2026-03-19 19:22:27
u004771,visit,2026-03-14 04:17:14
u004771,signup,2026-03-14 22:01:00
u004772,visit,2026-01-14 00:30:08
u004773,visit,2026-01-10 10:49:15
u004774,visit,2026-03-25 04:23:08
u004775,visit,2026-03-01 10:52:33
u004775,signup,2026-03-02 02:36:39
u004776,visit,2026-04-02 10:51:39
u004777,visit,2026-03-18 05:47:25
u004778,visit,2026-05-08 15:35:58
u004778,signup,2026-05-08 16:28:34
u004779,visit,2026-04-01 19:58:26
u004779,signup,2026-04-03 05:33:05
u004779,activate,2026-04-06 10:38:35
u004780,visit,2026-03-16 01:17:05
u004780,signup,2026-03-17 04:59:17
u004781,visit,2026-03-21 11:35:45
u004782,visit,2026-01-02 10:27:24
u004783,visit,2026-04-11 05:33:55
u004784,visit,2026-01-14 20:46:59
u004785,visit,2026-05-27 10:23:42
u004785,signup,2026-05-27 21:45:26
u004785,activate,2026-05-31 12:52:30
u004786,visit,2026-02-13 12:22:24
u004786,signup,2026-02-15 04:45:16
u004787,visit,2026-05-18 13:18:52
u004788,visit,2026-05-19 03:09:32
u004789,visit,2026-02-17 09:06:02
u004789,signup,2026-02-19 08:11:01
u004789,activate,2026-02-21 21:43:15
u004789,purchase,2026-02-22 13:48:41
u004790,visit,2026-05-04 02:06:13
u004791,visit,2026-01-18 19:28:12
u004792,visit,2025-12-11 13:16:26
u004792,signup,2025-12-11 20:31:46
u004792,activate,2025-12-11 22:13:07
u004793,visit,2026-05-13 18:49:17
u004794,visit,2026-05-17 10:00:45
u004794,signup,2026-05-17 21:47:23
u004794,activate,2026-05-19 09:59:13
u004795,visit,2026-01-13 04:53:10
u004796,visit,2026-04-08 01:49:32
u004796,signup,2026-04-09 02:22:46
u004797,visit,2026-04-14 04:25:44
u004798,visit,2026-02-21 12:25:11
u004799,visit,2026-01-09 14:40:47
u004799,signup,2026-01-11 00:23:48
u004799,activate,2026-01-11 04:03:46
u004800,visit,2026-01-18 13:40:02
u004800,signup,2026-01-20 06:31:41
u004800,activate,2026-01-21 00:44:35
u004800,purchase,2026-01-22 10:04:37
u004801,visit,2026-03-19 23:04:41
u004801,signup,2026-03-21 11:22:37
u004802,visit,2026-05-08 14:21:53
u004803,visit,2026-01-25 00:00:58
u004803,signup,2026-01-26 08:19:15
u004804,visit,2026-01-08 10:54:06
u004805,visit,2026-03-11 13:35:03
u004805,signup,2026-03-13 03:03:11
u004805,activate,2026-03-13 07:34:59
u004806,visit,2026-05-03 09:56:51
u004807,visit,2026-05-27 11:50:44
u004807,signup,2026-05-28 15:46:34
u004807,activate,2026-05-30 09:00:21
u004808,visit,2026-05-22 16:55:52
u004809,visit,2026-05-24 22:54:29
u004810,visit,2026-02-05 08:51:55
u004811,visit,2026-03-31 19:36:25
u004811,signup,2026-04-02 00:16:09
u004811,activate,2026-04-08 01:26:31
u004811,purchase,2026-04-30 01:49:15
u004812,visit,2026-01-16 06:57:02
u004813,visit,2026-02-14 22:44:46
u004814,visit,2026-01-23 21:56:47
u004814,signup,2026-01-25 09:55:45
u004815,visit,2025-12-06 04:36:04
u004816,visit,2026-05-19 19:50:31
u004816,signup,2026-05-21 01:32:29
u004816,activate,2026-05-25 15:52:11
u004817,visit,2026-05-30 11:18:09
u004818,visit,2026-04-29 12:23:47
u004818,signup,2026-04-30 06:54:11
u004819,visit,2026-02-16 20:14:27
u004820,visit,2025-12-02 12:27:45
u004821,visit,2026-03-27 22:01:53
u004822,visit,2026-01-15 23:25:36
u004822,signup,2026-01-16 13:00:00
u004822,activate,2026-01-16 23:49:20
u004823,visit,2026-03-23 19:06:19
u004824,visit,2026-02-13 16:36:38
u004825,visit,2026-01-02 18:55:47
u004825,signup,2026-01-04 08:51:52
u004826,visit,2026-01-16 04:19:15
u004827,visit,2026-03-17 20:14:13
u004828,visit,2026-05-04 14:22:31
u004828,signup,2026-05-05 09:30:15
u004829,visit,2026-02-26 19:54:16
u004829,signup,2026-02-27 12:49:46
u004830,visit,2026-01-20 20:15:17
u004830,signup,2026-01-20 23:55:40
u004830,activate,2026-01-21 06:16:26
u004831,visit,2026-04-22 00:37:29
u004832,visit,2026-05-02 16:04:10
u004832,signup,2026-05-02 21:06:25
u004833,visit,2026-02-10 23:33:21
u004834,visit,2026-03-27 13:26:28
u004835,visit,2026-01-01 06:56:36
u004836,visit,2026-02-04 16:57:58
u004836,signup,2026-02-05 01:45:30
u004837,visit,2025-12-28 00:28:16
u004838,visit,2026-04-18 21:55:42
u004839,visit,2025-12-17 04:15:57
u004840,visit,2026-04-27 21:46:14
u004841,visit,2026-02-01 00:56:38
u004841,signup,2026-02-02 06:58:48
u004841,activate,2026-02-02 07:54:07
u004842,visit,2026-05-16 18:30:51
u004843,visit,2026-03-28 16:46:21
u004844,visit,2026-04-17 10:40:07
u004845,visit,2026-05-04 22:50:22
u004845,signup,2026-05-05 09:20:59
u004845,activate,2026-05-06 11:13:36
u004846,visit,2026-04-28 22:19:09
u004847,visit,2026-03-02 07:57:33
u004848,visit,2026-05-16 08:13:05
u004849,visit,2026-05-15 09:01:53
u004850,visit,2026-01-25 20:06:14
u004851,visit,2026-02-13 20:56:05
u004852,visit,2026-02-20 22:08:35
u004852,signup,2026-02-20 23:39:50
u004853,visit,2026-04-27 01:53:36
u004854,visit,2026-04-16 17:47:49
u004855,visit,2025-12-20 23:38:26
u004855,signup,2025-12-21 18:49:01
u004855,activate,2025-12-22 04:37:08
u004856,visit,2026-01-05 15:08:10
u004857,visit,2026-04-26 12:54:54
u004858,visit,2025-12-17 10:11:57
u004858,signup,2025-12-18 11:28:53
u004859,visit,2026-04-27 02:23:17
u004859,signup,2026-04-27 02:58:29
u004860,visit,2026-03-05 10:01:25
u004861,visit,2026-05-22 21:14:14
u004861,signup,2026-05-24 12:05:29
u004862,visit,2025-12-07 18:55:10
u004863,visit,2026-02-05 10:34:12
u004863,signup,2026-02-07 03:37:50
u004863,activate,2026-02-07 08:29:29
u004864,visit,2026-05-20 07:11:36
u004865,visit,2026-04-14 15:55:41
u004866,visit,2026-03-14 16:43:10
u004867,visit,2026-04-15 08:46:27
u004868,visit,2026-01-05 11:18:02
u004869,visit,2025-12-10 12:25:06
u004869,signup,2025-12-12 11:07:07
u004869,activate,2025-12-14 20:58:09
u004870,visit,2025-12-22 06:56:56
u004871,visit,2026-04-27 11:59:27
u004872,visit,2026-02-14 21:17:10
u004872,signup,2026-02-15 19:54:02
u004872,activate,2026-02-20 13:14:48
u004872,purchase,2026-02-22 17:35:06
u004873,visit,2026-04-18 08:26:45
u004873,signup,2026-04-18 19:13:49
u004873,activate,2026-04-22 17:39:56
u004874,visit,2026-03-01 10:07:30
u004875,visit,2026-05-25 10:31:13
u004876,visit,2026-05-28 12:56:07
u004877,visit,2025-12-07 09:07:13
u004877,signup,2025-12-08 20:55:38
u004877,activate,2025-12-11 08:13:36
u004878,visit,2026-03-03 16:32:22
u004878,signup,2026-03-05 10:44:59
u004879,visit,2026-03-07 13:25:25
u004880,visit,2026-05-29 03:41:06
u004881,visit,2026-05-09 02:00:43
u004882,visit,2026-02-14 13:34:08
u004882,signup,2026-02-14 14:25:07
u004882,activate,2026-02-16 19:20:35
u004883,visit,2026-05-30 02:33:56
u004884,visit,2026-04-07 14:29:44
u004885,visit,2026-04-07 08:28:09
u004885,signup,2026-04-07 16:00:01
u004886,visit,2026-04-09 15:39:52
u004887,visit,2026-02-05 13:12:56
u004888,visit,2026-05-27 06:35:46
u004888,signup,2026-05-27 17:43:48
u004888,activate,2026-05-31 00:21:44
u004889,visit,2026-01-09 05:59:25
u004890,visit,2026-01-15 16:17:12
u004891,visit,2025-12-10 21:19:27
u004892,visit,2026-03-16 16:20:05
u004892,signup,2026-03-18 01:28:02
u004892,activate,2026-03-19 13:32:13
u004892,purchase,2026-03-21 06:14:49
u004893,visit,2026-01-14 01:51:27
u004893,signup,2026-01-14 04:33:42
u004894,visit,2026-02-18 07:58:16
u004894,signup,2026-02-19 14:19:45
u004894,activate,2026-02-21 13:22:19
u004894,purchase,2026-03-01 00:05:01
u004895,visit,2026-04-05 01:28:57
u004895,signup,2026-04-05 04:41:14
u004895,activate,2026-04-08 21:31:49
u004895,purchase,2026-05-02 15:47:24
u004896,visit,2026-05-16 01:27:45
u004897,visit,2026-05-05 01:38:35
u004898,visit,2026-04-17 16:00:06
u004899,visit,2026-02-20 00:56:35
u004899,signup,2026-02-21 18:56:29
u004899,activate,2026-02-23 13:44:05
u004900,visit,2026-04-23 14:35:04
u004901,visit,2026-01-18 00:35:53
u004901,signup,2026-01-18 19:13:01
u004901,activate,2026-01-20 07:12:37
u004901,purchase,2026-01-25 15:45:41
u004902,visit,2026-04-20 21:06:14
u004902,signup,2026-04-21 13:09:41
u004903,visit,2026-05-06 12:13:14
u004903,signup,2026-05-07 09:35:56
u004904,visit,2026-04-17 04:13:39
u004904,signup,2026-04-17 16:59:07
u004905,visit,2026-02-14 00:31:19
u004905,signup,2026-02-15 05:24:04
u004906,visit,2025-12-15 18:49:36
u004906,signup,2025-12-16 06:53:34
u004907,visit,2026-05-13 05:32:46
u004908,visit,2025-12-04 21:58:47
u004909,visit,2026-03-02 00:49:26
u004909,signup,2026-03-02 09:28:00
u004910,visit,2025-12-04 17:38:32
u004910,signup,2025-12-05 08:26:49
u004911,visit,2025-12-05 16:50:08
u004912,visit,2026-03-30 17:56:39
u004913,visit,2026-02-10 23:57:03
u004913,signup,2026-02-11 03:58:11
u004914,visit,2025-12-23 02:19:55
u004914,signup,2025-12-23 04:47:31
u004915,visit,2025-12-08 15:58:07
u004916,visit,2026-01-23 16:46:52
u004916,signup,2026-01-25 11:13:50
u004917,visit,2026-03-16 19:52:23
u004918,visit,2026-03-16 05:45:35
u004919,visit,2026-02-06 19:07:38
u004920,visit,2026-03-04 00:12:01
u004920,signup,2026-03-05 00:33:06
u004920,activate,2026-03-13 10:28:57
u004920,purchase,2026-03-17 12:19:20
u004921,visit,2026-02-03 16:10:25
u004921,signup,2026-02-05 06:33:51
u004922,visit,2026-01-29 01:16:15
u004922,signup,2026-01-30 04:57:02
u004922,activate,2026-01-31 09:13:00
u004922,purchase,2026-02-03 03:47:51
u004923,visit,2026-02-22 06:01:59
u004923,signup,2026-02-23 03:27:34
u004924,visit,2026-03-03 14:08:40
u004925,visit,2026-04-12 11:05:19
u004925,signup,2026-04-13 08:02:22
u004926,visit,2026-01-05 09:09:10
u004926,signup,2026-01-06 23:37:37
u004927,visit,2026-02-20 02:52:06
u004928,visit,2026-05-25 14:28:10
u004929,visit,2025-12-12 23:22:03
u004929,signup,2025-12-14 06:05:23
u004929,activate,2025-12-16 13:32:25
u004930,visit,2025-12-25 13:01:00
u004930,signup,2025-12-27 07:53:53
u004930,activate,2025-12-27 11:01:50
u004931,visit,2026-05-18 16:29:57
u004932,visit,2026-02-21 10:13:43
u004932,signup,2026-02-22 15:01:53
u004932,activate,2026-02-22 21:11:15
u004932,purchase,2026-03-05 09:28:11
u004933,visit,2026-02-11 08:20:57
u004934,visit,2026-01-01 06:12:21
u004934,signup,2026-01-02 00:57:49
u004935,visit,2026-01-13 18:09:58
u004936,visit,2026-02-14 19:23:36
u004936,signup,2026-02-15 22:49:03
u004937,visit,2026-02-12 11:01:49
u004938,visit,2026-02-03 13:53:22
u004939,visit,2026-01-13 14:34:51
u004939,signup,2026-01-13 15:36:32
u004940,visit,2026-04-08 18:29:04
u004940,signup,2026-04-10 16:21:01
u004941,visit,2026-02-23 12:28:41
u004941,signup,2026-02-23 14:29:24
u004941,activate,2026-02-26 19:28:53
u004942,visit,2026-05-01 12:29:55
u004943,visit,2026-03-08 05:35:26
u004943,signup,2026-03-08 21:04:46
u004943,activate,2026-03-14 18:26:41
u004943,purchase,2026-04-01 20:05:38
u004944,visit,2026-01-18 09:59:32
u004945,visit,2026-03-30 14:57:33
u004946,visit,2026-01-26 03:14:19
u004947,visit,2026-04-17 18:40:17
u004948,visit,2026-04-17 23:57:39
u004948,signup,2026-04-18 01:24:58
u004949,visit,2026-01-27 16:08:23
u004950,visit,2025-12-08 13:12:28
u004950,signup,2025-12-08 19:18:13
u004950,activate,2025-12-09 09:23:07
u004950,purchase,2025-12-09 10:05:57
u004951,visit,2026-03-23 21:31:14
u004952,visit,2026-03-16 03:14:15
u004952,signup,2026-03-16 11:50:55
u004953,visit,2026-04-09 14:56:46
u004953,signup,2026-04-11 08:50:55
u004953,activate,2026-04-14 22:15:14
u004953,purchase,2026-04-21 19:28:41
u004954,visit,2026-04-06 19:00:06
u004955,visit,2026-02-22 00:25:26
u004955,signup,2026-02-23 04:08:53
u004955,activate,2026-03-01 23:42:23
u004956,visit,2026-03-25 16:15:09
u004957,visit,2026-01-16 15:49:08
u004957,signup,2026-01-18 12:29:11
u004957,activate,2026-01-23 14:58:50
u004958,visit,2026-03-31 06:02:54
u004959,visit,2026-03-17 15:42:29
u004960,visit,2026-03-10 14:13:54
u004961,visit,2025-12-07 04:34:26
u004961,signup,2025-12-07 19:26:05
u004961,activate,2025-12-08 01:44:09
u004961,purchase,2025-12-27 14:04:29
u004962,visit,2026-03-09 16:00:32
u004962,signup,2026-03-11 00:34:35
u004963,visit,2026-01-19 02:09:28
u004963,signup,2026-01-20 12:36:23
u004963,activate,2026-01-21 03:56:00
u004964,visit,2026-05-21 23:44:49
u004964,signup,2026-05-22 18:36:17
u004964,activate,2026-05-23 10:31:17
u004965,visit,2025-12-13 05:43:29
u004965,signup,2025-12-15 02:18:07
u004966,visit,2026-01-12 22:59:49
u004967,visit,2026-02-26 04:09:10
u004968,visit,2026-05-11 17:24:04
u004968,signup,2026-05-13 11:00:30
u004968,activate,2026-05-13 16:48:19
u004968,purchase,2026-05-29 22:25:39
u004969,visit,2025-12-24 09:41:50
u004970,visit,2026-04-08 10:21:28
u004971,visit,2026-05-07 06:50:13
u004971,signup,2026-05-08 15:29:50
u004971,activate,2026-05-09 06:13:51
u004972,visit,2026-03-15 15:46:52
u004973,visit,2026-04-24 07:39:58
u004974,visit,2026-02-03 17:37:32
u004974,signup,2026-02-04 01:52:40
u004974,activate,2026-02-05 00:18:33
u004975,visit,2026-02-07 22:40:40
u004976,visit,2026-01-25 17:12:40
u004977,visit,2026-03-09 23:34:57
u004978,visit,2026-04-08 20:26:18
u004979,visit,2026-02-28 07:10:23
u004980,visit,2026-05-15 19:40:34
u004980,signup,2026-05-16 11:50:36
u004980,activate,2026-05-16 17:51:36
u004981,visit,2025-12-29 05:06:21
u004982,visit,2026-01-24 12:48:04
u004983,visit,2026-04-23 14:26:21
u004983,signup,2026-04-25 11:14:11
u004983,activate,2026-04-30 18:25:54
u004983,purchase,2026-05-02 06:28:16
u004984,visit,2026-02-03 11:05:59
u004984,signup,2026-02-04 22:44:39
u004984,activate,2026-02-05 18:42:39
u004984,purchase,2026-02-10 11:06:54
u004985,visit,2026-02-27 10:56:15
u004986,visit,2026-02-17 18:26:00
u004986,signup,2026-02-17 19:24:10
u004986,activate,2026-02-19 11:32:28
u004987,visit,2026-01-26 22:28:11
u004988,visit,2026-01-06 07:18:32
u004989,visit,2026-02-18 16:13:53
u004990,visit,2026-04-26 03:03:32
u004991,visit,2025-12-11 20:19:05
u004992,visit,2026-04-19 01:42:48
u004993,visit,2025-12-05 06:58:06
u004993,signup,2025-12-06 23:32:15
u004993,activate,2025-12-09 22:31:58
u004994,visit,2025-12-21 11:53:31
u004995,visit,2026-04-10 05:04:38
u004996,visit,2026-01-12 13:47:50
u004997,visit,2026-02-09 05:08:08
u004998,visit,2026-04-06 16:31:23
u004998,signup,2026-04-08 03:02:51
u004998,activate,2026-04-10 14:04:44
u004999,visit,2026-03-23 15:10:08
u005000,visit,2026-04-01 07:48:52
u005001,visit,2026-02-16 09:20:49
u005002,visit,2025-12-03 18:32:16
u005003,visit,2025-12-18 14:09:26
u005003,signup,2025-12-19 19:54:40
u005004,visit,2026-05-08 06:56:46
u005004,signup,2026-05-08 20:00:39
u005005,visit,2025-12-11 08:43:56
u005005,signup,2025-12-11 18:58:47
u005005,activate,2025-12-12 06:15:27
u005006,visit,2026-03-21 20:13:05
u005007,visit,2026-03-12 06:11:00
u005008,visit,2026-02-26 11:55:25
u005008,signup,2026-02-26 21:44:17
u005009,visit,2026-05-27 14:07:53
u005009,signup,2026-05-27 22:52:57
u005009,activate,2026-05-28 19:12:37
u005010,visit,2026-01-04 12:05:18
u005010,signup,2026-01-06 08:46:31
u005010,activate,2026-01-08 19:34:27
u005011,visit,2026-05-25 08:17:38
u005011,signup,2026-05-26 08:00:28
u005012,visit,2026-02-06 08:16:58
u005012,signup,2026-02-07 13:01:10
u005012,activate,2026-02-12 00:42:51
u005012,purchase,2026-02-13 22:51:07
u005013,visit,2025-12-21 12:59:02
u005014,visit,2026-03-17 06:09:35
u005014,signup,2026-03-18 09:01:26
u005015,visit,2026-03-04 05:17:52
u005016,visit,2026-04-09 15:04:47
u005017,visit,2025-12-26 09:39:16
u005017,signup,2025-12-27 16:23:26
u005018,visit,2026-05-06 10:19:32
u005018,signup,2026-05-08 00:02:20
u005019,visit,2026-04-03 00:26:35
u005020,visit,2026-05-27 20:06:08
u005020,signup,2026-05-28 16:48:35
u005020,activate,2026-05-29 03:25:40
u005021,visit,2026-01-15 05:37:28
u005022,visit,2026-02-24 01:44:14
u005022,signup,2026-02-25 10:58:44
u005023,visit,2026-02-19 13:43:43
u005024,visit,2026-05-12 14:27:16
u005024,signup,2026-05-13 14:46:29
u005024,activate,2026-05-15 00:02:43
u005025,visit,2026-02-24 15:58:02
u005025,signup,2026-02-26 07:24:37
u005026,visit,2026-01-24 17:11:31
u005027,visit,2026-05-19 08:04:12
u005028,visit,2025-12-12 10:57:06
u005029,visit,2026-01-06 22:20:08
u005029,signup,2026-01-07 09:08:44
u005030,visit,2026-02-15 22:47:46
u005030,signup,2026-02-17 06:48:50
u005030,activate,2026-02-20 13:15:16
u005031,visit,2026-04-09 02:24:26
u005031,signup,2026-04-09 04:52:53
u005031,activate,2026-04-12 20:03:01
u005032,visit,2026-01-01 01:04:11
u005032,signup,2026-01-01 07:30:35
u005033,visit,2026-02-01 01:49:24
u005034,visit,2026-01-20 01:17:12
u005035,visit,2026-05-04 02:07:08
u005036,visit,2026-02-07 19:10:44
u005037,visit,2026-05-13 17:56:37
u005037,signup,2026-05-15 01:32:07
u005037,activate,2026-05-18 08:36:08
u005038,visit,2026-03-14 10:00:14
u005039,visit,2026-03-06 01:54:44
u005039,signup,2026-03-06 17:34:48
u005039,activate,2026-03-06 22:29:41
u005040,visit,2026-03-10 18:56:13
u005041,visit,2026-01-14 12:00:02
u005041,signup,2026-01-16 02:34:58
u005041,activate,2026-01-16 16:19:58
u005042,visit,2026-05-23 20:57:04
u005043,visit,2026-03-19 03:03:59
u005044,visit,2026-01-08 06:41:28
u005044,signup,2026-01-09 00:57:50
u005045,visit,2026-05-09 16:54:20
u005045,signup,2026-05-09 22:15:31
u005046,visit,2025-12-12 12:28:34
u005047,visit,2026-02-07 14:35:06
u005047,signup,2026-02-08 10:46:36
u005047,activate,2026-02-10 21:21:54
u005048,visit,2026-05-22 10:24:02
u005049,visit,2026-04-09 11:53:24
u005050,visit,2026-05-30 00:47:23
u005051,visit,2026-04-13 02:29:31
u005052,visit,2025-12-31 17:38:11
u005052,signup,2026-01-02 16:38:22
u005052,activate,2026-01-02 20:04:54
u005052,purchase,2026-01-13 01:41:37
u005053,visit,2026-01-18 06:22:42
u005054,visit,2026-04-10 23:16:20
u005055,visit,2026-04-07 14:11:49
u005055,signup,2026-04-08 02:27:59
u005055,activate,2026-04-08 15:21:56
u005056,visit,2025-12-24 09:12:50
u005056,signup,2025-12-24 09:51:42
u005056,activate,2025-12-30 14:36:34
u005056,purchase,2026-01-02 09:49:30
u005057,visit,2026-03-28 18:22:20
u005058,visit,2026-03-17 13:48:08
u005059,visit,2026-03-25 12:53:16
u005059,signup,2026-03-26 13:23:25
u005059,activate,2026-03-28 07:02:58
u005059,purchase,2026-03-29 10:37:56
u005060,visit,2026-04-13 09:40:11
u005061,visit,2025-12-17 23:46:11
u005062,visit,2026-05-04 18:03:00
u005063,visit,2026-04-17 03:05:25
u005064,visit,2026-03-22 14:34:54
u005064,signup,2026-03-23 06:19:41
u005064,activate,2026-03-27 17:22:11
u005065,visit,2026-04-23 18:06:10
u005065,signup,2026-04-23 22:35:18
u005066,visit,2026-01-06 23:28:11
u005066,signup,2026-01-08 11:45:45
u005066,activate,2026-01-08 16:07:17
u005067,visit,2026-05-17 03:52:40
u005067,signup,2026-05-19 01:46:08
u005067,activate,2026-05-21 21:38:27
u005068,visit,2026-05-12 02:05:01
u005069,visit,2026-01-16 02:35:06
u005070,visit,2026-01-05 10:19:51
u005070,signup,2026-01-07 08:47:07
u005070,activate,2026-01-07 15:35:30
u005070,purchase,2026-01-17 16:50:50
u005071,visit,2025-12-26 05:40:10
u005072,visit,2026-02-14 08:14:45
u005073,visit,2025-12-20 03:51:04
u005074,visit,2026-01-15 10:32:17
u005075,visit,2025-12-08 07:20:03
u005075,signup,2025-12-10 00:06:10
u005075,activate,2025-12-10 08:50:39
u005075,purchase,2025-12-11 21:01:46
u005076,visit,2026-01-07 08:53:34
u005077,visit,2025-12-03 02:31:46
u005078,visit,2026-03-08 15:10:43
u005079,visit,2026-02-12 08:31:18
u005079,signup,2026-02-14 01:35:06
u005080,visit,2026-05-07 08:30:51
u005081,visit,2025-12-17 17:26:49
u005082,visit,2026-05-10 21:16:07
u005083,visit,2026-01-28 07:50:42
u005084,visit,2026-05-08 21:04:25
u005085,visit,2026-01-11 08:51:54
u005086,visit,2026-04-19 11:39:46
u005087,visit,2025-12-05 05:41:52
u005088,visit,2026-03-23 04:37:17
u005088,signup,2026-03-24 12:04:58
u005089,visit,2026-01-04 00:56:17
u005089,signup,2026-01-04 23:07:41
u005089,activate,2026-01-05 01:49:28
u005090,visit,2025-12-28 20:49:57
u005090,signup,2025-12-30 16:34:10
u005091,visit,2026-01-28 09:26:45
u005091,signup,2026-01-29 15:56:40
u005091,activate,2026-01-30 01:50:18
u005092,visit,2026-05-13 18:23:26
u005092,signup,2026-05-15 18:11:46
u005092,activate,2026-05-17 06:16:01
u005093,visit,2026-04-25 11:37:53
u005094,visit,2026-05-18 04:38:06
u005094,signup,2026-05-18 09:10:47
u005095,visit,2026-04-26 23:58:03
u005095,signup,2026-04-27 16:41:00
u005095,activate,2026-04-27 19:25:38
u005095,purchase,2026-04-29 19:54:26
u005096,visit,2026-02-10 11:55:29
u005097,visit,2026-02-20 06:48:26
u005097,signup,2026-02-20 17:09:14
u005098,visit,2026-02-08 08:16:53
u005099,visit,2025-12-18 18:39:19
u005099,signup,2025-12-19 08:21:43
u005100,visit,2026-01-20 15:07:30
u005100,signup,2026-01-21 14:22:05
u005101,visit,2026-05-28 19:23:47
u005102,visit,2025-12-17 15:04:39
u005102,signup,2025-12-17 19:57:42
u005103,visit,2025-12-19 02:02:40
u005103,signup,2025-12-20 19:43:06
u005103,activate,2025-12-21 18:35:34
u005103,purchase,2026-01-05 22:45:08
u005104,visit,2026-01-08 20:09:51
u005104,signup,2026-01-10 04:53:20
u005104,activate,2026-01-10 21:39:59
u005105,visit,2026-03-06 17:58:51
u005105,signup,2026-03-07 15:42:16
u005105,activate,2026-03-07 18:38:29
u005105,purchase,2026-03-09 05:57:02
u005106,visit,2025-12-20 23:25:14
u005106,signup,2025-12-22 00:03:01
u005107,visit,2026-04-08 01:21:45
u005108,visit,2026-02-07 16:53:41
u005109,visit,2026-02-03 13:14:53
u005110,visit,2026-04-20 17:16:58
u005111,visit,2026-02-04 04:21:34
u005112,visit,2026-05-14 17:09:56
u005112,signup,2026-05-16 00:59:40
u005113,visit,2025-12-19 13:31:13
u005114,visit,2026-05-10 07:00:49
u005114,signup,2026-05-11 03:10:15
u005115,visit,2026-04-17 20:37:43
u005115,signup,2026-04-18 15:41:55
u005115,activate,2026-04-20 20:46:54
u005115,purchase,2026-04-27 07:35:38
u005116,visit,2026-02-12 07:33:06
u005116,signup,2026-02-13 18:41:20
u005116,activate,2026-02-15 05:40:52
u005116,purchase,2026-03-01 02:47:45
u005117,visit,2026-03-08 20:02:08
u005118,visit,2025-12-13 05:34:55
u005119,visit,2026-05-17 11:25:48
u005119,signup,2026-05-17 12:03:22
u005120,visit,2026-02-16 23:25:33
u005121,visit,2026-05-20 09:05:22
u005122,visit,2026-04-09 23:06:50
u005122,signup,2026-04-10 23:22:07
u005122,activate,2026-04-11 03:33:15
u005122,purchase,2026-04-11 12:00:59
u005123,visit,2025-12-08 04:35:45
u005124,visit,2026-01-29 14:24:12
u005125,visit,2026-03-08 17:40:32
u005125,signup,2026-03-09 23:58:08
u005126,visit,2026-04-05 15:59:24
u005126,signup,2026-04-07 05:12:34
u005126,activate,2026-04-10 05:09:13
u005127,visit,2026-02-08 14:08:46
u005127,signup,2026-02-09 13:56:50
u005127,activate,2026-02-10 04:06:13
u005127,purchase,2026-02-11 21:05:20
u005128,visit,2026-01-31 22:44:25
u005129,visit,2026-02-18 16:20:08
u005129,signup,2026-02-19 07:06:45
u005129,activate,2026-02-19 11:19:26
u005129,purchase,2026-02-23 12:50:41
u005130,visit,2025-12-03 08:25:56
u005130,signup,2025-12-04 11:35:51
u005130,activate,2025-12-05 22:08:46
u005131,visit,2026-05-11 15:32:17
u005131,signup,2026-05-13 02:20:44
u005132,visit,2026-04-17 15:29:37
u005133,visit,2026-05-19 17:15:57
u005134,visit,2026-05-12 22:33:20
u005135,visit,2026-04-03 21:03:03
u005136,visit,2026-02-13 22:53:49
u005136,signup,2026-02-15 09:11:27
u005136,activate,2026-02-15 23:43:20
u005137,visit,2026-02-23 11:41:00
u005138,visit,2026-03-19 12:43:39
u005138,signup,2026-03-19 16:43:37
u005138,activate,2026-03-19 19:26:06
u005139,visit,2026-02-22 05:57:50
u005139,signup,2026-02-23 13:26:28
u005139,activate,2026-02-24 16:15:42
u005140,visit,2026-02-15 04:51:59
u005141,visit,2025-12-06 17:16:37
u005142,visit,2026-01-21 01:13:25
u005143,visit,2026-02-02 17:22:34
u005144,visit,2026-01-17 17:37:58
u005144,signup,2026-01-18 15:30:04
u005144,activate,2026-01-19 19:38:16
u005145,visit,2026-02-05 12:38:40
u005146,visit,2026-04-30 09:42:19
u005146,signup,2026-05-01 15:37:06
u005146,activate,2026-05-01 16:17:42
u005146,purchase,2026-05-24 12:17:53
u005147,visit,2026-03-16 13:59:06
u005148,visit,2026-01-16 13:36:06
u005149,visit,2026-02-12 18:50:21
u005150,visit,2026-02-07 00:48:03
u005151,visit,2026-02-11 10:31:33
u005151,signup,2026-02-12 00:14:39
u005151,activate,2026-02-15 05:39:48
u005152,visit,2026-05-01 15:32:16
u005153,visit,2026-05-26 05:05:10
u005154,visit,2026-05-12 21:12:56
u005155,visit,2026-05-29 11:21:55
u005155,signup,2026-05-30 08:09:10
u005156,visit,2025-12-25 01:42:47
u005157,visit,2026-04-15 21:36:57
u005157,signup,2026-04-17 02:38:18
u005157,activate,2026-04-17 18:38:16
u005157,purchase,2026-04-28 09:30:41
u005158,visit,2026-04-26 00:04:40
u005159,visit,2026-02-22 17:03:28
u005159,signup,2026-02-22 22:16:18
u005159,activate,2026-02-23 09:16:37
u005160,visit,2026-04-25 17:22:43
u005160,signup,2026-04-27 04:28:31
u005160,activate,2026-05-02 09:37:26
u005160,purchase,2026-05-06 01:57:17
u005161,visit,2026-05-26 11:12:36
u005161,signup,2026-05-26 14:36:54
u005162,visit,2025-12-26 01:19:17
u005162,signup,2025-12-26 03:32:09
u005163,visit,2026-01-01 23:35:47
u005163,signup,2026-01-02 08:02:16
u005163,activate,2026-01-03 23:24:17
u005164,visit,2026-02-07 21:34:24
u005165,visit,2026-04-22 22:33:07
u005165,signup,2026-04-23 04:56:57
u005165,activate,2026-04-23 19:24:24
u005166,visit,2026-03-25 11:25:46
u005166,signup,2026-03-26 20:09:21
u005167,visit,2026-05-25 13:31:41
u005167,signup,2026-05-26 14:48:51
u005167,activate,2026-05-29 13:54:06
u005168,visit,2025-12-12 08:25:20
u005168,signup,2025-12-12 23:06:38
u005169,visit,2025-12-03 17:24:38
u005169,signup,2025-12-04 15:14:01
u005170,visit,2025-12-24 19:18:08
u005171,visit,2026-01-10 21:22:01
u005172,visit,2026-03-16 20:00:40
u005173,visit,2026-05-28 03:27:23
u005174,visit,2026-02-05 21:35:47
u005175,visit,2026-04-24 20:59:49
u005176,visit,2026-03-15 23:51:55
u005177,visit,2026-04-22 12:07:26
u005177,signup,2026-04-23 14:16:15
u005177,activate,2026-04-30 01:25:29
u005177,purchase,2026-04-30 04:34:05
u005178,visit,2026-01-05 21:27:03
u005179,visit,2026-01-10 13:30:18
u005179,signup,2026-01-11 22:36:57
u005179,activate,2026-01-17 21:25:59
u005180,visit,2026-03-20 07:57:45
u005180,signup,2026-03-21 01:33:22
u005180,activate,2026-03-21 09:30:25
u005180,purchase,2026-03-23 04:32:25
u005181,visit,2026-05-23 15:14:00
u005181,signup,2026-05-24 04:58:52
u005181,activate,2026-05-24 08:36:30
u005181,purchase,2026-05-26 01:25:32
u005182,visit,2026-02-07 15:03:52
u005183,visit,2025-12-07 11:08:23
u005183,signup,2025-12-08 01:06:26
u005183,activate,2025-12-09 08:35:43
u005184,visit,2026-05-29 11:23:30
u005184,signup,2026-05-31 09:23:44
u005185,visit,2025-12-27 08:26:04
u005186,visit,2026-04-30 18:23:38
u005186,signup,2026-05-02 16:01:02
u005187,visit,2025-12-19 17:01:58
u005188,visit,2026-01-13 23:25:11
u005188,signup,2026-01-15 22:24:30
u005188,activate,2026-01-20 02:16:53
u005189,visit,2026-04-09 13:46:31
u005190,visit,2026-01-13 09:18:23
u005191,visit,2026-04-03 21:58:58
u005192,visit,2026-03-05 00:56:26
u005192,signup,2026-03-06 23:11:25
u005192,activate,2026-03-07 02:00:41
u005193,visit,2025-12-21 18:20:27
u005194,visit,2026-05-23 02:50:54
u005195,visit,2026-01-10 21:59:21
u005196,visit,2026-03-26 00:58:17
u005196,signup,2026-03-27 21:06:38
u005196,activate,2026-03-29 02:02:35
u005197,visit,2026-02-27 20:38:34
u005198,visit,2026-05-08 19:40:16
u005198,signup,2026-05-08 22:46:24
u005198,activate,2026-05-17 07:29:23
u005199,visit,2025-12-30 15:21:56
u005200,visit,2026-01-03 03:20:17
u005200,signup,2026-01-03 19:41:27
u005200,activate,2026-01-07 05:05:27
u005201,visit,2025-12-26 19:27:58
u005202,visit,2026-05-17 03:10:31
u005202,signup,2026-05-17 11:11:26
u005202,activate,2026-05-18 04:30:30
u005202,purchase,2026-05-22 03:17:15
u005203,visit,2026-05-26 02:10:05
u005204,visit,2026-03-27 04:46:22
u005204,signup,2026-03-28 09:08:46
u005205,visit,2025-12-10 15:23:10
u005205,signup,2025-12-12 14:43:03
u005205,activate,2025-12-14 01:55:59
u005206,visit,2026-03-20 16:41:15
u005206,signup,2026-03-21 14:47:32
u005206,activate,2026-03-22 20:48:24
u005206,purchase,2026-04-11 09:49:25
u005207,visit,2026-03-03 19:13:41
u005208,visit,2026-03-08 04:56:04
u005209,visit,2026-05-11 19:00:59
u005210,visit,2026-02-26 10:59:18
u005211,visit,2026-02-26 13:45:41
u005212,visit,2026-04-23 15:15:19
u005213,visit,2026-02-03 12:05:29
u005214,visit,2025-12-18 18:25:07
u005215,visit,2026-02-25 18:25:11
u005216,visit,2026-03-23 23:45:31
u005217,visit,2026-02-19 04:30:05
u005218,visit,2025-12-04 23:54:28
u005218,signup,2025-12-06 14:49:12
u005218,activate,2025-12-09 03:35:47
u005219,visit,2026-05-19 04:24:02
u005220,visit,2026-03-20 21:49:29
u005221,visit,2026-04-14 03:57:49
u005222,visit,2026-01-20 01:44:19
u005223,visit,2025-12-29 11:48:04
u005224,visit,2026-05-14 02:54:05
u005225,visit,2026-04-22 08:42:44
u005226,visit,2025-12-05 08:17:15
u005227,visit,2026-05-12 18:46:34
u005227,signup,2026-05-12 21:52:36
u005227,activate,2026-05-14 02:41:38
u005228,visit,2026-02-27 14:53:22
u005229,visit,2026-04-08 00:19:11
u005230,visit,2025-12-05 01:38:25
u005231,visit,2026-01-31 07:07:38
u005231,signup,2026-02-02 04:45:36
u005231,activate,2026-02-04 22:48:48
u005232,visit,2025-12-10 07:17:37
u005233,visit,2026-01-31 12:09:17
u005233,signup,2026-02-02 03:17:26
u005233,activate,2026-02-06 17:06:42
u005233,purchase,2026-02-20 04:12:27
u005234,visit,2025-12-10 01:03:34
u005235,visit,2025-12-06 01:30:21
u005235,signup,2025-12-07 10:49:25
u005235,activate,2025-12-08 12:22:41
u005235,purchase,2025-12-22 00:06:10
u005236,visit,2025-12-25 09:59:51
u005236,signup,2025-12-26 00:25:29
u005236,activate,2025-12-27 20:34:40
u005236,purchase,2026-01-02 07:50:22
u005237,visit,2026-03-05 06:15:30
u005237,signup,2026-03-06 14:09:23
u005237,activate,2026-03-07 05:45:11
u005237,purchase,2026-03-08 10:09:05
u005238,visit,2026-01-27 09:20:20
u005239,visit,2026-02-09 06:31:00
u005240,visit,2026-05-14 15:19:46
u005241,visit,2026-04-24 04:43:00
u005241,signup,2026-04-24 21:05:51
u005242,visit,2026-02-16 23:04:52
u005243,visit,2025-12-11 15:12:37
u005244,visit,2026-05-29 16:28:28
u005245,visit,2025-12-31 05:14:50
u005245,signup,2025-12-31 22:30:21
u005246,visit,2026-01-01 03:55:27
u005246,signup,2026-01-02 22:23:15
u005246,activate,2026-01-03 07:33:23
u005247,visit,2026-01-30 16:55:23
u005248,visit,2026-04-11 07:28:35
u005249,visit,2026-04-02 15:05:27
u005249,signup,2026-04-04 02:58:25
u005250,visit,2026-03-10 08:03:12
u005250,signup,2026-03-11 01:15:12
u005251,visit,2026-03-23 19:59:33
u005252,visit,2025-12-05 20:11:28
u005252,signup,2025-12-07 00:58:49
u005252,activate,2025-12-14 03:42:34
u005252,purchase,2025-12-22 00:04:51
u005253,visit,2026-01-28 19:05:03
u005254,visit,2026-02-12 16:33:59
u005254,signup,2026-02-13 10:51:04
u005255,visit,2026-05-11 06:09:42
u005255,signup,2026-05-11 09:00:24
u005255,activate,2026-05-19 12:14:22
u005256,visit,2026-05-21 14:00:52
u005257,visit,2026-05-23 01:29:59
u005257,signup,2026-05-23 14:27:22
u005257,activate,2026-05-26 01:36:17
u005258,visit,2026-01-07 09:53:06
u005259,visit,2026-03-04 03:26:16
u005260,visit,2026-05-16 00:20:42
u005260,signup,2026-05-17 09:29:12
u005260,activate,2026-05-17 10:00:59
u005261,visit,2025-12-30 21:46:18
u005262,visit,2026-05-30 22:12:16
u005263,visit,2026-04-19 02:51:42
u005264,visit,2026-04-16 01:20:44
u005264,signup,2026-04-17 05:46:57
u005265,visit,2025-12-12 17:31:03
u005266,visit,2026-01-31 06:37:37
u005267,visit,2025-12-15 07:30:11
u005268,visit,2026-03-23 05:48:52
u005269,visit,2026-05-11 04:56:21
u005269,signup,2026-05-11 11:30:11
u005269,activate,2026-05-11 20:08:21
u005270,visit,2026-02-24 17:45:45
u005271,visit,2025-12-17 16:38:59
u005271,signup,2025-12-19 08:55:26
u005272,visit,2026-03-09 11:42:05
u005273,visit,2026-03-02 05:27:20
u005273,signup,2026-03-03 23:53:26
u005273,activate,2026-03-04 06:47:06
u005273,purchase,2026-03-14 06:28:50
u005274,visit,2026-01-01 18:48:27
u005275,visit,2025-12-22 16:04:47
u005276,visit,2026-01-02 00:59:47
u005276,signup,2026-01-02 05:20:28
u005277,visit,2026-03-16 21:28:19
u005278,visit,2026-03-06 20:13:08
u005278,signup,2026-03-07 01:48:32
u005278,activate,2026-03-07 17:32:59
u005279,visit,2026-02-02 22:55:08
u005279,signup,2026-02-04 04:07:33
u005279,activate,2026-02-04 16:12:43
u005279,purchase,2026-02-05 06:26:30
u005280,visit,2025-12-04 00:17:00
u005281,visit,2026-02-19 20:51:32
u005282,visit,2025-12-05 11:19:12
u005282,signup,2025-12-06 10:39:00
u005282,activate,2025-12-08 20:09:43
u005282,purchase,2025-12-26 04:39:12
u005283,visit,2026-04-18 10:04:30
u005283,signup,2026-04-18 13:08:11
u005283,activate,2026-04-18 17:36:24
u005284,visit,2026-02-24 20:04:06
u005284,signup,2026-02-26 00:48:17
u005284,activate,2026-02-27 10:11:28
u005285,visit,2025-12-27 19:27:10
u005286,visit,2026-02-23 04:02:24
u005287,visit,2026-02-26 13:39:17
u005287,signup,2026-02-27 18:25:36
u005287,activate,2026-03-06 12:34:16
u005288,visit,2026-03-29 11:06:40
u005289,visit,2026-04-12 15:55:31
u005289,signup,2026-04-13 13:35:48
u005289,activate,2026-04-14 02:33:58
u005290,visit,2026-02-14 11:58:26
u005291,visit,2026-01-21 12:28:02
u005292,visit,2026-01-30 19:55:16
u005292,signup,2026-02-01 03:54:52
u005293,visit,2026-04-14 07:08:26
u005294,visit,2025-12-20 10:27:48
u005295,visit,2026-04-24 09:48:36
u005296,visit,2026-03-27 00:33:58
u005297,visit,2026-04-20 04:58:15
u005298,visit,2026-01-01 11:30:30
u005298,signup,2026-01-03 04:25:20
u005298,activate,2026-01-03 17:40:24
u005299,visit,2026-05-29 04:33:20
u005299,signup,2026-05-29 16:23:24
u005299,activate,2026-05-30 17:43:50
u005300,visit,2026-05-06 16:57:42
u005301,visit,2026-03-06 15:03:59
u005302,visit,2026-05-27 21:41:57
u005302,signup,2026-05-28 02:03:19
u005302,activate,2026-05-29 05:57:58
u005303,visit,2026-01-18 14:02:19
u005303,signup,2026-01-20 12:09:04
u005304,visit,2025-12-04 05:50:03
u005305,visit,2026-04-08 19:45:27
u005306,visit,2026-04-10 01:44:31
u005307,visit,2026-05-08 11:43:22
u005307,signup,2026-05-08 11:52:19
u005308,visit,2026-04-23 06:40:50
u005308,signup,2026-04-23 21:23:56
u005309,visit,2026-01-10 00:41:18
u005309,signup,2026-01-11 23:35:47
u005309,activate,2026-01-13 22:50:11
u005310,visit,2026-01-15 03:10:53
u005310,signup,2026-01-16 11:04:12
u005311,visit,2026-05-15 18:50:36
u005311,signup,2026-05-17 16:08:44
u005311,activate,2026-05-17 18:28:47
u005312,visit,2026-03-25 07:51:18
u005312,signup,2026-03-27 03:31:03
u005312,activate,2026-03-28 21:47:20
u005313,visit,2026-03-05 21:06:50
u005314,visit,2026-05-01 20:00:10
u005314,signup,2026-05-03 08:04:28
u005314,activate,2026-05-04 23:00:43
u005314,purchase,2026-05-05 09:59:25
u005315,visit,2026-04-04 05:32:00
u005316,visit,2026-05-19 18:08:57
u005316,signup,2026-05-21 11:11:01
u005317,visit,2026-01-01 21:25:48
u005317,signup,2026-01-02 02:56:53
u005317,activate,2026-01-03 11:47:33
u005318,visit,2026-01-24 01:08:27
u005318,signup,2026-01-24 18:28:01
u005318,activate,2026-01-27 13:17:52
u005319,visit,2025-12-20 10:41:58
u005320,visit,2026-04-16 12:57:11
u005321,visit,2026-05-20 00:46:21
u005321,signup,2026-05-20 09:04:44
u005322,visit,2026-04-14 20:22:51
u005323,visit,2025-12-05 05:00:39
u005323,signup,2025-12-07 03:33:07
u005323,activate,2025-12-08 13:04:21
u005324,visit,2025-12-10 00:16:25
u005324,signup,2025-12-11 11:48:54
u005324,activate,2025-12-13 02:15:11
u005324,purchase,2025-12-31 22:26:34
u005325,visit,2026-01-22 05:28:37
u005325,signup,2026-01-23 07:18:03
u005325,activate,2026-01-23 13:13:10
u005326,visit,2026-04-01 03:19:21
u005327,visit,2026-03-16 15:26:37
u005328,visit,2025-12-12 13:16:16
u005328,signup,2025-12-13 15:23:21
u005328,activate,2025-12-14 14:29:16
u005328,purchase,2025-12-17 21:25:05
u005329,visit,2026-04-25 22:11:47
u005330,visit,2026-02-17 03:46:41
u005330,signup,2026-02-18 22:25:09
u005331,visit,2026-01-27 06:41:18
u005331,signup,2026-01-28 07:11:59
u005332,visit,2025-12-08 23:29:43
u005332,signup,2025-12-09 16:21:34
u005332,activate,2025-12-10 07:00:00
u005333,visit,2026-01-24 21:43:04
u005333,signup,2026-01-25 22:28:48
u005334,visit,2026-01-02 18:12:09
u005334,signup,2026-01-04 14:30:38
u005334,activate,2026-01-09 00:07:04
u005335,visit,2025-12-22 10:43:26
u005336,visit,2026-04-19 11:49:48
u005336,signup,2026-04-21 03:26:22
u005337,visit,2025-12-26 10:09:11
u005338,visit,2026-03-27 17:15:57
u005338,signup,2026-03-28 09:54:35
u005338,activate,2026-04-02 06:47:59
u005339,visit,2026-01-09 19:57:26
u005340,visit,2026-03-20 01:24:06
u005341,visit,2026-03-23 22:52:11
u005342,visit,2026-03-19 13:14:12
u005343,visit,2025-12-17 21:43:34
u005344,visit,2026-05-28 08:00:45
u005345,visit,2025-12-03 19:23:40
u005345,signup,2025-12-04 17:10:51
u005346,visit,2026-03-25 10:03:20
u005347,visit,2026-03-01 04:49:57
u005348,visit,2025-12-18 01:01:53
u005348,signup,2025-12-18 04:35:45
u005348,activate,2025-12-26 07:45:55
u005349,visit,2026-04-11 10:24:54
u005350,visit,2026-04-06 12:01:01
u005351,visit,2026-05-06 07:35:09
u005351,signup,2026-05-06 20:28:19
u005351,activate,2026-05-09 11:18:30
u005351,purchase,2026-05-29 14:18:43
u005352,visit,2026-02-18 22:51:19
u005353,visit,2026-05-02 20:11:25
u005353,signup,2026-05-03 05:57:23
u005353,activate,2026-05-04 14:03:32
u005354,visit,2026-03-29 22:15:59
u005354,signup,2026-03-31 16:44:41
u005355,visit,2026-05-19 07:25:29
u005356,visit,2026-05-10 18:06:46
u005357,visit,2026-03-08 19:28:25
u005358,visit,2026-01-18 21:43:33
u005359,visit,2026-01-11 09:36:10
u005360,visit,2026-04-09 17:24:06
u005360,signup,2026-04-09 22:03:41
u005360,activate,2026-04-13 02:32:09
u005361,visit,2026-03-15 07:08:39
u005362,visit,2026-01-16 14:47:20
u005362,signup,2026-01-18 10:09:13
u005363,visit,2026-01-28 02:47:21
u005363,signup,2026-01-28 05:38:00
u005364,visit,2026-05-28 19:24:33
u005365,visit,2026-01-02 06:16:24
u005365,signup,2026-01-03 03:23:39
u005365,activate,2026-01-05 05:01:47
u005365,purchase,2026-01-06 18:01:22
u005366,visit,2026-04-14 03:38:57
u005367,visit,2026-05-20 03:20:11
u005368,visit,2026-05-29 19:22:26
u005369,visit,2026-02-11 20:47:37
u005369,signup,2026-02-13 04:01:14
u005370,visit,2026-02-13 12:53:33
u005370,signup,2026-02-14 19:28:01
u005371,visit,2025-12-19 16:38:57
u005371,signup,2025-12-21 06:23:58
u005371,activate,2025-12-21 18:20:11
u005372,visit,2025-12-03 09:36:26
u005372,signup,2025-12-04 08:51:47
u005372,activate,2025-12-04 15:34:33
u005372,purchase,2025-12-10 07:57:23
u005373,visit,2026-03-01 19:02:47
u005374,visit,2025-12-12 03:30:18
u005374,signup,2025-12-12 16:00:32
u005374,activate,2025-12-16 18:27:37
u005374,purchase,2025-12-21 07:47:29
u005375,visit,2026-01-05 13:03:57
u005375,signup,2026-01-05 15:21:22
u005376,visit,2026-02-12 09:59:15
u005376,signup,2026-02-13 06:12:44
u005377,visit,2026-02-25 22:47:50
u005377,signup,2026-02-26 09:16:11
u005377,activate,2026-02-28 10:43:51
u005378,visit,2026-05-17 15:18:36
u005379,visit,2026-02-28 12:54:25
u005379,signup,2026-03-01 14:27:18
u005379,activate,2026-03-03 12:57:18
u005379,purchase,2026-03-03 20:59:12
u005380,visit,2026-03-04 17:03:14
u005380,signup,2026-03-05 07:28:55
u005380,activate,2026-03-05 19:27:38
u005381,visit,2026-02-27 04:30:10
u005382,visit,2026-01-22 06:57:24
u005382,signup,2026-01-24 00:23:31
u005382,activate,2026-01-25 16:55:49
u005383,visit,2026-03-10 18:13:47
u005384,visit,2026-01-26 21:25:48
u005385,visit,2026-04-22 18:07:30
u005386,visit,2026-04-27 09:11:22
u005387,visit,2025-12-07 08:30:24
u005388,visit,2026-01-03 19:56:46
u005389,visit,2026-04-10 07:08:14
u005389,signup,2026-04-10 11:13:12
u005390,visit,2025-12-18 16:41:20
u005391,visit,2025-12-03 19:08:39
u005392,visit,2026-05-09 19:36:54
u005392,signup,2026-05-11 11:19:56
u005392,activate,2026-05-11 19:35:55
u005392,purchase,2026-05-23 18:30:51
u005393,visit,2026-01-02 07:59:39
u005393,signup,2026-01-02 09:54:29
u005393,activate,2026-01-03 13:12:38
u005393,purchase,2026-01-17 12:58:16
u005394,visit,2026-01-12 00:06:03
u005395,visit,2026-01-30 10:17:20
u005396,visit,2026-02-10 07:41:52
u005397,visit,2026-04-19 12:17:17
u005397,signup,2026-04-19 14:06:54
u005397,activate,2026-04-21 15:02:17
u005398,visit,2026-01-11 06:42:39
u005399,visit,2026-05-14 11:57:25
u005400,visit,2026-02-01 06:25:39
u005400,signup,2026-02-02 16:00:11
u005400,activate,2026-02-05 11:47:08
u005401,visit,2026-02-14 04:18:07
u005402,visit,2026-04-30 13:14:22
u005402,signup,2026-05-01 21:10:39
u005402,activate,2026-05-03 05:30:22
u005403,visit,2026-05-13 17:39:44
u005403,signup,2026-05-14 18:37:38
u005403,activate,2026-05-15 02:41:11
u005403,purchase,2026-05-30 00:18:17
u005404,visit,2026-04-30 08:06:25
u005405,visit,2026-03-27 02:42:48
u005405,signup,2026-03-28 01:02:58
u005406,visit,2026-04-21 13:59:32
u005406,signup,2026-04-22 23:04:46
u005407,visit,2025-12-31 21:32:23
u005408,visit,2026-01-11 08:59:47
u005409,visit,2026-02-14 04:04:06
u005409,signup,2026-02-15 05:16:28
u005409,activate,2026-02-16 06:46:04
u005409,purchase,2026-02-21 13:41:18
u005410,visit,2026-03-29 15:26:13
u005411,visit,2026-02-02 22:44:56
u005411,signup,2026-02-03 01:43:15
u005412,visit,2026-01-27 13:27:43
u005413,visit,2025-12-02 22:42:39
u005414,visit,2026-03-23 09:34:39
u005415,visit,2026-02-24 03:06:29
u005416,visit,2026-05-21 07:25:03
u005416,signup,2026-05-21 14:24:33
u005416,activate,2026-05-27 06:37:19
u005417,visit,2026-02-21 08:54:18
u005418,visit,2026-03-29 05:10:40
u005419,visit,2026-01-02 08:51:39
u005419,signup,2026-01-03 11:17:27
u005420,visit,2026-03-02 08:43:34
u005420,signup,2026-03-03 21:21:20
u005420,activate,2026-03-06 19:19:39
u005421,visit,2026-01-16 06:22:49
u005422,visit,2026-01-24 14:58:14
u005422,signup,2026-01-26 04:42:39
u005422,activate,2026-01-30 18:12:34
u005423,visit,2026-01-12 02:37:57
u005424,visit,2026-04-09 07:38:31
u005424,signup,2026-04-09 23:42:40
u005425,visit,2026-03-06 17:55:29
u005426,visit,2026-02-15 21:18:59
u005427,visit,2026-01-14 17:07:54
u005428,visit,2026-01-16 07:53:58
u005429,visit,2025-12-07 05:03:40
u005430,visit,2025-12-29 05:37:03
u005430,signup,2025-12-30 00:28:10
u005430,activate,2025-12-31 15:29:37
u005431,visit,2026-03-31 08:45:16
u005432,visit,2026-01-12 05:04:59
u005433,visit,2026-04-04 17:27:18
u005433,signup,2026-04-06 14:44:58
u005433,activate,2026-04-06 17:08:29
u005434,visit,2025-12-27 11:54:00
u005435,visit,2026-03-18 15:45:03
u005436,visit,2026-02-16 03:51:49
u005437,visit,2026-04-08 01:40:07
u005437,signup,2026-04-09 04:04:33
u005438,visit,2026-02-14 00:00:50
u005438,signup,2026-02-15 14:56:38
u005438,activate,2026-02-18 01:32:47
u005439,visit,2025-12-07 14:12:50
u005440,visit,2026-05-11 12:11:39
u005441,visit,2026-05-16 02:31:32
u005442,visit,2026-03-03 01:21:31
u005442,signup,2026-03-04 01:15:48
u005443,visit,2026-01-02 22:04:35
u005443,signup,2026-01-03 16:11:22
u005444,visit,2026-02-14 21:57:18
u005445,visit,2026-04-27 01:47:46
u005446,visit,2025-12-19 14:18:47
u005447,visit,2026-05-07 14:29:39
u005448,visit,2025-12-28 04:47:58
u005449,visit,2026-02-01 02:48:50
u005450,visit,2026-05-08 12:08:39
u005450,signup,2026-05-10 06:50:26
u005451,visit,2026-03-01 12:25:48
u005451,signup,2026-03-02 10:11:44
u005452,visit,2026-02-24 19:50:19
u005452,signup,2026-02-24 22:17:14
u005453,visit,2026-01-15 04:04:57
u005454,visit,2026-03-24 20:35:27
u005454,signup,2026-03-25 17:07:14
u005454,activate,2026-03-26 13:51:34
u005455,visit,2026-05-12 15:00:02
u005455,signup,2026-05-13 23:11:33
u005455,activate,2026-05-15 22:52:01
u005455,purchase,2026-05-20 10:03:20
u005456,visit,2026-01-27 15:15:05
u005456,signup,2026-01-28 04:01:10
u005456,activate,2026-02-03 22:40:02
u005456,purchase,2026-02-18 00:29:16
u005457,visit,2026-02-02 03:24:33
u005458,visit,2026-01-26 05:56:22
u005459,visit,2026-05-26 02:50:04
u005459,signup,2026-05-26 16:13:44
u005459,activate,2026-05-27 09:40:29
u005460,visit,2026-05-21 14:40:52
u005461,visit,2026-05-28 07:21:19
u005462,visit,2025-12-11 08:59:10
u005462,signup,2025-12-13 02:59:09
u005462,activate,2025-12-15 17:07:31
u005463,visit,2026-02-01 15:03:40
u005464,visit,2026-03-26 02:44:44
u005464,signup,2026-03-27 03:39:58
u005464,activate,2026-03-27 12:59:00
u005465,visit,2025-12-07 19:02:29
u005465,signup,2025-12-09 05:05:07
u005465,activate,2025-12-11 08:11:17
u005466,visit,2025-12-18 09:35:56
u005467,visit,2026-03-31 14:35:31
u005468,visit,2026-02-08 15:12:29
u005468,signup,2026-02-10 12:12:39
u005469,visit,2025-12-10 13:02:16
u005470,visit,2026-02-05 22:46:46
u005470,signup,2026-02-07 14:42:22
u005471,visit,2026-03-23 18:47:54
u005472,visit,2025-12-18 16:19:16
u005472,signup,2025-12-20 03:02:36
u005473,visit,2026-03-30 11:42:38
u005474,visit,2026-02-27 22:03:54
u005474,signup,2026-03-01 08:50:20
u005475,visit,2026-04-29 07:59:57
u005476,visit,2026-01-06 03:21:28
u005477,visit,2025-12-21 22:02:03
u005477,signup,2025-12-22 00:32:04
u005478,visit,2026-04-12 15:16:41
u005478,signup,2026-04-12 23:39:10
u005478,activate,2026-04-13 13:48:04
u005478,purchase,2026-04-17 00:43:45
u005479,visit,2026-04-24 03:59:31
u005480,visit,2026-04-05 14:32:33
u005481,visit,2026-04-12 14:55:37
u005481,signup,2026-04-14 03:48:15
u005482,visit,2026-01-29 22:08:55
u005483,visit,2026-04-21 12:21:01
u005484,visit,2026-04-18 15:13:42
u005485,visit,2026-04-15 10:32:31
u005485,signup,2026-04-16 17:08:53
u005485,activate,2026-04-17 21:34:40
u005485,purchase,2026-04-23 06:25:10
u005486,visit,2026-01-15 03:27:42
u005487,visit,2026-02-22 00:40:08
u005487,signup,2026-02-22 06:14:14
u005487,activate,2026-03-05 20:02:38
u005488,visit,2026-02-23 19:26:03
u005488,signup,2026-02-25 05:53:16
u005489,visit,2026-05-30 03:39:27
u005490,visit,2026-01-29 10:04:43
u005491,visit,2025-12-09 08:11:20
u005491,signup,2025-12-10 02:26:33
u005492,visit,2026-02-15 14:09:04
u005492,signup,2026-02-16 22:12:51
u005492,activate,2026-02-18 08:30:09
u005493,visit,2026-03-10 05:50:03
u005494,visit,2026-04-03 05:21:23
u005495,visit,2026-01-31 03:20:27
u005496,visit,2026-05-09 15:48:36
u005496,signup,2026-05-11 10:46:17
u005496,activate,2026-05-13 11:04:41
u005497,visit,2026-01-09 15:04:55
u005498,visit,2026-05-12 01:51:53
u005499,visit,2026-03-17 13:27:19
u005499,signup,2026-03-18 01:44:48
u005499,activate,2026-03-18 07:43:41
u005499,purchase,2026-03-20 00:02:50
u005500,visit,2026-01-07 18:49:44
u005501,visit,2026-04-18 01:03:16
u005502,visit,2026-02-17 09:13:08
u005502,signup,2026-02-18 22:30:41
u005503,visit,2026-02-14 06:38:03
u005503,signup,2026-02-15 05:17:52
u005504,visit,2026-02-25 10:35:57
u005505,visit,2025-12-07 14:38:21
u005506,visit,2026-02-01 02:26:04
u005506,signup,2026-02-02 12:30:28
u005506,activate,2026-02-08 05:55:54
u005506,purchase,2026-02-15 04:00:03
u005507,visit,2026-02-21 17:49:07
u005508,visit,2026-03-17 15:25:41
u005509,visit,2026-01-20 18:07:30
u005510,visit,2026-01-15 22:24:01
u005510,signup,2026-01-16 06:11:55
u005510,activate,2026-01-18 05:41:57
u005510,purchase,2026-01-21 18:22:32
u005511,visit,2025-12-27 12:15:12
u005512,visit,2026-05-01 17:48:44
u005512,signup,2026-05-02 02:04:31
u005513,visit,2026-03-19 01:03:56
u005513,signup,2026-03-20 22:50:44
u005513,activate,2026-03-21 20:24:47
u005514,visit,2026-02-12 21:06:59
u005515,visit,2026-03-24 05:01:17
u005515,signup,2026-03-25 02:59:59
u005516,visit,2026-04-29 01:41:36
u005517,visit,2026-02-06 21:04:16
u005518,visit,2026-05-03 20:20:22
u005519,visit,2025-12-23 13:54:39
u005520,visit,2025-12-17 14:43:47
u005520,signup,2025-12-18 15:30:35
u005521,visit,2026-01-30 17:58:20
u005522,visit,2026-03-01 08:46:43
u005523,visit,2026-01-30 22:03:11
u005524,visit,2026-03-25 07:30:40
u005525,visit,2026-02-26 05:25:10
u005525,signup,2026-02-27 13:09:56
u005526,visit,2026-03-10 15:50:08
u005526,signup,2026-03-12 14:00:15
u005526,activate,2026-03-13 04:21:55
u005526,purchase,2026-05-06 00:35:59
u005527,visit,2025-12-30 11:48:28
u005528,visit,2026-03-23 22:03:56
u005529,visit,2026-04-25 08:01:10
u005530,visit,2026-04-04 19:40:42
u005531,visit,2026-02-27 02:57:26
u005532,visit,2026-03-20 17:42:19
u005533,visit,2026-05-12 18:01:17
u005533,signup,2026-05-13 02:25:11
u005533,activate,2026-05-15 23:28:25
u005534,visit,2026-01-18 02:28:54
u005535,visit,2026-02-24 11:23:24
u005536,visit,2026-03-14 06:47:18
u005537,visit,2026-03-24 21:25:29
u005538,visit,2026-05-16 07:38:29
u005538,signup,2026-05-16 12:56:07
u005539,visit,2025-12-23 04:35:38
u005539,signup,2025-12-24 18:57:48
u005539,activate,2025-12-25 20:26:22
u005540,visit,2026-01-31 17:35:42
u005540,signup,2026-02-02 13:36:41
u005540,activate,2026-02-03 11:14:20
u005541,visit,2026-05-21 15:43:03
u005541,signup,2026-05-22 22:10:45
u005542,visit,2025-12-12 18:16:39
u005542,signup,2025-12-13 23:20:16
u005543,visit,2026-04-08 07:27:39
u005544,visit,2026-01-21 13:26:07
u005544,signup,2026-01-22 01:41:59
u005545,visit,2026-04-03 22:15:07
u005546,visit,2026-01-27 05:42:00
u005547,visit,2025-12-04 13:42:51
u005547,signup,2025-12-05 03:35:29
u005547,activate,2025-12-05 05:26:51
u005547,purchase,2026-01-02 22:03:51
u005548,visit,2026-03-30 23:59:04
u005548,signup,2026-04-01 09:41:34
u005548,activate,2026-04-03 16:20:40
u005548,purchase,2026-04-17 21:28:12
u005549,visit,2026-03-24 09:09:38
u005550,visit,2026-01-04 14:29:31
u005551,visit,2026-01-27 06:23:47
u005552,visit,2026-02-25 09:39:35
u005552,signup,2026-02-26 02:30:54
u005552,activate,2026-02-27 06:04:15
u005552,purchase,2026-03-09 07:11:28
u005553,visit,2025-12-13 20:48:26
u005554,visit,2026-04-25 18:17:16
u005555,visit,2026-05-24 05:11:09
u005556,visit,2026-05-26 06:43:35
u005557,visit,2026-01-27 17:58:51
u005557,signup,2026-01-28 18:33:35
u005557,activate,2026-02-01 19:37:04
u005558,visit,2026-04-17 19:34:35
u005559,visit,2026-04-20 02:36:31
u005560,visit,2026-01-05 03:54:05
u005561,visit,2026-03-02 22:26:37
u005561,signup,2026-03-04 06:28:13
u005561,activate,2026-03-14 07:21:27
u005562,visit,2026-04-28 04:29:30
u005563,visit,2026-01-13 05:58:09
u005564,visit,2026-05-04 13:02:15
u005564,signup,2026-05-06 10:45:02
u005565,visit,2025-12-13 17:04:39
u005565,signup,2025-12-14 16:15:33
u005566,visit,2026-01-18 19:06:43
u005567,visit,2026-02-20 22:22:46
u005568,visit,2026-04-27 13:39:40
u005569,visit,2026-02-28 08:53:45
u005570,visit,2026-03-04 06:29:19
u005570,signup,2026-03-06 02:41:53
u005570,activate,2026-03-06 05:34:15
u005571,visit,2026-04-02 22:19:29
u005572,visit,2026-03-04 18:25:45
u005573,visit,2026-02-15 00:24:47
u005573,signup,2026-02-16 13:02:31
u005574,visit,2026-04-29 14:44:29
u005575,visit,2026-02-17 12:49:58
u005576,visit,2026-02-12 09:26:05
u005577,visit,2026-03-12 20:09:59
u005577,signup,2026-03-13 10:13:23
u005577,activate,2026-03-13 15:48:08
u005577,purchase,2026-03-18 03:03:28
u005578,visit,2026-01-26 17:40:10
u005579,visit,2026-01-30 18:02:05
u005579,signup,2026-01-31 17:51:13
u005579,activate,2026-02-02 09:59:23
u005580,visit,2025-12-23 01:02:00
u005581,visit,2026-04-21 03:28:49
u005582,visit,2026-01-26 06:01:43
u005582,signup,2026-01-27 11:16:30
u005582,activate,2026-01-27 21:08:05
u005583,visit,2026-03-30 09:15:38
u005584,visit,2025-12-22 12:23:21
u005584,signup,2025-12-24 05:11:46
u005584,activate,2025-12-25 14:33:36
u005585,visit,2025-12-14 12:08:14
u005586,visit,2026-04-26 00:40:26
u005587,visit,2026-01-29 11:09:50
u005587,signup,2026-01-29 12:32:37
u005587,activate,2026-01-30 21:00:09
u005587,purchase,2026-02-13 19:51:02
u005588,visit,2026-04-16 06:58:17
u005589,visit,2025-12-07 16:20:09
u005590,visit,2026-05-05 22:41:52
u005590,signup,2026-05-06 15:46:59
u005590,activate,2026-05-12 04:19:06
u005590,purchase,2026-05-23 00:18:16
u005591,visit,2025-12-03 00:03:09
u005591,signup,2025-12-04 08:02:37
u005592,visit,2026-04-12 19:55:23
u005592,signup,2026-04-14 05:50:25
u005592,activate,2026-04-15 11:22:16
u005592,purchase,2026-04-19 17:46:49
u005593,visit,2026-05-09 14:10:31
u005594,visit,2026-04-03 09:32:11
u005595,visit,2026-01-30 05:12:09
u005596,visit,2026-01-16 19:32:50
u005596,signup,2026-01-17 19:06:35
u005597,visit,2025-12-14 12:36:18
u005598,visit,2026-05-27 13:15:39
u005598,signup,2026-05-28 22:41:06
u005598,activate,2026-05-29 18:27:51
u005598,purchase,2026-05-30 07:58:49
u005599,visit,2026-01-30 06:51:56
u005599,signup,2026-01-30 08:11:55
u005599,activate,2026-01-31 19:11:33
u005599,purchase,2026-02-05 13:12:15
u005600,visit,2025-12-16 11:18:04
u005600,signup,2025-12-17 13:11:33
u005600,activate,2025-12-18 07:03:53
u005600,purchase,2025-12-19 16:25:55
u005601,visit,2026-04-09 22:45:45
u005601,signup,2026-04-11 15:53:12
u005601,activate,2026-04-12 07:27:47
u005601,purchase,2026-04-22 14:39:43
u005602,visit,2025-12-16 01:38:26
u005603,visit,2026-04-12 02:54:55
u005604,visit,2026-02-16 02:53:31
u005605,visit,2026-03-27 07:54:27
u005606,visit,2026-05-10 09:43:44
u005606,signup,2026-05-11 04:40:16
u005607,visit,2026-01-18 09:33:32
u005607,signup,2026-01-18 13:39:54
u005607,activate,2026-01-22 15:03:40
u005607,purchase,2026-01-27 09:28:47
u005608,visit,2026-04-03 04:46:53
u005609,visit,2026-01-20 17:21:46
u005610,visit,2026-05-22 19:29:27
u005611,visit,2025-12-09 05:46:26
u005611,signup,2025-12-09 07:24:15
u005612,visit,2025-12-23 09:38:13
u005613,visit,2026-03-28 14:15:37
u005613,signup,2026-03-28 22:28:42
u005613,activate,2026-03-30 05:47:44
u005614,visit,2025-12-18 21:33:14
u005614,signup,2025-12-19 01:53:18
u005614,activate,2025-12-27 18:29:49
u005615,visit,2026-04-01 17:22:31
u005616,visit,2026-05-22 18:01:30
u005617,visit,2025-12-23 20:05:19
u005618,visit,2025-12-29 04:08:37
u005618,signup,2025-12-30 05:08:37
u005618,activate,2026-01-01 18:40:16
u005619,visit,2026-03-28 12:24:56
u005619,signup,2026-03-28 23:22:53
u005619,activate,2026-03-29 23:59:46
u005619,purchase,2026-03-30 00:46:45
u005620,visit,2026-01-08 17:35:52
u005621,visit,2025-12-20 07:24:18
u005621,signup,2025-12-21 10:12:13
u005621,activate,2025-12-21 15:53:17
u005621,purchase,2025-12-29 14:14:32
u005622,visit,2026-03-03 05:41:07
u005623,visit,2026-01-09 11:56:01
u005623,signup,2026-01-09 15:11:09
u005623,activate,2026-01-15 08:33:10
u005624,visit,2026-03-07 18:48:24
u005624,signup,2026-03-08 07:25:39
u005625,visit,2026-03-26 04:21:12
u005625,signup,2026-03-26 11:54:51
u005626,visit,2026-04-17 23:41:17
u005627,visit,2026-05-20 14:40:35
u005628,visit,2025-12-08 07:04:00
u005628,signup,2025-12-10 00:56:05
u005629,visit,2026-04-11 19:12:08
u005630,visit,2026-04-04 19:38:19
u005631,visit,2026-03-16 06:48:44
u005631,signup,2026-03-18 00:16:32
u005632,visit,2026-01-02 12:43:55
u005633,visit,2026-01-17 23:35:14
u005633,signup,2026-01-18 21:19:42
u005633,activate,2026-01-22 19:25:14
u005634,visit,2026-05-21 16:15:50
u005635,visit,2026-05-07 10:39:45
u005636,visit,2025-12-28 16:03:34
u005636,signup,2025-12-30 01:08:01
u005636,activate,2026-01-01 22:18:30
u005637,visit,2025-12-16 10:35:01
u005637,signup,2025-12-18 09:22:23
u005637,activate,2025-12-20 09:56:58
u005637,purchase,2025-12-23 15:39:33
u005638,visit,2026-01-28 04:08:16
u005638,signup,2026-01-28 16:16:18
u005638,activate,2026-01-29 01:45:22
u005638,purchase,2026-03-12 02:11:27
u005639,visit,2026-05-19 04:40:54
u005639,signup,2026-05-20 15:01:13
u005639,activate,2026-05-22 15:46:03
u005639,purchase,2026-05-27 08:25:43
u005640,visit,2026-02-19 02:08:35
u005641,visit,2025-12-18 09:44:53
u005641,signup,2025-12-20 06:33:44
u005641,activate,2025-12-22 03:29:04
u005642,visit,2026-04-07 23:11:40
u005643,visit,2026-03-23 21:49:09
u005643,signup,2026-03-25 20:23:29
u005643,activate,2026-03-26 06:31:54
u005644,visit,2026-04-22 04:10:43
u005645,visit,2026-03-14 12:21:46
u005645,signup,2026-03-14 14:18:00
u005645,activate,2026-03-15 19:08:10
u005646,visit,2026-01-03 04:02:14
u005646,signup,2026-01-04 10:15:56
u005646,activate,2026-01-05 23:49:06
u005647,visit,2026-02-14 16:55:46
u005648,visit,2025-12-23 07:40:46
u005648,signup,2025-12-25 00:41:56
u005648,activate,2026-01-02 01:47:37
u005649,visit,2026-04-17 04:33:08
u005650,visit,2026-04-20 08:34:01
u005650,signup,2026-04-21 20:49:44
u005650,activate,2026-04-24 04:09:08
u005651,visit,2025-12-27 04:16:13
u005651,signup,2025-12-28 07:03:08
u005651,activate,2025-12-31 01:50:59
u005651,purchase,2026-01-02 12:35:35
u005652,visit,2026-03-15 11:43:05
u005652,signup,2026-03-16 01:15:56
u005652,activate,2026-03-16 04:31:13
u005653,visit,2026-03-01 18:12:40
u005654,visit,2026-04-30 23:55:16
u005654,signup,2026-05-02 23:18:37
u005655,visit,2026-04-27 16:55:12
u005655,signup,2026-04-28 11:28:23
u005656,visit,2025-12-04 10:40:52
u005657,visit,2026-03-08 17:34:12
u005657,signup,2026-03-09 06:34:28
u005658,visit,2026-01-30 05:23:37
u005659,visit,2026-05-27 05:38:14
u005659,signup,2026-05-27 14:50:34
u005659,activate,2026-06-08 00:48:51
u005660,visit,2026-01-24 15:21:18
u005661,visit,2026-01-17 23:42:17
u005662,visit,2026-02-27 00:13:22
u005662,signup,2026-02-27 23:43:53
u005662,activate,2026-03-03 02:56:10
u005662,purchase,2026-03-03 11:25:09
u005663,visit,2026-02-23 02:15:44
u005663,signup,2026-02-24 16:52:17
u005663,activate,2026-02-26 21:34:24
u005664,visit,2026-03-17 01:14:13
u005665,visit,2026-05-25 06:57:33
u005665,signup,2026-05-25 20:23:57
u005666,visit,2025-12-07 21:39:18
u005667,visit,2026-02-19 08:05:25
u005668,visit,2026-01-18 09:44:14
u005669,visit,2026-05-10 01:13:29
u005669,signup,2026-05-10 08:32:18
u005669,activate,2026-05-11 16:00:23
u005669,purchase,2026-05-20 02:51:22
u005670,visit,2026-05-18 20:19:54
u005671,visit,2026-02-23 21:09:11
u005672,visit,2026-04-03 14:53:36
u005672,signup,2026-04-04 09:42:04
u005673,visit,2026-04-09 22:14:23
u005674,visit,2025-12-02 07:30:01
u005674,signup,2025-12-03 09:35:24
u005675,visit,2026-03-26 16:58:42
u005676,visit,2026-03-01 00:13:39
u005677,visit,2026-04-26 09:14:57
u005678,visit,2025-12-03 02:30:56
u005678,signup,2025-12-04 11:17:24
u005678,activate,2025-12-06 10:44:37
u005679,visit,2026-02-17 21:04:10
u005680,visit,2026-01-13 23:38:30
u005680,signup,2026-01-14 14:26:39
u005681,visit,2025-12-28 01:05:12
u005682,visit,2026-01-04 14:53:09
u005683,visit,2026-02-04 05:40:08
u005684,visit,2025-12-28 01:12:55
u005685,visit,2025-12-25 18:42:11
u005685,signup,2025-12-27 07:17:40
u005685,activate,2025-12-28 02:40:42
u005685,purchase,2026-01-01 21:04:07
u005686,visit,2026-03-23 06:47:25
u005687,visit,2025-12-14 17:30:10
u005688,visit,2025-12-13 22:56:59
u005688,signup,2025-12-14 18:44:40
u005688,activate,2025-12-16 07:49:18
u005688,purchase,2025-12-19 22:34:06
u005689,visit,2025-12-19 13:11:55
u005690,visit,2026-02-06 09:01:33
u005690,signup,2026-02-07 02:09:21
u005690,activate,2026-02-07 15:52:09
u005691,visit,2026-01-05 17:38:33
u005692,visit,2026-02-03 17:23:20
u005693,visit,2026-05-01 18:12:53
u005693,signup,2026-05-02 14:45:19
u005693,activate,2026-05-03 05:09:30
u005694,visit,2026-05-22 03:24:33
u005694,signup,2026-05-22 04:19:28
u005694,activate,2026-05-23 17:29:53
u005695,visit,2026-02-25 18:26:53
u005696,visit,2026-01-18 22:17:43
u005697,visit,2026-03-18 09:20:07
u005698,visit,2026-02-12 13:44:45
u005698,signup,2026-02-13 22:56:37
u005699,visit,2026-04-07 16:35:50
u005699,signup,2026-04-09 10:08:35
u005700,visit,2026-01-07 07:28:34
u005700,signup,2026-01-07 21:05:22
u005701,visit,2026-03-14 21:29:40
u005702,visit,2026-05-07 19:24:26
u005703,visit,2026-03-28 14:48:27
u005704,visit,2026-02-23 16:38:36
u005705,visit,2026-01-18 13:21:59
u005706,visit,2026-05-05 14:52:33
u005706,signup,2026-05-07 07:04:48
u005707,visit,2026-01-03 08:45:02
u005707,signup,2026-01-04 01:21:20
u005707,activate,2026-01-07 13:46:16
u005708,visit,2026-01-31 07:40:26
u005708,signup,2026-01-31 14:42:08
u005709,visit,2026-01-25 16:06:51
u005710,visit,2026-05-17 12:31:31
u005710,signup,2026-05-17 23:53:49
u005710,activate,2026-05-18 21:06:49
u005711,visit,2026-03-31 15:19:15
u005711,signup,2026-04-01 00:33:59
u005712,visit,2026-05-19 19:22:34
u005713,visit,2026-04-13 23:59:05
u005714,visit,2025-12-14 06:36:44
u005714,signup,2025-12-15 23:03:22
u005715,visit,2026-05-16 10:33:53
u005715,signup,2026-05-18 10:31:58
u005716,visit,2026-02-17 14:26:12
u005717,visit,2025-12-11 15:38:40
u005718,visit,2026-01-20 00:51:37
u005718,signup,2026-01-20 17:29:38
u005719,visit,2026-02-07 22:50:29
u005720,visit,2025-12-02 20:24:27
u005720,signup,2025-12-04 06:24:38
u005720,activate,2025-12-06 10:53:08
u005721,visit,2026-03-19 21:05:05
u005721,signup,2026-03-21 06:44:36
u005721,activate,2026-03-21 23:10:45
u005721,purchase,2026-03-28 05:22:40
u005722,visit,2026-04-06 03:24:39
u005722,signup,2026-04-07 19:11:35
u005722,activate,2026-04-08 01:35:50
u005723,visit,2026-02-02 18:12:34
u005724,visit,2025-12-18 19:18:35
u005725,visit,2026-02-20 20:01:55
u005725,signup,2026-02-22 09:28:15
u005726,visit,2026-02-25 08:49:44
u005726,signup,2026-02-25 23:32:36
u005726,activate,2026-02-26 14:55:20
u005727,visit,2026-03-25 22:26:40
u005727,signup,2026-03-27 21:55:31
u005727,activate,2026-03-27 22:17:34
u005728,visit,2026-03-26 14:19:02
u005729,visit,2026-04-11 02:22:48
u005730,visit,2025-12-20 15:01:24
u005730,signup,2025-12-21 03:42:53
u005730,activate,2025-12-27 03:07:38
u005731,visit,2025-12-17 23:35:29
u005732,visit,2026-04-16 13:02:34
u005733,visit,2025-12-10 06:19:09
u005734,visit,2026-04-06 20:17:17
u005734,signup,2026-04-07 14:46:37
u005734,activate,2026-04-07 17:57:08
u005734,purchase,2026-04-14 15:13:23
u005735,visit,2026-01-07 02:52:40
u005736,visit,2026-03-29 19:54:29
u005736,signup,2026-03-31 18:40:47
u005737,visit,2026-03-14 18:43:59
u005738,visit,2026-04-27 01:37:40
u005738,signup,2026-04-28 18:13:43
u005738,activate,2026-05-03 00:05:11
u005738,purchase,2026-05-08 06:47:25
u005739,visit,2026-05-29 22:08:52
u005739,signup,2026-05-30 00:17:45
u005739,activate,2026-05-31 19:11:45
u005740,visit,2026-03-02 19:14:09
u005740,signup,2026-03-03 21:35:31
u005741,visit,2026-05-01 09:00:38
u005741,signup,2026-05-02 04:00:10
u005741,activate,2026-05-03 07:49:19
u005741,purchase,2026-05-24 06:24:54
u005742,visit,2026-02-09 07:39:29
u005742,signup,2026-02-11 06:26:52
u005742,activate,2026-02-17 17:44:11
u005743,visit,2026-01-08 21:06:19
u005743,signup,2026-01-09 20:56:31
u005743,activate,2026-01-12 03:05:32
u005744,visit,2026-01-24 14:15:58
u005744,signup,2026-01-26 04:43:48
u005745,visit,2026-02-03 16:28:34
u005745,signup,2026-02-04 05:19:38
u005745,activate,2026-02-10 19:56:48
u005745,purchase,2026-02-21 16:21:40
u005746,visit,2026-04-21 07:04:21
u005747,visit,2025-12-24 04:40:32
u005747,signup,2025-12-24 05:53:11
u005747,activate,2025-12-24 13:15:28
u005748,visit,2026-03-29 02:43:26
u005749,visit,2025-12-10 00:22:46
u005750,visit,2026-01-23 06:01:41
u005751,visit,2026-02-26 11:28:14
u005752,visit,2026-02-13 02:43:02
u005753,visit,2026-05-02 20:12:32
u005753,signup,2026-05-03 04:05:13
u005753,activate,2026-05-04 21:15:53
u005754,visit,2026-05-26 17:06:42
u005755,visit,2026-01-17 13:49:56
u005756,visit,2026-04-15 07:28:31
u005757,visit,2026-05-18 16:56:19
u005758,visit,2026-05-05 13:07:03
u005759,visit,2026-01-08 16:38:55
u005759,signup,2026-01-09 23:57:22
u005759,activate,2026-01-11 10:39:49
u005760,visit,2026-04-03 22:20:57
u005761,visit,2026-05-15 20:33:54
u005762,visit,2026-02-09 11:43:06
u005763,visit,2026-01-26 01:20:17
u005764,visit,2026-05-29 21:35:13
u005764,signup,2026-05-31 19:25:09
u005764,activate,2026-06-01 02:07:25
u005765,visit,2026-01-02 18:23:40
u005766,visit,2025-12-18 14:17:25
u005767,visit,2026-02-03 21:16:42
u005768,visit,2026-03-12 05:10:59
u005769,visit,2026-05-20 06:21:10
u005770,visit,2026-01-08 19:32:08
u005771,visit,2026-01-04 17:32:14
u005771,signup,2026-01-05 01:26:08
u005772,visit,2026-04-29 05:23:43
u005773,visit,2026-04-24 19:18:46
u005774,visit,2025-12-26 09:59:44
u005775,visit,2026-03-05 09:20:55
u005775,signup,2026-03-05 20:34:16
u005776,visit,2026-01-14 03:24:31
u005776,signup,2026-01-14 11:26:43
u005776,activate,2026-01-14 20:42:14
u005777,visit,2026-02-20 23:01:07
u005778,visit,2026-04-23 06:42:13
u005779,visit,2026-02-04 21:43:16
u005780,visit,2026-05-03 08:50:31
u005781,visit,2026-01-15 14:45:25
u005781,signup,2026-01-16 02:43:15
u005781,activate,2026-01-21 13:28:42
u005782,visit,2025-12-13 21:31:23
u005783,visit,2026-04-20 18:25:16
u005783,signup,2026-04-21 22:57:28
u005783,activate,2026-04-25 08:17:24
u005784,visit,2026-05-22 12:06:11
u005785,visit,2026-01-08 16:45:26
u005786,visit,2026-02-13 16:00:26
u005786,signup,2026-02-14 09:20:17
u005787,visit,2026-02-13 15:06:55
u005787,signup,2026-02-15 11:09:32
u005788,visit,2026-04-10 12:32:09
u005789,visit,2026-05-04 17:14:47
u005790,visit,2026-01-19 21:08:35
u005790,signup,2026-01-20 22:15:45
u005790,activate,2026-01-23 00:14:41
u005791,visit,2026-03-24 06:18:24
u005791,signup,2026-03-25 19:42:12
u005791,activate,2026-04-06 12:04:30
u005792,visit,2026-01-23 02:26:42
u005792,signup,2026-01-23 08:15:45
u005792,activate,2026-01-29 16:29:28
u005792,purchase,2026-01-29 21:56:57
u005793,visit,2026-01-06 16:53:33
u005793,signup,2026-01-06 19:51:59
u005794,visit,2026-04-21 17:12:17
u005795,visit,2026-03-16 03:08:49
u005795,signup,2026-03-18 01:07:06
u005796,visit,2025-12-26 18:20:45
u005797,visit,2026-03-22 01:05:13
u005797,signup,2026-03-22 13:26:05
u005797,activate,2026-03-24 03:33:20
u005797,purchase,2026-03-30 11:22:57
u005798,visit,2025-12-18 13:24:06
u005799,visit,2026-05-16 07:22:14
u005799,signup,2026-05-16 11:05:53
u005800,visit,2026-01-03 17:53:07
u005801,visit,2026-01-04 19:43:19
u005802,visit,2026-05-04 04:50:52
u005803,visit,2026-05-18 09:16:13
u005804,visit,2026-02-08 07:06:37
u005805,visit,2026-05-25 04:40:23
u005805,signup,2026-05-26 23:53:08
u005806,visit,2026-01-25 09:10:21
u005806,signup,2026-01-26 19:06:22
u005807,visit,2026-03-06 20:36:16
u005807,signup,2026-03-07 09:18:50
u005807,activate,2026-03-07 23:56:07
u005808,visit,2026-02-11 07:26:35
u005809,visit,2026-03-31 01:28:10
u005809,signup,2026-03-31 02:22:10
u005809,activate,2026-03-31 18:55:19
u005810,visit,2026-01-07 23:46:26
u005810,signup,2026-01-09 18:01:03
u005811,visit,2026-03-31 21:16:35
u005812,visit,2026-02-19 13:51:41
u005813,visit,2026-01-16 06:11:21
u005813,signup,2026-01-16 13:06:55
u005813,activate,2026-01-18 03:00:08
u005813,purchase,2026-01-22 13:43:46
u005814,visit,2026-01-21 08:51:41
u005815,visit,2026-01-07 22:52:21
u005815,signup,2026-01-08 01:19:12
u005815,activate,2026-01-10 08:28:22
u005815,purchase,2026-01-12 05:58:48
u005816,visit,2026-01-12 11:24:06
u005816,signup,2026-01-14 04:23:50
u005817,visit,2026-04-30 15:27:17
u005818,visit,2026-03-20 05:20:11
u005818,signup,2026-03-21 14:31:46
u005818,activate,2026-03-24 20:13:07
u005819,visit,2026-01-14 05:36:50
u005819,signup,2026-01-16 01:40:40
u005820,visit,2026-01-11 23:54:07
u005821,visit,2026-02-03 02:34:38
u005821,signup,2026-02-03 05:15:26
u005822,visit,2026-03-06 06:17:04
u005823,visit,2026-01-20 21:30:52
u005824,visit,2026-02-03 10:24:31
u005824,signup,2026-02-05 00:31:01
u005825,visit,2026-02-19 01:26:52
u005826,visit,2025-12-17 00:24:52
u005827,visit,2026-01-08 21:31:27
u005828,visit,2026-04-10 16:37:01
u005829,visit,2025-12-20 23:14:47
u005830,visit,2026-05-21 09:21:16
u005830,signup,2026-05-22 11:57:39
u005830,activate,2026-05-23 20:01:13
u005830,purchase,2026-05-27 22:56:21
u005831,visit,2026-02-02 10:44:33
u005831,signup,2026-02-03 15:18:34
u005832,visit,2026-02-28 06:59:43
u005832,signup,2026-03-01 04:52:05
u005833,visit,2026-01-19 04:14:54
u005833,signup,2026-01-20 02:48:11
u005834,visit,2026-04-06 02:36:24
u005835,visit,2026-05-28 12:07:25
u005835,signup,2026-05-30 01:58:52
u005836,visit,2025-12-16 13:17:50
u005837,visit,2026-03-23 22:33:15
u005837,signup,2026-03-25 18:04:52
u005837,activate,2026-03-25 23:29:32
u005838,visit,2026-01-29 05:08:39
u005839,visit,2026-05-09 21:08:36
u005840,visit,2026-04-09 07:00:02
u005840,signup,2026-04-10 21:50:39
u005840,activate,2026-04-13 02:02:18
u005840,purchase,2026-04-14 20:45:10
u005841,visit,2026-04-20 04:34:30
u005841,signup,2026-04-21 12:11:34
u005841,activate,2026-04-22 07:31:25
u005842,visit,2026-01-19 13:01:43
u005843,visit,2026-05-05 18:55:24
u005843,signup,2026-05-07 12:01:43
u005843,activate,2026-05-07 22:22:54
u005843,purchase,2026-05-09 03:08:35
u005844,visit,2026-03-09 09:02:53
u005845,visit,2026-01-08 10:35:34
u005845,signup,2026-01-10 09:51:48
u005846,visit,2026-05-12 17:32:50
u005847,visit,2026-03-26 11:57:24
u005848,visit,2026-05-12 14:27:36
u005849,visit,2026-03-04 06:15:37
u005850,visit,2026-03-22 06:50:45
u005851,visit,2025-12-25 14:05:54
u005852,visit,2025-12-29 05:13:48
u005852,signup,2025-12-29 15:04:15
u005853,visit,2026-01-13 16:23:03
u005854,visit,2026-04-20 02:17:22
u005854,signup,2026-04-20 11:51:20
u005855,visit,2026-05-06 20:55:17
u005856,visit,2026-02-14 12:56:38
u005856,signup,2026-02-14 20:25:04
u005857,visit,2026-01-08 11:03:57
u005857,signup,2026-01-08 17:31:20
u005858,visit,2026-03-04 22:24:38
u005859,visit,2026-02-15 00:36:13
u005860,visit,2026-05-26 19:27:30
u005860,signup,2026-05-28 15:44:56
u005860,activate,2026-06-04 09:37:59
u005861,visit,2026-02-03 06:47:42
u005862,visit,2025-12-16 16:20:55
u005862,signup,2025-12-17 16:43:20
u005862,activate,2025-12-18 04:17:36
u005862,purchase,2026-01-03 20:07:18
u005863,visit,2026-04-02 07:13:10
u005864,visit,2026-04-13 21:31:21
u005865,visit,2026-03-14 16:21:32
u005866,visit,2026-04-12 15:45:16
u005867,visit,2025-12-09 01:36:22
u005867,signup,2025-12-09 16:47:43
u005867,activate,2025-12-10 17:56:33
u005867,purchase,2025-12-25 21:19:53
u005868,visit,2026-03-18 03:24:03
u005869,visit,2026-03-13 18:44:35
u005869,signup,2026-03-14 14:07:21
u005870,visit,2026-04-21 22:33:02
u005871,visit,2025-12-25 21:48:32
u005871,signup,2025-12-27 04:21:56
u005872,visit,2026-03-11 22:24:18
u005872,signup,2026-03-13 05:01:52
u005872,activate,2026-03-14 17:32:17
u005873,visit,2026-03-17 15:43:03
u005874,visit,2026-01-13 09:32:00
u005875,visit,2026-03-06 03:14:45
u005876,visit,2026-01-20 17:45:46
u005877,visit,2026-05-09 16:42:24
u005878,visit,2025-12-21 01:02:07
u005879,visit,2026-02-10 11:03:52
u005879,signup,2026-02-11 22:57:21
u005879,activate,2026-02-17 07:03:55
u005880,visit,2026-02-26 15:14:58
u005880,signup,2026-02-28 02:26:21
u005880,activate,2026-02-28 21:54:57
u005881,visit,2026-02-28 14:12:49
u005881,signup,2026-03-02 06:03:18
u005881,activate,2026-03-02 12:44:33
u005882,visit,2026-05-25 04:22:22
u005883,visit,2026-01-16 05:53:35
u005883,signup,2026-01-16 12:42:55
u005884,visit,2025-12-24 15:00:34
u005884,signup,2025-12-24 16:02:41
u005884,activate,2025-12-26 00:59:36
u005885,visit,2025-12-22 20:38:04
u005886,visit,2025-12-19 17:11:11
u005887,visit,2026-03-20 20:01:14
u005887,signup,2026-03-21 16:21:56
u005888,visit,2026-02-03 07:44:02
u005889,visit,2026-03-12 13:57:29
u005889,signup,2026-03-13 06:53:14
u005889,activate,2026-03-14 23:07:27
u005890,visit,2026-05-08 12:16:45
u005891,visit,2026-04-07 12:39:47
u005891,signup,2026-04-08 17:30:08
u005891,activate,2026-04-11 04:23:21
u005891,purchase,2026-04-15 04:40:42
u005892,visit,2025-12-05 06:29:24
u005893,visit,2026-01-28 02:11:48
u005894,visit,2026-02-08 10:50:46
u005895,visit,2026-01-06 00:02:59
u005895,signup,2026-01-07 03:35:30
u005895,activate,2026-01-10 01:56:44
u005895,purchase,2026-01-16 16:02:07
u005896,visit,2026-04-02 18:43:48
u005896,signup,2026-04-04 13:36:18
u005896,activate,2026-04-06 09:27:53
u005896,purchase,2026-04-18 04:59:03
u005897,visit,2026-01-26 17:41:14
u005897,signup,2026-01-27 10:20:29
u005898,visit,2025-12-14 12:02:10
u005898,signup,2025-12-15 19:55:54
u005898,activate,2025-12-17 13:17:21
u005898,purchase,2025-12-26 01:31:48
u005899,visit,2026-01-29 02:35:06
u005900,visit,2026-04-22 04:03:37
u005900,signup,2026-04-24 01:24:08
u005900,activate,2026-04-24 03:41:19
u005901,visit,2026-03-22 19:26:50
u005902,visit,2025-12-18 05:25:11
u005903,visit,2025-12-26 21:38:40
u005903,signup,2025-12-27 13:01:20
u005903,activate,2026-01-04 02:41:04
u005904,visit,2026-05-07 13:14:11
u005904,signup,2026-05-08 04:24:49
u005904,activate,2026-05-15 16:34:33
u005905,visit,2026-02-24 18:17:38
u005906,visit,2026-01-03 05:25:03
u005907,visit,2026-04-20 14:16:40
u005907,signup,2026-04-22 12:05:13
u005908,visit,2026-04-17 00:48:43
u005908,signup,2026-04-18 08:22:10
u005909,visit,2025-12-16 11:20:22
u005909,signup,2025-12-16 20:58:31
u005909,activate,2025-12-16 22:33:03
u005910,visit,2026-03-27 22:34:03
u005911,visit,2026-03-05 04:47:24
u005912,visit,2026-01-14 16:16:14
u005913,visit,2025-12-07 09:39:46
u005913,signup,2025-12-08 04:25:21
u005913,activate,2025-12-08 19:16:40
u005914,visit,2025-12-11 03:35:05
u005915,visit,2025-12-05 00:17:47
u005916,visit,2025-12-12 20:48:51
u005917,visit,2026-05-16 02:50:23
u005917,signup,2026-05-17 17:53:27
u005917,activate,2026-05-18 18:01:55
u005918,visit,2026-04-14 17:48:56
u005918,signup,2026-04-15 12:00:17
u005918,activate,2026-04-17 00:46:05
u005919,visit,2026-04-30 03:04:08
u005919,signup,2026-04-30 20:49:20
u005920,visit,2026-02-11 23:57:01
u005921,visit,2025-12-07 12:42:18
u005922,visit,2026-04-18 13:28:20
u005922,signup,2026-04-19 22:04:44
u005922,activate,2026-04-20 08:50:18
u005923,visit,2026-01-06 14:02:52
u005923,signup,2026-01-06 22:39:09
u005924,visit,2026-05-26 21:29:57
u005925,visit,2026-04-08 09:00:50
u005925,signup,2026-04-10 08:36:50
u005926,visit,2026-03-21 07:14:02
u005926,signup,2026-03-21 14:05:00
u005926,activate,2026-03-25 03:34:37
u005927,visit,2026-01-04 09:21:57
u005928,visit,2026-04-09 18:05:02
u005929,visit,2026-04-15 01:50:30
u005930,visit,2025-12-23 05:32:01
u005931,visit,2026-01-06 21:35:10
u005931,signup,2026-01-07 21:03:14
u005932,visit,2025-12-20 11:47:16
u005932,signup,2025-12-21 16:05:47
u005932,activate,2025-12-24 07:49:21
u005932,purchase,2026-01-10 06:58:45
u005933,visit,2025-12-30 01:32:44
u005934,visit,2026-04-24 12:52:01
u005934,signup,2026-04-26 01:19:01
u005935,visit,2025-12-28 16:13:07
u005935,signup,2025-12-28 19:54:27
u005936,visit,2026-03-05 06:37:16
u005937,visit,2026-04-28 17:15:44
u005938,visit,2026-01-09 04:03:38
u005939,visit,2025-12-05 08:33:00
u005939,signup,2025-12-06 17:13:02
u005940,visit,2026-01-18 00:33:12
u005941,visit,2026-02-17 11:28:07
u005942,visit,2026-05-08 02:07:55
u005943,visit,2026-05-07 05:22:44
u005943,signup,2026-05-07 09:36:14
u005943,activate,2026-05-14 00:34:31
u005943,purchase,2026-05-24 20:42:06
u005944,visit,2026-04-20 14:00:04
u005945,visit,2026-04-23 02:36:59
u005946,visit,2026-03-19 11:34:15
u005947,visit,2026-04-22 06:49:53
u005947,signup,2026-04-24 01:59:20
u005948,visit,2026-01-22 07:37:07
u005948,signup,2026-01-22 18:24:57
u005948,activate,2026-01-25 16:25:05
u005948,purchase,2026-01-29 14:44:01
u005949,visit,2026-05-02 23:43:00
u005949,signup,2026-05-03 03:22:49
u005949,activate,2026-05-05 19:56:19
u005950,visit,2026-03-19 13:54:23
u005951,visit,2026-04-28 20:10:30
u005951,signup,2026-04-30 04:10:54
u005952,visit,2026-05-22 20:47:53
u005953,visit,2025-12-14 15:07:08
u005954,visit,2026-05-10 10:06:47
u005954,signup,2026-05-12 08:53:46
u005954,activate,2026-05-14 11:39:49
u005955,visit,2026-01-29 13:15:03
u005956,visit,2026-03-28 01:41:42
u005957,visit,2025-12-08 10:00:13
u005957,signup,2025-12-08 10:09:19
u005957,activate,2025-12-09 23:51:42
u005958,visit,2026-05-10 08:32:04
u005959,visit,2026-05-18 23:30:30
u005959,signup,2026-05-19 01:50:06
u005959,activate,2026-05-24 08:46:00
u005960,visit,2026-03-08 13:27:18
u005961,visit,2025-12-21 23:23:24
u005961,signup,2025-12-22 20:22:36
u005961,activate,2025-12-25 22:43:38
u005962,visit,2026-05-16 02:04:07
u005963,visit,2026-03-17 14:18:58
u005964,visit,2026-03-11 08:38:26
u005964,signup,2026-03-11 21:06:08
u005965,visit,2026-03-30 16:11:45
u005965,signup,2026-04-01 12:05:05
u005965,activate,2026-04-02 02:15:05
u005965,purchase,2026-04-20 13:58:31
u005966,visit,2026-02-14 09:52:20
u005966,signup,2026-02-14 17:26:47
u005966,activate,2026-02-18 23:06:42
u005967,visit,2026-04-16 04:15:42
u005967,signup,2026-04-17 03:57:45
u005967,activate,2026-04-18 00:26:55
u005967,purchase,2026-05-08 17:15:27
u005968,visit,2025-12-02 17:43:38
u005969,visit,2026-03-07 12:36:45
u005970,visit,2026-02-19 05:43:20
u005970,signup,2026-02-20 00:55:09
u005970,activate,2026-02-20 05:17:19
u005971,visit,2026-05-26 06:09:06
u005971,signup,2026-05-27 08:05:09
u005971,activate,2026-06-01 20:43:35
u005972,visit,2026-02-01 19:53:57
u005973,visit,2025-12-07 11:07:00
u005974,visit,2026-03-17 13:28:02
u005975,visit,2025-12-22 05:59:19
u005975,signup,2025-12-23 09:59:40
u005975,activate,2025-12-23 10:01:25
u005976,visit,2026-01-20 03:30:12
u005977,visit,2025-12-21 03:57:56
u005977,signup,2025-12-21 21:59:27
u005977,activate,2025-12-27 19:07:11
u005978,visit,2026-05-11 08:06:36
u005979,visit,2026-05-01 07:31:50
u005979,signup,2026-05-02 00:06:19
u005980,visit,2026-05-15 20:04:17
u005980,signup,2026-05-16 22:57:40
u005980,activate,2026-05-18 01:46:59
u005981,visit,2026-01-10 06:22:16
u005982,visit,2026-04-13 18:21:35
u005983,visit,2026-04-20 04:56:05
u005983,signup,2026-04-21 04:51:07
u005984,visit,2026-05-25 06:59:16
u005985,visit,2025-12-11 18:14:35
u005986,visit,2025-12-26 23:59:29
u005987,visit,2026-02-04 01:01:27
u005988,visit,2026-02-28 18:24:36
u005989,visit,2026-03-07 16:58:32
u005990,visit,2026-01-21 01:55:43
u005991,visit,2026-05-18 15:01:04
u005991,signup,2026-05-20 13:26:28
u005991,activate,2026-05-27 12:25:31
u005992,visit,2026-04-13 07:00:22
u005992,signup,2026-04-14 15:11:05
u005992,activate,2026-04-21 08:43:41
u005992,purchase,2026-04-23 18:55:22
u005993,visit,2026-03-28 09:47:34
u005993,signup,2026-03-30 00:23:32
u005993,activate,2026-03-30 06:27:07
u005993,purchase,2026-04-16 13:50:48
u005994,visit,2026-04-08 02:16:50
u005995,visit,2025-12-16 23:43:27
u005996,visit,2026-01-05 17:07:13
u005996,signup,2026-01-06 06:02:45
u005996,activate,2026-01-11 06:47:21
u005996,purchase,2026-01-12 10:47:45
u005997,visit,2026-03-26 04:24:56
u005997,signup,2026-03-26 09:01:07
u005997,activate,2026-03-27 16:26:22
u005998,visit,2026-03-15 21:30:21
u005999,visit,2026-03-21 01:18:32
u006000,visit,2026-01-14 07:08:57
u006001,visit,2026-05-08 00:19:50
u006001,signup,2026-05-08 16:26:58
u006002,visit,2026-05-09 06:10:58
u006003,visit,2026-01-21 12:32:32
u006003,signup,2026-01-22 01:10:55
u006004,visit,2026-01-14 21:37:24
u006004,signup,2026-01-14 23:00:33
u006005,visit,2026-05-09 11:46:47
u006005,signup,2026-05-09 21:55:15
u006005,activate,2026-05-09 23:48:57
u006006,visit,2026-03-08 22:04:53
u006006,signup,2026-03-09 19:00:46
u006006,activate,2026-03-11 03:25:03
u006006,purchase,2026-03-11 16:34:55
u006007,visit,2026-05-23 10:42:40
u006008,visit,2026-04-05 01:27:33
u006008,signup,2026-04-06 19:09:36
u006008,activate,2026-04-07 13:59:32
u006009,visit,2026-04-18 16:03:55
u006009,signup,2026-04-19 23:08:37
u006009,activate,2026-04-21 07:05:53
u006010,visit,2026-05-30 07:36:19
u006011,visit,2025-12-30 14:04:48
u006012,visit,2026-05-30 01:47:25
u006012,signup,2026-05-30 03:33:53
u006013,visit,2026-03-13 21:16:54
u006013,signup,2026-03-15 11:42:31
u006013,activate,2026-03-19 20:22:36
u006014,visit,2026-04-23 07:26:42
u006015,visit,2026-02-04 18:05:01
u006016,visit,2026-02-13 17:07:23
u006017,visit,2026-02-17 16:11:23
u006018,visit,2026-03-27 04:56:47
u006019,visit,2026-03-19 07:19:11
u006019,signup,2026-03-19 20:04:42
u006020,visit,2026-02-07 10:48:22
u006020,signup,2026-02-08 13:13:08
u006020,activate,2026-02-09 22:54:39
u006021,visit,2026-03-28 01:15:53
u006021,signup,2026-03-28 20:53:26
u006022,visit,2026-01-10 02:41:57
u006023,visit,2026-03-07 19:16:41
u006024,visit,2025-12-30 18:44:26
u006024,signup,2025-12-31 20:11:32
u006025,visit,2026-05-14 12:23:39
u006026,visit,2026-05-08 06:13:42
u006026,signup,2026-05-10 04:50:39
u006026,activate,2026-05-13 03:40:21
u006026,purchase,2026-05-23 15:43:11
u006027,visit,2026-04-06 18:26:53
u006028,visit,2026-03-01 00:30:18
u006029,visit,2026-05-03 08:00:52
u006030,visit,2026-04-06 07:09:40
u006031,visit,2026-01-05 18:27:55
u006032,visit,2026-04-06 02:51:56
u006033,visit,2025-12-21 16:38:26
u006033,signup,2025-12-23 01:25:59
u006033,activate,2025-12-23 04:16:13
u006034,visit,2026-05-17 15:03:30
u006035,visit,2026-01-09 12:24:08
u006035,signup,2026-01-10 13:52:12
u006035,activate,2026-01-12 00:52:05
u006036,visit,2026-01-05 00:08:33
u006037,visit,2026-01-24 00:06:33
u006038,visit,2026-05-04 20:41:54
u006038,signup,2026-05-05 12:40:29
u006039,visit,2026-02-11 01:56:24
u006039,signup,2026-02-11 21:45:44
u006040,visit,2026-03-25 04:27:25
u006041,visit,2026-05-04 04:39:45
u006041,signup,2026-05-05 18:43:45
u006042,visit,2025-12-07 06:47:21
u006043,visit,2026-01-11 03:08:09
u006043,signup,2026-01-12 15:47:48
u006044,visit,2025-12-27 17:22:07
u006045,visit,2026-05-20 19:33:09
u006045,signup,2026-05-22 05:10:16
u006045,activate,2026-05-23 00:59:46
u006046,visit,2026-03-07 16:14:56
u006047,visit,2026-01-10 03:03:52
u006047,signup,2026-01-11 20:25:43
u006047,activate,2026-01-13 07:18:18
u006048,visit,2026-01-14 08:09:19
u006049,visit,2025-12-12 17:01:22
u006050,visit,2026-04-27 13:36:52
u006050,signup,2026-04-28 08:41:28
u006050,activate,2026-05-02 12:14:30
u006051,visit,2026-02-20 07:54:11
u006051,signup,2026-02-22 07:35:52
u006052,visit,2026-02-11 20:44:56
u006053,visit,2026-01-19 08:30:57
u006053,signup,2026-01-19 23:39:03
u006054,visit,2026-04-05 05:29:44
u006055,visit,2026-04-22 14:34:55
u006056,visit,2026-04-04 11:15:58
u006057,visit,2026-05-21 23:04:58
u006058,visit,2026-01-12 20:19:05
u006059,visit,2026-05-12 01:49:44
u006060,visit,2026-03-27 21:03:14
u006060,signup,2026-03-28 04:15:56
u006061,visit,2026-04-16 20:20:02
u006062,visit,2026-03-13 10:16:10
u006063,visit,2026-02-17 18:32:52
u006064,visit,2026-03-19 07:55:46
u006064,signup,2026-03-19 12:40:25
u006065,visit,2026-02-15 16:37:01
u006066,visit,2026-01-07 11:07:37
u006067,visit,2026-01-05 14:37:15
u006068,visit,2025-12-31 06:33:33
u006068,signup,2025-12-31 11:31:14
u006069,visit,2026-02-03 08:22:11
u006070,visit,2026-02-02 04:19:17
u006071,visit,2026-05-15 11:51:34
u006071,signup,2026-05-17 00:39:37
u006071,activate,2026-05-18 05:15:30
u006072,visit,2026-05-13 10:31:41
u006073,visit,2025-12-24 08:49:04
u006074,visit,2026-05-26 06:06:45
u006075,visit,2026-03-08 13:48:43
u006076,visit,2026-03-19 14:25:56
u006077,visit,2026-05-26 02:40:01
u006078,visit,2026-04-21 10:57:04
u006079,visit,2026-04-25 07:03:12
u006079,signup,2026-04-26 15:06:25
u006080,visit,2026-01-08 19:11:59
u006081,visit,2026-02-15 18:45:10
u006081,signup,2026-02-16 21:17:12
u006081,activate,2026-02-20 08:22:24
u006081,purchase,2026-02-28 03:16:14
u006082,visit,2026-01-13 13:25:22
u006082,signup,2026-01-15 04:39:07
u006083,visit,2026-02-21 12:32:42
u006083,signup,2026-02-21 16:41:51
u006083,activate,2026-02-25 19:09:52
u006084,visit,2026-02-12 11:43:49
u006085,visit,2026-01-01 18:15:02
u006086,visit,2026-02-28 06:12:52
u006087,visit,2026-03-05 04:08:29
u006088,visit,2026-03-04 17:40:19
u006089,visit,2026-03-09 10:19:09
u006089,signup,2026-03-10 14:28:38
u006089,activate,2026-03-11 01:01:07
u006089,purchase,2026-04-02 18:15:00
u006090,visit,2025-12-23 07:07:56
u006090,signup,2025-12-24 08:35:59
u006090,activate,2025-12-26 00:35:29
u006090,purchase,2026-01-08 17:19:24
u006091,visit,2026-02-04 22:36:28
u006092,visit,2026-05-09 10:28:07
u006092,signup,2026-05-09 15:05:15
u006093,visit,2025-12-13 19:11:26
u006094,visit,2026-03-10 05:50:47
u006094,signup,2026-03-10 23:47:56
u006094,activate,2026-03-13 09:15:56
u006095,visit,2026-01-15 21:47:10
u006096,visit,2025-12-19 09:35:57
u006096,signup,2025-12-20 09:10:03
u006096,activate,2025-12-20 19:27:50
u006096,purchase,2025-12-21 06:49:55
u006097,visit,2026-04-16 00:43:25
u006098,visit,2026-02-22 10:50:57
u006099,visit,2026-05-21 09:20:47
u006100,visit,2026-03-08 14:13:45
u006101,visit,2026-02-08 17:43:24
u006102,visit,2026-05-16 14:25:14
u006103,visit,2025-12-02 14:53:57
u006104,visit,2026-05-19 23:40:35
u006105,visit,2026-04-14 12:55:35
u006106,visit,2026-05-24 02:04:39
u006107,visit,2026-02-27 02:23:25
u006107,signup,2026-03-01 01:34:36
u006108,visit,2026-03-19 08:26:13
u006109,visit,2026-05-08 16:57:27
u006109,signup,2026-05-10 00:30:47
u006110,visit,2026-02-18 06:19:19
u006110,signup,2026-02-19 03:29:05
u006110,activate,2026-02-19 16:05:40
u006110,purchase,2026-02-21 06:49:16
u006111,visit,2026-04-25 03:01:48
u006112,visit,2025-12-11 07:40:11
u006113,visit,2026-01-09 18:34:32
u006113,signup,2026-01-11 04:37:08
u006113,activate,2026-01-11 06:54:09
u006114,visit,2026-04-09 08:47:22
u006114,signup,2026-04-10 06:20:09
u006114,activate,2026-04-10 16:31:08
u006114,purchase,2026-04-23 18:07:33
u006115,visit,2026-03-02 18:50:20
u006116,visit,2026-03-08 16:37:08
u006116,signup,2026-03-09 02:01:57
u006117,visit,2025-12-14 21:36:06
u006117,signup,2025-12-15 00:29:55
u006117,activate,2025-12-16 09:42:08
u006118,visit,2026-02-23 20:12:26
u006119,visit,2026-04-07 14:35:37
u006119,signup,2026-04-09 12:34:28
u006119,activate,2026-04-10 15:52:11
u006119,purchase,2026-04-12 06:42:26
u006120,visit,2026-05-22 03:56:25
u006121,visit,2026-02-06 11:29:33
u006122,visit,2025-12-20 12:47:30
u006123,visit,2026-05-14 20:53:06
u006123,signup,2026-05-16 14:02:04
u006123,activate,2026-05-21 12:40:02
u006123,purchase,2026-05-22 16:26:50
u006124,visit,2025-12-13 23:09:03
u006124,signup,2025-12-15 15:30:33
u006124,activate,2025-12-15 22:30:01
u006124,purchase,2025-12-18 17:17:30
u006125,visit,2026-02-08 14:54:56
u006125,signup,2026-02-10 04:08:06
u006125,activate,2026-02-10 16:24:14
u006126,visit,2026-02-08 20:20:54
u006126,signup,2026-02-09 05:20:16
u006126,activate,2026-02-10 06:05:18
u006127,visit,2026-05-29 07:03:17
u006127,signup,2026-05-30 22:51:36
u006128,visit,2026-05-16 00:16:46
u006129,visit,2026-04-20 19:28:53
u006130,visit,2025-12-15 05:34:21
u006131,visit,2026-05-18 05:45:54
u006131,signup,2026-05-19 20:53:19
u006132,visit,2026-01-18 17:02:05
u006132,signup,2026-01-18 17:33:21
u006132,activate,2026-01-22 06:01:16
u006132,purchase,2026-02-05 10:15:03
u006133,visit,2026-03-30 11:46:40
u006134,visit,2026-04-09 22:29:40
u006134,signup,2026-04-11 12:57:26
u006134,activate,2026-04-13 23:40:07
u006134,purchase,2026-05-05 21:36:35
u006135,visit,2026-05-13 05:30:20
u006136,visit,2025-12-14 00:46:20
u006137,visit,2026-03-30 23:01:18
u006138,visit,2026-03-23 04:29:36
u006139,visit,2026-05-03 07:17:13
u006139,signup,2026-05-04 00:00:22
u006140,visit,2026-02-19 01:18:51
u006141,visit,2026-05-25 23:58:39
u006142,visit,2026-01-02 11:08:44
u006142,signup,2026-01-03 21:59:19
u006143,visit,2026-01-19 15:24:55
u006143,signup,2026-01-19 18:16:06
u006144,visit,2026-01-20 07:19:49
u006145,visit,2026-02-04 08:05:15
u006146,visit,2026-05-04 19:34:00
u006147,visit,2026-05-10 17:35:49
u006148,visit,2026-04-15 18:45:14
u006148,signup,2026-04-16 18:40:46
u006149,visit,2026-03-20 08:16:58
u006149,signup,2026-03-20 22:25:21
u006149,activate,2026-03-22 03:29:41
u006150,visit,2026-04-12 08:11:33
u006151,visit,2026-03-03 02:03:34
u006152,visit,2026-03-21 17:50:20
u006152,signup,2026-03-22 07:21:41
u006152,activate,2026-03-22 13:31:26
u006152,purchase,2026-03-24 21:14:55
u006153,visit,2025-12-29 22:19:47
u006154,visit,2025-12-26 12:27:01
u006154,signup,2025-12-26 18:04:36
u006155,visit,2026-03-04 17:25:32
u006155,signup,2026-03-05 21:55:27
u006156,visit,2026-05-20 09:18:31
u006157,visit,2026-03-03 23:31:10
u006157,signup,2026-03-04 02:43:08
u006158,visit,2026-01-04 14:44:59
u006158,signup,2026-01-04 18:08:05
u006158,activate,2026-01-05 11:06:49
u006159,visit,2026-05-26 06:56:02
u006159,signup,2026-05-27 10:53:28
u006160,visit,2026-02-12 14:05:23
u006160,signup,2026-02-13 23:23:49
u006161,visit,2026-01-17 06:48:12
u006161,signup,2026-01-17 12:13:57
u006161,activate,2026-01-18 00:32:36
u006162,visit,2026-04-18 02:18:34
u006163,visit,2025-12-27 03:10:09
u006164,visit,2026-03-08 07:49:02
u006164,signup,2026-03-09 08:34:20
u006164,activate,2026-03-14 04:04:17
u006164,purchase,2026-03-26 01:42:08
u006165,visit,2026-03-16 04:30:49
u006165,signup,2026-03-17 08:37:23
u006165,activate,2026-03-17 11:30:02
u006165,purchase,2026-03-20 06:26:24
u006166,visit,2026-03-21 22:55:31
u006167,visit,2025-12-22 11:37:22
u006168,visit,2026-02-27 22:11:51
u006168,signup,2026-02-28 12:36:00
u006168,activate,2026-03-01 06:34:19
u006168,purchase,2026-03-01 09:10:08
u006169,visit,2026-03-18 12:44:37
u006170,visit,2026-01-15 04:04:54
u006170,signup,2026-01-15 09:37:00
u006170,activate,2026-01-16 10:19:53
u006170,purchase,2026-01-20 15:05:32
u006171,visit,2026-05-02 08:54:57
u006171,signup,2026-05-02 19:04:56
u006171,activate,2026-05-05 15:17:33
u006172,visit,2026-04-01 09:30:49
u006173,visit,2026-03-25 02:42:25
u006174,visit,2026-02-16 06:20:10
u006175,visit,2026-05-28 03:33:50
u006175,signup,2026-05-28 12:16:50
u006175,activate,2026-05-31 07:54:54
u006176,visit,2025-12-29 04:19:59
u006177,visit,2026-04-19 22:41:05
u006178,visit,2026-03-21 15:51:33
u006179,visit,2026-03-23 14:22:38
u006180,visit,2026-02-19 04:08:00
u006181,visit,2025-12-22 05:03:04
u006182,visit,2026-03-22 06:37:47
u006182,signup,2026-03-23 11:17:43
u006182,activate,2026-03-26 01:34:11
u006182,purchase,2026-03-26 07:53:03
u006183,visit,2026-03-08 18:11:59
u006184,visit,2026-01-15 07:06:16
u006185,visit,2025-12-04 10:44:43
u006186,visit,2026-03-01 05:31:50
u006187,visit,2026-05-29 14:02:16
u006187,signup,2026-05-31 03:44:13
u006187,activate,2026-06-02 04:11:34
u006188,visit,2026-03-20 03:19:31
u006188,signup,2026-03-20 11:41:31
u006189,visit,2026-01-30 10:02:59
u006190,visit,2026-01-20 14:28:37
u006190,signup,2026-01-22 12:43:10
u006191,visit,2025-12-14 23:24:53
u006192,visit,2026-02-24 16:46:31
u006192,signup,2026-02-24 22:00:36
u006192,activate,2026-02-26 10:09:53
u006193,visit,2026-04-17 00:58:21
u006194,visit,2025-12-19 10:51:25
u006195,visit,2025-12-21 05:15:48
u006196,visit,2026-04-02 08:50:32
u006197,visit,2026-02-11 04:39:23
u006197,signup,2026-02-12 02:34:03
u006198,visit,2026-05-09 02:20:40
u006199,visit,2026-01-25 06:58:05
u006200,visit,2026-05-15 23:08:36
u006201,visit,2026-05-22 04:36:08
u006202,visit,2026-05-17 08:39:04
u006203,visit,2026-04-04 03:21:22
u006204,visit,2026-04-21 20:52:59
u006204,signup,2026-04-23 04:40:30
u006205,visit,2026-03-06 14:06:55
u006206,visit,2026-02-20 09:27:14
u006207,visit,2025-12-22 21:33:02
u006208,visit,2026-04-04 15:54:16
u006208,signup,2026-04-06 03:57:51
u006208,activate,2026-04-10 21:51:30
u006208,purchase,2026-04-27 17:12:52
u006209,visit,2026-01-20 15:40:24
u006209,signup,2026-01-20 22:02:07
u006209,activate,2026-01-21 02:37:44
u006209,purchase,2026-01-27 15:57:09
u006210,visit,2025-12-23 18:16:09
u006211,visit,2026-04-19 22:00:22
u006212,visit,2026-01-21 10:54:52
u006212,signup,2026-01-23 02:11:19
u006213,visit,2026-02-07 03:48:49
u006214,visit,2026-04-14 10:07:46
u006215,visit,2026-02-14 20:13:50
u006216,visit,2026-05-01 09:59:49
u006217,visit,2026-04-11 00:43:22
u006218,visit,2025-12-07 01:01:42
u006219,visit,2026-02-26 04:40:16
u006219,signup,2026-02-27 18:20:47
u006219,activate,2026-03-02 06:11:34
u006219,purchase,2026-03-14 11:08:37
u006220,visit,2026-04-07 06:37:03
u006221,visit,2026-03-26 05:08:20
u006222,visit,2026-02-19 14:55:13
u006223,visit,2025-12-27 07:10:07
u006224,visit,2026-05-07 17:37:47
u006224,signup,2026-05-09 02:48:23
u006224,activate,2026-05-11 23:54:03
u006224,purchase,2026-05-20 09:16:42
u006225,visit,2026-01-21 07:27:35
u006225,signup,2026-01-21 18:54:18
u006226,visit,2026-05-19 01:12:22
u006227,visit,2026-05-10 01:58:27
u006227,signup,2026-05-10 20:09:13
u006228,visit,2025-12-15 16:13:38
u006229,visit,2026-03-01 13:34:33
u006230,visit,2025-12-06 02:38:56
u006231,visit,2025-12-03 09:42:00
u006232,visit,2026-04-29 05:51:17
u006232,signup,2026-04-30 01:16:06
u006233,visit,2026-05-05 02:21:25
u006234,visit,2026-01-29 02:06:34
u006235,visit,2026-04-27 04:08:46
u006235,signup,2026-04-28 06:27:07
u006235,activate,2026-04-30 11:39:25
u006236,visit,2026-01-12 09:41:01
u006236,signup,2026-01-13 06:59:45
u006237,visit,2026-05-11 17:56:56
u006238,visit,2026-02-01 06:28:32
u006239,visit,2026-03-25 04:23:49
u006240,visit,2026-03-25 19:56:42
u006240,signup,2026-03-27 02:39:05
u006240,activate,2026-03-27 18:10:37
u006241,visit,2026-04-16 06:51:33
u006241,signup,2026-04-16 15:42:54
u006241,activate,2026-04-21 02:20:39
u006242,visit,2026-03-05 10:14:14
u006242,signup,2026-03-06 14:49:08
u006242,activate,2026-03-10 11:17:19
u006243,visit,2026-03-03 11:09:42
u006244,visit,2026-04-03 21:29:39
u006245,visit,2026-02-11 09:34:58
u006246,visit,2026-03-09 21:25:07
u006247,visit,2026-04-09 05:58:47
u006248,visit,2026-01-18 15:53:48
u006248,signup,2026-01-18 23:14:11
u006248,activate,2026-01-21 03:36:39
u006249,visit,2026-04-16 22:43:15
u006250,visit,2026-01-22 20:54:47
u006251,visit,2026-01-24 14:34:50
u006251,signup,2026-01-24 19:36:26
u006251,activate,2026-01-28 11:08:31
u006252,visit,2025-12-16 19:47:18
u006252,signup,2025-12-17 14:52:26
u006252,activate,2025-12-17 19:20:15
u006253,visit,2025-12-12 19:19:35
u006254,visit,2026-01-10 17:56:53
u006255,visit,2026-01-31 11:23:10
u006255,signup,2026-02-01 01:24:24
u006255,activate,2026-02-03 05:06:35
u006256,visit,2025-12-17 02:15:29
u006257,visit,2026-05-08 03:25:41
u006258,visit,2025-12-31 22:49:42
u006259,visit,2026-01-13 17:43:08
u006260,visit,2026-05-17 13:11:07
u006260,signup,2026-05-18 13:17:15
u006261,visit,2026-01-14 14:49:26
u006262,visit,2026-03-11 20:12:06
u006263,visit,2026-03-03 01:13:55
u006264,visit,2026-04-30 03:29:41
u006265,visit,2026-01-07 08:12:23
u006265,signup,2026-01-08 11:37:23
u006266,visit,2026-03-04 17:26:06
u006266,signup,2026-03-05 08:48:15
u006267,visit,2026-02-23 22:35:37
u006268,visit,2026-01-25 12:13:14
u006269,visit,2026-01-22 22:36:39
u006270,visit,2026-02-26 15:18:57
u006270,signup,2026-02-27 08:45:11
u006270,activate,2026-02-28 13:37:25
u006270,purchase,2026-03-10 20:00:09
u006271,visit,2026-04-30 12:12:04
u006271,signup,2026-04-30 14:14:44
u006271,activate,2026-04-30 18:12:23
u006272,visit,2026-05-10 19:37:42
u006272,signup,2026-05-12 11:20:14
u006273,visit,2026-04-08 22:24:25
u006274,visit,2026-01-25 20:11:09
u006275,visit,2025-12-29 20:59:37
u006276,visit,2025-12-14 16:15:27
u006276,signup,2025-12-15 19:33:37
u006277,visit,2026-04-18 11:43:43
u006277,signup,2026-04-20 00:36:45
u006278,visit,2026-05-18 17:45:55
u006279,visit,2026-05-15 08:56:31
u006279,signup,2026-05-17 06:02:12
u006280,visit,2026-05-01 22:59:59
u006280,signup,2026-05-02 21:26:50
u006280,activate,2026-05-03 05:13:25
u006281,visit,2026-05-04 12:26:31
u006282,visit,2026-04-27 17:15:16
u006282,signup,2026-04-27 17:18:06
u006282,activate,2026-04-29 09:13:18
u006282,purchase,2026-05-15 05:07:06
u006283,visit,2026-01-19 06:14:55
u006283,signup,2026-01-19 22:30:07
u006283,activate,2026-01-26 21:43:38
u006284,visit,2026-04-03 21:18:23
u006285,visit,2026-03-08 08:16:53
u006286,visit,2026-05-28 00:17:52
u006286,signup,2026-05-28 22:02:55
u006286,activate,2026-06-02 16:17:56
u006287,visit,2026-05-29 20:36:49
u006287,signup,2026-05-30 01:46:26
u006288,visit,2026-01-04 08:17:49
u006289,visit,2026-05-10 03:00:14
u006290,visit,2026-04-10 08:50:14
u006290,signup,2026-04-10 23:31:27
u006291,visit,2026-02-05 07:44:36
u006292,visit,2026-01-01 04:38:10
u006293,visit,2026-03-04 05:57:26
u006293,signup,2026-03-04 18:39:53
u006293,activate,2026-03-04 20:01:15
u006294,visit,2026-03-04 18:47:36
u006294,signup,2026-03-05 16:29:36
u006294,activate,2026-03-06 01:22:01
u006295,visit,2026-03-15 20:16:03
u006296,visit,2026-05-28 20:46:57
u006297,visit,2026-01-13 10:57:49
u006298,visit,2026-02-02 03:56:45
u006298,signup,2026-02-03 16:47:44
u006299,visit,2026-04-23 04:19:08
u006300,visit,2026-02-15 08:36:55
u006301,visit,2026-02-26 05:44:33
u006302,visit,2025-12-19 13:24:08
u006303,visit,2026-01-25 21:53:25
u006304,visit,2026-02-10 04:43:16
u006304,signup,2026-02-12 03:44:49
u006304,activate,2026-02-13 01:00:47
u006305,visit,2026-04-03 05:40:29
u006306,visit,2025-12-10 02:56:01
u006307,visit,2026-02-26 23:12:16
u006308,visit,2026-02-11 22:08:57
u006308,signup,2026-02-13 03:41:01
u006308,activate,2026-02-13 12:24:50
u006309,visit,2026-03-20 04:36:51
u006310,visit,2025-12-28 07:29:05
u006311,visit,2026-02-10 11:48:40
u006311,signup,2026-02-10 13:25:28
u006311,activate,2026-02-14 19:42:37
u006312,visit,2026-01-12 18:06:08
u006312,signup,2026-01-12 19:55:52
u006312,activate,2026-01-13 04:34:37
u006313,visit,2025-12-10 01:37:11
u006313,signup,2025-12-10 09:54:31
u006314,visit,2026-03-30 23:04:02
u006314,signup,2026-03-31 13:18:31
u006315,visit,2025-12-20 14:26:04
u006315,signup,2025-12-22 10:19:16
u006316,visit,2026-01-24 16:09:28
u006316,signup,2026-01-26 01:32:53
u006317,visit,2025-12-07 21:56:53
u006318,visit,2026-05-23 16:50:51
u006318,signup,2026-05-24 07:23:48
u006318,activate,2026-05-25 02:48:39
u006319,visit,2026-01-23 21:09:48
u006319,signup,2026-01-25 10:53:50
u006320,visit,2026-03-07 10:26:08
u006321,visit,2026-05-26 03:24:31
u006322,visit,2026-03-04 21:54:52
u006323,visit,2026-05-26 13:21:36
u006324,visit,2025-12-07 22:35:24
u006324,signup,2025-12-08 12:22:44
u006325,visit,2026-04-02 00:09:20
u006325,signup,2026-04-03 08:16:30
u006325,activate,2026-04-04 10:46:24
u006326,visit,2026-03-21 00:23:00
u006327,visit,2026-04-20 21:32:29
u006328,visit,2026-03-09 01:45:39
u006329,visit,2025-12-21 17:22:24
u006330,visit,2025-12-04 01:50:44
u006331,visit,2026-05-29 10:21:04
u006332,visit,2025-12-24 03:53:54
u006332,signup,2025-12-24 16:55:18
u006332,activate,2025-12-25 12:27:14
u006333,visit,2026-04-30 22:39:44
u006333,signup,2026-05-01 12:45:01
u006334,visit,2025-12-18 12:16:08
u006334,signup,2025-12-19 22:16:35
u006335,visit,2026-05-10 15:03:08
u006335,signup,2026-05-11 01:00:26
u006335,activate,2026-05-11 18:30:23
u006336,visit,2025-12-24 22:13:16
u006337,visit,2026-04-28 11:14:01
u006338,visit,2025-12-05 01:17:21
u006338,signup,2025-12-05 09:55:22
u006339,visit,2026-02-28 03:20:27
u006340,visit,2026-01-16 01:15:46
u006340,signup,2026-01-17 19:18:08
u006340,activate,2026-01-18 18:27:41
u006340,purchase,2026-01-20 06:05:49
u006341,visit,2026-01-25 23:41:07
u006341,signup,2026-01-27 20:00:01
u006342,visit,2026-01-07 17:35:42
u006342,signup,2026-01-07 20:27:10
u006342,activate,2026-01-08 16:59:23
u006343,visit,2026-02-11 19:23:47
u006344,visit,2026-02-15 15:38:06
u006344,signup,2026-02-16 22:38:26
u006345,visit,2026-03-21 15:52:56
u006346,visit,2026-03-01 17:50:52
u006346,signup,2026-03-03 09:09:43
u006347,visit,2026-04-02 09:14:34
u006347,signup,2026-04-03 01:10:21
u006348,visit,2026-04-10 16:31:57
u006349,visit,2026-03-11 21:15:53
u006349,signup,2026-03-12 03:13:49
u006349,activate,2026-03-13 22:16:50
u006349,purchase,2026-03-14 20:09:20
u006350,visit,2026-02-24 00:08:10
u006350,signup,2026-02-24 15:28:38
u006350,activate,2026-02-25 22:37:59
u006350,purchase,2026-03-03 15:41:38
u006351,visit,2026-05-30 17:34:25
u006351,signup,2026-05-31 05:08:09
u006351,activate,2026-05-31 13:52:48
u006352,visit,2026-05-19 06:09:30
u006352,signup,2026-05-19 16:54:29
u006352,activate,2026-05-19 18:22:04
u006353,visit,2026-03-03 17:32:56
u006353,signup,2026-03-05 17:29:45
u006354,visit,2026-04-26 11:13:23
u006355,visit,2026-03-19 02:00:20
u006355,signup,2026-03-20 09:04:29
u006355,activate,2026-03-20 13:30:57
u006355,purchase,2026-04-11 00:13:29
u006356,visit,2026-04-12 21:53:57
u006357,visit,2026-04-22 05:07:33
u006357,signup,2026-04-23 05:23:49
u006357,activate,2026-04-23 21:42:37
u006357,purchase,2026-05-06 08:08:40
u006358,visit,2026-03-13 05:45:10
u006359,visit,2026-03-09 00:39:00
u006359,signup,2026-03-09 07:26:54
u006359,activate,2026-03-10 16:03:04
u006359,purchase,2026-03-17 21:08:04
u006360,visit,2025-12-26 17:13:04
u006360,signup,2025-12-28 13:54:12
u006361,visit,2026-05-09 13:54:26
u006362,visit,2026-02-28 20:52:50
u006363,visit,2026-03-13 20:46:32
u006363,signup,2026-03-15 03:19:33
u006364,visit,2026-05-19 14:52:06
u006365,visit,2026-04-09 15:34:11
u006366,visit,2025-12-12 08:52:31
u006366,signup,2025-12-12 13:00:31
u006366,activate,2025-12-13 01:26:38
u006367,visit,2026-03-13 08:20:28
u006368,visit,2026-02-17 13:47:54
u006369,visit,2026-01-26 16:21:24
u006370,visit,2025-12-23 11:47:46
u006371,visit,2026-03-05 19:19:16
u006372,visit,2026-02-25 01:16:21
u006373,visit,2026-05-24 10:09:24
u006373,signup,2026-05-24 14:22:34
u006374,visit,2026-01-20 06:20:43
u006374,signup,2026-01-20 13:04:49
u006374,activate,2026-01-26 15:06:37
u006375,visit,2026-01-31 03:56:30
u006376,visit,2026-03-05 16:56:48
u006377,visit,2026-03-11 18:06:49
u006378,visit,2026-03-03 19:21:27
u006379,visit,2026-04-23 02:35:13
u006380,visit,2026-05-24 01:54:11
u006381,visit,2026-03-03 21:46:06
u006382,visit,2026-01-31 15:53:29
u006382,signup,2026-01-31 20:07:45
u006382,activate,2026-02-01 16:02:31
u006383,visit,2025-12-19 06:59:04
u006384,visit,2026-05-23 14:48:09
u006384,signup,2026-05-24 09:20:07
u006384,activate,2026-05-25 18:32:23
u006385,visit,2026-03-06 18:14:58
u006386,visit,2026-05-05 19:29:25
u006386,signup,2026-05-06 13:30:52
u006387,visit,2026-02-17 07:51:40
u006387,signup,2026-02-18 22:04:27
u006387,activate,2026-02-25 16:03:10
u006388,visit,2025-12-09 14:44:28
u006389,visit,2026-04-30 05:03:36
u006390,visit,2026-02-27 03:12:18
u006391,visit,2026-01-25 23:25:24
u006391,signup,2026-01-26 20:31:19
u006392,visit,2025-12-26 08:13:51
u006393,visit,2026-04-23 16:30:08
u006394,visit,2025-12-27 11:34:05
u006394,signup,2025-12-29 09:56:44
u006394,activate,2025-12-31 05:08:34
u006395,visit,2026-02-26 08:17:39
u006396,visit,2025-12-31 02:25:27
u006396,signup,2026-01-01 03:38:53
u006397,visit,2026-01-27 17:21:40
u006397,signup,2026-01-28 19:14:16
u006398,visit,2026-01-13 19:42:56
u006398,signup,2026-01-15 01:24:43
u006398,activate,2026-01-15 04:31:24
u006399,visit,2026-03-29 15:27:40
u006399,signup,2026-03-30 10:57:31
u006400,visit,2025-12-30 10:09:22
u006401,visit,2026-01-04 11:24:44
u006402,visit,2026-05-12 08:35:38
u006403,visit,2026-03-30 21:30:40
u006404,visit,2026-03-04 01:02:54
u006405,visit,2026-05-22 00:10:13
u006405,signup,2026-05-22 18:59:03
u006405,activate,2026-05-22 22:40:30
u006406,visit,2026-04-06 00:47:39
u006407,visit,2026-04-12 21:05:36
u006408,visit,2026-03-07 13:30:40
u006408,signup,2026-03-09 13:05:11
u006409,visit,2026-02-25 10:35:16
u006410,visit,2026-05-24 18:10:01
u006411,visit,2026-04-09 18:02:35
u006412,visit,2026-03-14 13:14:28
u006413,visit,2025-12-04 02:29:14
u006413,signup,2025-12-04 22:48:53
u006414,visit,2026-04-19 10:27:46
u006414,signup,2026-04-19 20:31:18
u006415,visit,2025-12-17 19:55:09
u006415,signup,2025-12-17 21:26:24
u006416,visit,2026-02-23 04:59:49
u006416,signup,2026-02-23 09:46:06
u006416,activate,2026-02-26 14:12:05
u006417,visit,2026-01-14 12:40:51
u006418,visit,2026-01-02 11:09:03
u006419,visit,2026-04-19 08:45:29
u006420,visit,2025-12-06 13:13:38
u006421,visit,2025-12-09 01:27:04
u006422,visit,2025-12-29 08:49:47
u006423,visit,2026-03-03 04:12:00
u006424,visit,2026-05-25 03:42:50
u006424,signup,2026-05-26 06:22:35
u006425,visit,2026-01-24 14:55:49
u006425,signup,2026-01-25 07:20:57
u006426,visit,2026-04-30 04:53:02
u006426,signup,2026-04-30 09:24:07
u006426,activate,2026-04-30 20:30:50
u006427,visit,2026-03-26 19:05:35
u006428,visit,2026-01-05 01:44:11
u006428,signup,2026-01-06 04:10:50
u006428,activate,2026-01-06 20:08:49
u006429,visit,2026-02-04 07:46:38
u006429,signup,2026-02-04 09:50:51
u006430,visit,2026-04-02 19:47:33
u006431,visit,2026-01-07 08:06:55
u006432,visit,2026-03-12 08:21:02
u006433,visit,2026-05-27 01:28:20
u006434,visit,2026-05-12 23:38:53
u006435,visit,2026-03-31 21:10:27
u006436,visit,2026-05-25 20:23:51
u006436,signup,2026-05-25 22:53:10
u006437,visit,2026-01-10 08:49:19
u006438,visit,2026-04-01 02:50:11
u006438,signup,2026-04-01 15:54:19
u006438,activate,2026-04-04 19:02:10
u006438,purchase,2026-04-16 09:33:31
u006439,visit,2025-12-29 14:24:18
u006439,signup,2025-12-30 11:52:10
u006439,activate,2025-12-31 01:13:06
u006440,visit,2026-02-15 19:51:56
u006441,visit,2025-12-13 21:15:24
u006442,visit,2026-05-07 09:04:17
u006443,visit,2026-04-12 00:43:44
u006444,visit,2026-03-31 00:08:48
u006444,signup,2026-03-31 21:28:50
u006444,activate,2026-04-01 04:16:09
u006445,visit,2026-03-27 06:29:10
u006445,signup,2026-03-27 23:05:23
u006446,visit,2025-12-28 04:56:07
u006447,visit,2026-01-03 02:51:29
u006447,signup,2026-01-03 21:46:44
u006448,visit,2026-04-29 10:22:37
u006449,visit,2026-03-22 00:56:15
u006450,visit,2026-02-26 05:41:15
u006451,visit,2025-12-18 12:28:05
u006452,visit,2026-01-13 10:15:33
u006453,visit,2026-04-16 03:06:27
u006454,visit,2026-03-19 23:51:07
u006454,signup,2026-03-21 14:46:32
u006454,activate,2026-03-22 20:31:50
u006455,visit,2025-12-08 15:22:20
u006456,visit,2026-04-21 17:48:01
u006456,signup,2026-04-23 15:58:55
u006456,activate,2026-04-27 02:16:15
u006457,visit,2026-01-08 05:07:20
u006458,visit,2026-01-31 15:23:52
u006459,visit,2026-02-14 02:54:24
u006459,signup,2026-02-14 18:04:21
u006459,activate,2026-02-17 09:36:46
u006460,visit,2026-01-11 05:13:49
u006460,signup,2026-01-12 00:15:01
u006460,activate,2026-01-12 08:23:39
u006460,purchase,2026-01-19 11:21:33
u006461,visit,2026-02-17 00:19:49
u006462,visit,2026-03-24 23:55:06
u006462,signup,2026-03-26 01:39:32
u006463,visit,2026-03-01 16:52:29
u006463,signup,2026-03-03 04:15:47
u006464,visit,2026-02-25 00:13:00
u006464,signup,2026-02-26 06:23:32
u006465,visit,2026-03-09 09:48:44
u006466,visit,2026-03-20 17:51:34
u006467,visit,2026-05-28 18:04:47
u006467,signup,2026-05-30 01:09:17
u006467,activate,2026-05-31 21:23:15
u006468,visit,2026-05-13 02:14:49
u006468,signup,2026-05-14 10:01:31
u006469,visit,2026-05-13 02:42:59
u006470,visit,2026-05-24 14:56:16
u006470,signup,2026-05-25 11:29:44
u006470,activate,2026-05-25 15:24:27
u006471,visit,2026-01-02 05:45:26
u006472,visit,2026-04-28 10:42:12
u006473,visit,2026-04-28 22:26:25
u006474,visit,2025-12-30 23:52:42
u006474,signup,2026-01-01 13:34:05
u006474,activate,2026-01-05 14:37:53
u006475,visit,2026-02-25 23:23:37
u006475,signup,2026-02-27 01:00:47
u006476,visit,2025-12-20 00:24:10
u006477,visit,2026-01-05 05:05:13
u006478,visit,2026-04-12 00:59:15
u006478,signup,2026-04-13 02:33:02
u006478,activate,2026-04-13 21:50:09
u006479,visit,2026-03-28 02:47:41
u006480,visit,2026-05-23 16:11:38
u006481,visit,2026-04-03 14:44:03
u006482,visit,2026-01-29 17:05:35
u006482,signup,2026-01-31 10:25:40
u006482,activate,2026-02-02 06:49:05
u006483,visit,2026-03-12 20:04:50
u006483,signup,2026-03-13 12:45:24
u006484,visit,2026-01-28 18:59:40
u006485,visit,2026-04-17 13:57:34
u006485,signup,2026-04-18 09:53:22
u006485,activate,2026-04-20 10:51:00
u006486,visit,2025-12-29 14:31:50
u006487,visit,2026-03-17 20:46:34
u006488,visit,2026-05-02 12:06:27
u006488,signup,2026-05-02 16:42:05
u006488,activate,2026-05-02 17:05:01
u006489,visit,2026-04-01 01:28:00
u006489,signup,2026-04-02 18:21:23
u006490,visit,2026-01-29 19:15:50
u006491,visit,2026-03-07 04:54:25
u006492,visit,2025-12-24 19:20:12
u006492,signup,2025-12-26 06:43:57
u006493,visit,2026-01-30 10:52:43
u006493,signup,2026-02-01 09:09:02
u006494,visit,2026-05-27 15:29:22
u006495,visit,2026-02-26 11:14:24
u006496,visit,2026-02-21 09:07:06
u006497,visit,2025-12-24 07:45:50
u006498,visit,2026-02-14 22:45:03
u006499,visit,2026-01-31 18:17:23
u006499,signup,2026-02-01 06:00:03
u006499,activate,2026-02-01 19:56:17
u006500,visit,2026-02-23 18:55:09
u006501,visit,2026-01-12 14:46:20
u006502,visit,2026-03-24 09:29:47
u006503,visit,2026-03-12 15:46:35
u006504,visit,2026-02-25 05:46:56
u006505,visit,2026-02-01 02:02:08
u006506,visit,2026-02-03 21:31:46
u006506,signup,2026-02-04 21:44:04
u006506,activate,2026-02-05 10:36:37
u006507,visit,2026-04-06 22:11:28
u006507,signup,2026-04-07 15:49:28
u006507,activate,2026-04-08 01:11:47
u006508,visit,2026-03-06 03:32:01
u006509,visit,2025-12-20 00:50:56
u006509,signup,2025-12-20 07:53:59
u006509,activate,2025-12-20 11:05:16
u006509,purchase,2025-12-31 16:22:07
u006510,visit,2025-12-18 20:37:23
u006511,visit,2026-01-21 18:15:49
u006512,visit,2026-02-24 17:46:14
u006513,visit,2025-12-29 12:11:05
u006514,visit,2026-04-20 04:34:02
u006515,visit,2026-05-25 20:49:11
u006515,signup,2026-05-27 05:30:52
u006516,visit,2026-01-06 02:30:35
u006516,signup,2026-01-06 04:56:15
u006517,visit,2026-03-28 14:08:12
u006517,signup,2026-03-29 19:47:13
u006518,visit,2026-02-16 18:58:52
u006518,signup,2026-02-18 18:25:13
u006518,activate,2026-02-20 17:08:11
u006518,purchase,2026-02-21 22:31:34
u006519,visit,2026-02-05 01:28:08
u006520,visit,2026-03-14 20:21:55
u006520,signup,2026-03-15 07:09:21
u006520,activate,2026-03-28 16:19:12
u006521,visit,2026-04-20 21:26:58
u006522,visit,2026-03-28 07:42:48
u006522,signup,2026-03-28 17:13:33
u006522,activate,2026-04-02 16:48:15
u006522,purchase,2026-04-12 10:39:44
u006523,visit,2026-04-15 08:31:05
u006524,visit,2026-02-07 09:24:55
u006524,signup,2026-02-08 10:06:29
u006525,visit,2026-02-03 03:43:45
u006526,visit,2025-12-25 17:28:59
u006526,signup,2025-12-26 23:04:16
u006526,activate,2025-12-31 11:51:42
u006527,visit,2026-03-13 07:11:46
u006528,visit,2026-01-04 17:40:59
u006528,signup,2026-01-04 20:21:23
u006528,activate,2026-01-10 16:08:44
u006528,purchase,2026-01-20 03:15:47
u006529,visit,2026-04-12 19:41:03
u006530,visit,2026-03-22 21:20:54
u006531,visit,2025-12-07 09:25:06
u006532,visit,2026-04-01 18:43:54
u006533,visit,2026-03-05 07:31:57
u006534,visit,2026-02-03 17:06:19
u006535,visit,2026-04-27 12:50:50
u006536,visit,2026-02-22 05:45:36
u006536,signup,2026-02-22 06:03:52
u006536,activate,2026-02-22 12:50:48
u006536,purchase,2026-03-13 06:09:09
u006537,visit,2026-03-19 04:33:20
u006538,visit,2026-01-10 12:39:43
u006539,visit,2026-04-19 12:40:38
u006540,visit,2026-01-14 04:09:46
u006540,signup,2026-01-15 12:15:40
u006540,activate,2026-01-16 02:49:23
u006541,visit,2026-02-21 19:10:58
u006542,visit,2026-04-04 04:06:38
u006543,visit,2025-12-17 21:31:53
u006543,signup,2025-12-18 23:27:58
u006544,visit,2026-04-15 04:38:34
u006545,visit,2026-03-23 10:57:29
u006546,visit,2026-02-23 18:26:42
u006547,visit,2026-04-29 06:37:24
u006547,signup,2026-04-29 12:28:23
u006548,visit,2026-03-12 06:37:39
u006549,visit,2026-03-25 03:00:09
u006549,signup,2026-03-26 08:50:30
u006550,visit,2025-12-13 21:37:07
u006551,visit,2025-12-04 05:24:48
u006552,visit,2026-02-17 09:03:16
u006552,signup,2026-02-19 08:11:31
u006552,activate,2026-02-20 06:31:55
u006553,visit,2026-05-05 19:41:24
u006553,signup,2026-05-06 19:59:11
u006553,activate,2026-05-07 11:28:40
u006554,visit,2026-01-14 22:21:02
u006555,visit,2026-04-22 22:17:30
u006555,signup,2026-04-24 13:15:24
u006556,visit,2026-02-05 01:19:06
u006556,signup,2026-02-06 05:03:27
u006557,visit,2026-03-04 04:42:54
u006558,visit,2026-04-19 10:08:47
u006559,visit,2025-12-19 20:49:31
u006560,visit,2026-05-22 11:03:01
u006560,signup,2026-05-22 15:54:27
u006561,visit,2026-01-24 19:54:33
u006562,visit,2026-04-24 07:23:13
u006563,visit,2026-05-09 08:21:47
u006563,signup,2026-05-10 16:30:40
u006563,activate,2026-05-11 12:19:35
u006564,visit,2026-03-16 22:39:42
u006565,visit,2026-04-14 03:20:52
u006566,visit,2026-04-12 06:28:47
u006566,signup,2026-04-13 21:01:43
u006566,activate,2026-04-14 11:00:48
u006567,visit,2025-12-08 23:16:25
u006568,visit,2025-12-28 15:57:31
u006568,signup,2025-12-30 10:53:10
u006569,visit,2026-03-05 03:34:41
u006570,visit,2026-01-25 06:17:02
u006570,signup,2026-01-26 03:12:22
u006571,visit,2026-01-23 20:20:29
u006572,visit,2026-04-04 12:07:42
u006572,signup,2026-04-05 18:23:31
u006572,activate,2026-04-09 07:40:45
u006573,visit,2026-05-09 07:29:02
u006574,visit,2026-04-08 01:22:58
u006575,visit,2026-01-20 10:02:00
u006575,signup,2026-01-21 04:19:13
u006576,visit,2025-12-20 15:06:01
u006576,signup,2025-12-21 07:22:22
u006577,visit,2026-03-31 15:38:58
u006578,visit,2026-04-10 16:00:24
u006579,visit,2026-04-20 06:40:39
u006580,visit,2026-04-19 15:02:36
u006580,signup,2026-04-19 20:50:12
u006580,activate,2026-04-19 22:36:24
u006581,visit,2026-03-08 09:12:17
u006581,signup,2026-03-10 02:37:24
u006582,visit,2026-03-02 13:20:23
u006583,visit,2026-01-07 04:36:43
u006583,signup,2026-01-07 14:20:56
u006584,visit,2026-05-07 22:30:55
u006585,visit,2026-05-29 10:48:33
u006586,visit,2026-02-27 11:25:04
u006587,visit,2026-03-07 02:54:51
u006588,visit,2026-01-11 04:46:20
u006588,signup,2026-01-11 06:51:49
u006588,activate,2026-01-16 18:22:41
u006589,visit,2026-05-05 19:38:30
u006590,visit,2026-01-18 11:53:00
u006590,signup,2026-01-19 20:27:23
u006591,visit,2026-03-20 07:03:19
u006592,visit,2026-01-19 06:38:58
u006593,visit,2026-01-31 21:26:49
u006593,signup,2026-02-02 01:56:44
u006594,visit,2026-02-09 23:46:02
u006595,visit,2026-03-02 12:58:04
u006596,visit,2026-02-15 19:41:26
u006596,signup,2026-02-17 00:57:18
u006597,visit,2026-05-12 22:12:34
u006598,visit,2026-05-25 16:10:40
u006599,visit,2025-12-27 03:26:17
u006599,signup,2025-12-28 04:06:21
u006600,visit,2026-04-28 07:53:32
u006600,signup,2026-04-30 06:53:05
u006601,visit,2026-03-05 19:51:08
u006601,signup,2026-03-05 22:38:35
u006602,visit,2026-05-03 11:01:04
u006602,signup,2026-05-03 20:38:14
u006602,activate,2026-05-05 21:49:32
u006603,visit,2026-03-12 04:07:13
u006603,signup,2026-03-12 20:40:24
u006604,visit,2026-04-03 22:09:27
u006605,visit,2026-05-02 06:34:03
u006606,visit,2026-04-18 17:08:17
u006606,signup,2026-04-19 11:23:46
u006607,visit,2025-12-03 20:42:20
u006608,visit,2026-04-26 17:49:44
u006609,visit,2026-03-23 04:27:06
u006610,visit,2026-01-30 20:46:37
u006610,signup,2026-01-31 15:54:44
u006610,activate,2026-02-01 11:13:15
u006611,visit,2026-01-11 10:35:10
u006611,signup,2026-01-13 00:47:02
u006612,visit,2026-02-07 21:58:48
u006613,visit,2026-03-04 04:47:27
u006614,visit,2026-05-17 14:14:54
u006615,visit,2025-12-27 10:02:49
u006616,visit,2026-03-12 07:17:38
u006616,signup,2026-03-13 16:01:45
u006617,visit,2025-12-10 01:46:32
u006618,visit,2025-12-26 04:01:44
u006619,visit,2026-04-28 20:01:09
u006620,visit,2026-04-25 11:25:51
u006621,visit,2026-04-18 03:23:33
u006622,visit,2026-05-24 18:27:27
u006623,visit,2026-04-02 08:55:36
u006624,visit,2026-04-16 17:54:56
u006624,signup,2026-04-16 23:45:06
u006625,visit,2026-03-09 10:38:18
u006625,signup,2026-03-10 02:58:36
u006625,activate,2026-03-10 06:39:17
u006626,visit,2026-03-02 09:57:29
u006627,visit,2026-02-06 14:33:01
u006627,signup,2026-02-08 08:02:47
u006628,visit,2026-02-12 16:11:55
u006628,signup,2026-02-14 09:04:24
u006628,activate,2026-02-16 06:09:19
u006629,visit,2025-12-17 01:33:11
u006630,visit,2026-04-02 19:59:27
u006631,visit,2026-01-07 23:14:35
u006632,visit,2026-05-03 04:27:24
u006633,visit,2026-04-02 21:09:14
u006633,signup,2026-04-03 00:43:58
u006634,visit,2026-04-11 16:36:09
u006635,visit,2026-05-15 20:53:25
u006636,visit,2025-12-10 15:20:17
u006637,visit,2026-02-13 07:53:23
u006638,visit,2026-03-17 07:22:41
u006638,signup,2026-03-19 04:20:23
u006638,activate,2026-03-19 12:14:17
u006639,visit,2025-12-17 02:26:40
u006640,visit,2026-03-28 01:37:00
u006641,visit,2026-05-01 05:21:18
u006641,signup,2026-05-02 07:24:58
u006641,activate,2026-05-04 02:57:21
u006642,visit,2026-02-11 02:12:08
u006642,signup,2026-02-12 16:01:30
u006642,activate,2026-02-16 01:47:07
u006643,visit,2025-12-23 04:13:28
u006644,visit,2026-03-10 09:53:02
u006644,signup,2026-03-10 17:06:43
u006645,visit,2026-01-24 20:07:59
u006645,signup,2026-01-26 01:43:03
u006646,visit,2026-05-07 04:16:59
u006647,visit,2026-04-29 20:10:33
u006648,visit,2026-04-29 09:07:18
u006649,visit,2026-04-09 22:44:47
u006650,visit,2026-05-12 01:37:15
u006651,visit,2026-01-18 17:18:26
u006652,visit,2026-01-18 15:25:34
u006652,signup,2026-01-19 15:01:36
u006653,visit,2026-04-23 02:39:31
u006654,visit,2026-05-17 19:43:56
u006654,signup,2026-05-19 11:24:35
u006654,activate,2026-05-19 17:00:20
u006655,visit,2026-02-25 16:11:19
u006655,signup,2026-02-27 02:59:14
u006655,activate,2026-02-27 08:06:46
u006656,visit,2025-12-07 11:30:36
u006656,signup,2025-12-08 22:48:04
u006656,activate,2025-12-13 04:38:01
u006656,purchase,2025-12-13 08:42:08
u006657,visit,2026-01-04 13:39:17
u006658,visit,2026-03-18 15:03:51
u006659,visit,2026-05-06 08:26:23
u006660,visit,2025-12-11 03:05:18
u006661,visit,2026-01-29 05:32:10
u006662,visit,2026-01-13 23:00:12
u006663,visit,2026-02-07 23:31:10
u006663,signup,2026-02-08 00:40:59
u006663,activate,2026-02-10 14:55:03
u006664,visit,2026-05-01 06:08:54
u006664,signup,2026-05-02 06:23:11
u006665,visit,2026-03-28 15:37:15
u006665,signup,2026-03-30 12:13:03
u006666,visit,2026-02-01 14:02:52
u006666,signup,2026-02-03 03:03:30
u006666,activate,2026-02-06 00:49:15
u006666,purchase,2026-02-08 02:22:53
u006667,visit,2026-05-20 01:06:19
u006668,visit,2026-01-06 10:02:26
u006668,signup,2026-01-07 20:50:12
u006668,activate,2026-01-09 19:19:56
u006669,visit,2026-02-05 02:23:43
u006670,visit,2026-02-08 00:06:10
u006670,signup,2026-02-08 04:01:10
u006670,activate,2026-02-10 02:42:45
u006671,visit,2026-05-09 20:28:54
u006672,visit,2026-01-23 09:09:26
u006672,signup,2026-01-23 10:20:35
u006673,visit,2026-03-12 20:52:42
u006673,signup,2026-03-14 12:14:07
u006673,activate,2026-03-15 00:06:54
u006673,purchase,2026-03-26 07:59:39
u006674,visit,2026-05-13 00:22:29
u006674,signup,2026-05-13 04:49:40
u006675,visit,2026-04-06 02:31:53
u006676,visit,2026-03-06 03:50:49
u006676,signup,2026-03-07 19:46:01
u006677,visit,2026-05-23 18:54:51
u006677,signup,2026-05-25 05:51:53
u006678,visit,2026-04-05 17:21:58
u006679,visit,2026-01-02 16:49:49
u006679,signup,2026-01-03 16:16:47
u006679,activate,2026-01-03 21:33:28
u006680,visit,2026-01-19 10:26:07
u006681,visit,2026-05-22 13:49:40
u006681,signup,2026-05-24 00:45:01
u006682,visit,2026-02-27 05:21:04
u006683,visit,2026-05-27 11:24:35
u006684,visit,2026-03-25 22:52:08
u006685,visit,2025-12-20 08:42:16
u006686,visit,2026-01-06 00:21:10
u006687,visit,2025-12-02 01:57:51
u006688,visit,2026-05-29 07:45:56
u006688,signup,2026-05-30 19:02:46
u006689,visit,2026-01-05 20:15:36
u006690,visit,2026-01-17 02:51:34
u006691,visit,2025-12-06 04:52:47
u006692,visit,2026-04-05 12:58:24
u006692,signup,2026-04-07 03:00:20
u006692,activate,2026-04-07 15:44:56
u006692,purchase,2026-04-27 02:26:49
u006693,visit,2026-05-26 17:19:44
u006694,visit,2025-12-02 18:23:50
u006695,visit,2026-04-07 02:43:39
u006696,visit,2026-05-27 08:18:08
u006696,signup,2026-05-29 07:12:32
u006696,activate,2026-05-31 04:18:25
u006697,visit,2026-05-02 17:25:10
u006698,visit,2025-12-14 07:41:40
u006698,signup,2025-12-14 10:32:36
u006698,activate,2025-12-21 16:21:11
u006699,visit,2026-05-01 12:30:43
u006699,signup,2026-05-01 17:51:38
u006700,visit,2026-04-18 01:34:23
u006701,visit,2026-01-23 03:40:59
u006701,signup,2026-01-23 05:17:26
u006702,visit,2026-02-01 23:06:01
u006703,visit,2026-04-14 18:17:10
u006703,signup,2026-04-15 16:49:23
u006703,activate,2026-04-18 21:29:24
u006703,purchase,2026-04-23 15:18:25
u006704,visit,2025-12-07 02:38:21
u006705,visit,2026-01-02 23:24:13
u006705,signup,2026-01-04 07:21:05
u006705,activate,2026-01-04 11:45:45
u006705,purchase,2026-01-07 12:43:42
u006706,visit,2026-03-22 02:20:09
u006706,signup,2026-03-23 17:55:30
u006706,activate,2026-03-29 13:14:30
u006707,visit,2025-12-16 05:05:28
u006707,signup,2025-12-17 23:11:13
u006707,activate,2025-12-24 22:55:50
u006708,visit,2026-01-08 14:18:10
u006708,signup,2026-01-09 21:50:30
u006708,activate,2026-01-09 21:59:24
u006708,purchase,2026-01-13 12:58:02
u006709,visit,2026-03-23 20:07:04
u006710,visit,2026-02-03 06:44:59
u006710,signup,2026-02-03 14:58:28
u006711,visit,2026-05-14 14:33:10
u006711,signup,2026-05-16 11:22:15
u006711,activate,2026-05-17 07:15:09
u006711,purchase,2026-05-17 13:57:30
u006712,visit,2026-03-28 17:13:54
u006712,signup,2026-03-29 11:01:15
u006712,activate,2026-04-02 12:06:34
u006713,visit,2026-01-23 22:26:43
u006713,signup,2026-01-24 17:54:28
u006713,activate,2026-01-27 05:26:28
u006714,visit,2025-12-14 09:51:45
u006715,visit,2026-01-10 02:00:43
u006715,signup,2026-01-10 14:00:05
u006716,visit,2025-12-28 18:32:57
u006717,visit,2026-05-29 22:31:03
u006718,visit,2026-02-14 18:41:41
u006719,visit,2026-03-26 12:19:53
u006719,signup,2026-03-27 02:26:49
u006720,visit,2026-04-30 10:41:38
u006721,visit,2026-01-01 23:17:44
u006722,visit,2025-12-25 01:24:44
u006723,visit,2025-12-20 21:46:08
u006724,visit,2026-02-27 17:26:39
u006725,visit,2026-03-07 04:35:57
u006726,visit,2026-04-19 14:22:46
u006727,visit,2026-05-24 20:11:36
u006728,visit,2026-01-30 05:28:23
u006728,signup,2026-01-30 07:37:42
u006728,activate,2026-02-03 04:56:52
u006729,visit,2026-01-24 17:53:27
u006730,visit,2026-04-14 04:33:07
u006730,signup,2026-04-15 06:07:09
u006730,activate,2026-04-16 10:17:14
u006730,purchase,2026-05-05 22:56:06
u006731,visit,2026-03-15 17:26:53
u006732,visit,2026-05-02 23:09:52
u006733,visit,2025-12-09 04:19:45
u006734,visit,2026-02-02 18:06:47
u006735,visit,2026-02-28 07:06:05
u006735,signup,2026-03-01 03:16:13
u006736,visit,2026-03-07 00:53:21
u006736,signup,2026-03-07 03:03:22
u006737,visit,2026-04-05 10:37:22
u006738,visit,2026-02-20 12:04:57
u006739,visit,2026-04-05 13:18:56
u006739,signup,2026-04-05 19:57:51
u006739,activate,2026-04-08 13:08:57
u006739,purchase,2026-04-26 15:44:59
u006740,visit,2026-04-26 04:56:55
u006740,signup,2026-04-26 11:08:31
u006741,visit,2026-03-08 19:46:21
u006741,signup,2026-03-09 05:59:59
u006742,visit,2025-12-24 05:23:19
u006743,visit,2026-04-11 07:21:54
u006743,signup,2026-04-11 23:44:27
u006743,activate,2026-04-14 21:07:40
u006744,visit,2026-05-13 11:06:24
u006744,signup,2026-05-14 11:44:40
u006744,activate,2026-05-14 22:37:39
u006745,visit,2026-03-29 10:27:43
u006746,visit,2026-05-29 00:37:19
u006746,signup,2026-05-30 20:28:54
u006746,activate,2026-05-31 10:41:40
u006747,visit,2026-04-22 00:51:17
u006747,signup,2026-04-22 16:28:44
u006748,visit,2026-05-10 00:29:34
u006749,visit,2026-04-10 21:49:40
u006750,visit,2025-12-06 03:36:01
u006751,visit,2026-04-03 09:39:28
u006751,signup,2026-04-04 04:39:30
u006752,visit,2026-04-29 22:50:15
u006753,visit,2026-05-20 02:44:23
u006754,visit,2026-04-08 22:12:14
u006754,signup,2026-04-09 00:25:29
u006755,visit,2026-01-22 06:07:01
u006755,signup,2026-01-23 05:00:48
u006756,visit,2026-01-04 15:49:47
u006756,signup,2026-01-05 22:18:02
u006757,visit,2026-04-06 05:19:07
u006758,visit,2026-05-22 15:42:37
u006759,visit,2026-01-21 05:35:26
u006760,visit,2026-01-29 11:55:05
u006761,visit,2026-04-16 12:49:34
u006761,signup,2026-04-18 02:16:30
u006762,visit,2026-04-14 06:32:39
u006763,visit,2025-12-12 13:58:52
u006764,visit,2026-03-08 20:23:57
u006765,visit,2025-12-18 18:55:34
u006765,signup,2025-12-19 07:36:19
u006765,activate,2025-12-25 07:59:12
u006766,visit,2026-04-21 17:48:00
u006767,visit,2026-04-21 03:04:30
u006767,signup,2026-04-22 02:09:08
u006767,activate,2026-04-26 08:54:23
u006768,visit,2026-02-21 13:52:47
u006768,signup,2026-02-23 07:23:02
u006768,activate,2026-02-25 01:57:42
u006768,purchase,2026-03-05 06:24:58
u006769,visit,2025-12-08 03:37:53
u006770,visit,2026-02-10 08:24:21
u006770,signup,2026-02-11 11:48:03
u006771,visit,2025-12-08 07:43:05
u006772,visit,2026-01-24 17:07:44
u006773,visit,2025-12-19 14:10:19
u006773,signup,2025-12-20 20:12:21
u006773,activate,2025-12-21 17:46:07
u006774,visit,2025-12-06 08:57:13
u006774,signup,2025-12-07 02:04:10
u006775,visit,2025-12-11 00:22:57
u006775,signup,2025-12-12 18:25:17
u006775,activate,2025-12-13 02:13:52
u006776,visit,2026-03-16 23:33:41
u006777,visit,2025-12-21 10:54:17
u006778,visit,2026-05-13 11:36:03
u006779,visit,2026-05-12 22:24:30
u006780,visit,2026-01-15 12:26:36
u006781,visit,2026-03-03 01:09:13
u006781,signup,2026-03-03 18:42:14
u006782,visit,2026-04-29 02:52:01
u006783,visit,2026-02-19 11:40:20
u006783,signup,2026-02-20 05:14:57
u006784,visit,2026-01-05 03:17:48
u006785,visit,2026-01-03 19:40:16
u006786,visit,2026-01-10 11:49:53
u006787,visit,2026-02-02 00:11:19
u006787,signup,2026-02-03 07:07:51
u006788,visit,2026-03-23 13:12:59
u006788,signup,2026-03-24 08:06:28
u006788,activate,2026-04-02 14:13:31
u006789,visit,2026-01-02 01:23:21
u006790,visit,2026-01-01 15:59:51
u006790,signup,2026-01-03 11:30:36
u006791,visit,2026-03-15 15:47:12
u006792,visit,2026-01-28 14:12:25
u006792,signup,2026-01-30 00:44:40
u006793,visit,2026-05-14 00:17:04
u006794,visit,2025-12-26 16:08:18
u006795,visit,2025-12-30 08:11:25
u006796,visit,2026-04-05 23:33:27
u006797,visit,2026-03-16 18:21:26
u006798,visit,2026-01-05 07:17:46
u006799,visit,2026-05-15 05:14:49
u006800,visit,2026-03-12 15:10:25
u006801,visit,2026-04-10 13:25:59
u006802,visit,2025-12-23 01:52:15
u006802,signup,2025-12-24 08:27:16
u006803,visit,2026-05-15 15:02:46
u006804,visit,2026-03-11 19:24:42
u006804,signup,2026-03-12 02:21:26
u006805,visit,2026-04-28 01:00:44
u006806,visit,2025-12-24 01:22:37
u006807,visit,2026-03-25 11:24:30
u006807,signup,2026-03-26 21:46:38
u006808,visit,2026-02-22 11:43:51
u006808,signup,2026-02-24 05:44:47
u006808,activate,2026-02-26 16:30:18
u006809,visit,2025-12-30 19:13:33
u006810,visit,2026-01-07 03:43:23
u006810,signup,2026-01-07 04:29:13
u006810,activate,2026-01-07 06:29:05
u006810,purchase,2026-01-07 13:00:25
u006811,visit,2026-01-31 22:10:48
u006811,signup,2026-02-01 02:05:50
u006812,visit,2026-02-19 22:31:40
u006812,signup,2026-02-20 13:34:32
u006812,activate,2026-02-23 17:14:48
u006812,purchase,2026-03-02 04:38:56
u006813,visit,2026-05-01 12:53:16
u006813,signup,2026-05-02 00:28:01
u006813,activate,2026-05-02 00:43:16
u006814,visit,2026-01-21 01:18:33
u006814,signup,2026-01-22 00:18:53
u006815,visit,2026-04-10 22:57:23
u006816,visit,2026-03-29 13:03:24
u006817,visit,2026-03-31 13:07:12
u006818,visit,2025-12-24 06:58:28
u006819,visit,2026-04-05 01:47:15
u006820,visit,2026-01-29 07:19:17
u006821,visit,2026-02-06 07:08:12
u006822,visit,2026-01-21 01:33:08
u006823,visit,2026-04-01 08:37:31
u006824,visit,2026-03-13 09:46:37
u006824,signup,2026-03-14 20:17:19
u006825,visit,2026-03-30 12:06:27
u006826,visit,2026-05-10 12:49:14
u006826,signup,2026-05-11 03:27:53
u006826,activate,2026-05-16 21:00:23
u006826,purchase,2026-05-17 19:09:13
u006827,visit,2026-02-03 17:32:23
u006828,visit,2026-02-08 20:14:47
u006829,visit,2025-12-12 17:07:05
u006829,signup,2025-12-14 10:15:25
u006829,activate,2025-12-14 11:55:44
u006829,purchase,2025-12-28 13:28:57
u006830,visit,2026-04-20 09:34:35
u006831,visit,2026-01-24 04:07:30
u006832,visit,2026-05-06 16:21:53
u006833,visit,2026-05-27 21:55:38
u006834,visit,2026-05-10 20:28:21
u006834,signup,2026-05-12 18:48:56
u006834,activate,2026-05-16 15:00:13
u006835,visit,2025-12-20 18:18:47
u006835,signup,2025-12-20 23:14:47
u006835,activate,2025-12-24 18:30:50
u006835,purchase,2025-12-29 03:50:53
u006836,visit,2025-12-19 05:58:41
u006836,signup,2025-12-20 15:13:22
u006837,visit,2025-12-03 03:16:04
u006837,signup,2025-12-03 13:57:01
u006838,visit,2026-04-12 06:43:11
u006839,visit,2026-04-04 05:17:12
u006840,visit,2026-04-25 13:08:19
u006840,signup,2026-04-26 05:24:31
u006840,activate,2026-04-30 05:29:51
u006841,visit,2026-01-17 20:30:21
u006842,visit,2026-01-02 05:48:00
u006843,visit,2026-02-22 00:15:31
u006843,signup,2026-02-22 13:50:47
u006844,visit,2025-12-28 21:50:07
u006845,visit,2025-12-03 10:37:56
u006845,signup,2025-12-04 09:16:25
u006846,visit,2026-02-15 04:27:32
u006847,visit,2025-12-14 17:20:46
u006847,signup,2025-12-15 03:53:54
u006847,activate,2025-12-17 05:34:03
u006847,purchase,2025-12-27 16:05:43
u006848,visit,2026-01-11 06:26:58
u006848,signup,2026-01-13 00:10:43
u006848,activate,2026-01-16 01:58:58
u006848,purchase,2026-01-18 09:27:44
u006849,visit,2026-04-21 03:32:40
u006849,signup,2026-04-22 06:16:20
u006849,activate,2026-04-23 04:10:22
u006850,visit,2026-05-25 23:57:58
u006850,signup,2026-05-26 19:51:18
u006850,activate,2026-05-27 11:40:55
u006851,visit,2026-03-03 11:11:07
u006852,visit,2026-03-17 00:40:31
u006853,visit,2026-04-17 01:06:49
u006854,visit,2026-03-21 15:43:37
u006855,visit,2026-01-07 10:01:54
u006856,visit,2026-02-17 11:54:08
u006856,signup,2026-02-17 22:13:04
u006857,visit,2026-03-05 03:21:53
u006857,signup,2026-03-06 17:53:46
u006858,visit,2025-12-25 23:12:37
u006858,signup,2025-12-26 23:08:52
u006858,activate,2025-12-31 16:20:56
u006859,visit,2026-01-28 03:19:48
u006860,visit,2026-04-30 16:49:05
u006861,visit,2026-01-15 14:56:43
u006862,visit,2026-02-21 17:54:05
u006863,visit,2026-02-08 07:19:14
u006863,signup,2026-02-08 11:19:26
u006863,activate,2026-02-08 16:01:30
u006864,visit,2026-01-14 02:12:58
u006865,visit,2026-05-28 23:03:10
u006866,visit,2026-01-01 19:35:38
u006866,signup,2026-01-03 10:12:10
u006866,activate,2026-01-04 05:14:23
u006867,visit,2026-04-04 00:43:35
u006867,signup,2026-04-04 10:15:24
u006868,visit,2026-02-14 02:53:40
u006869,visit,2026-05-28 16:37:40
u006870,visit,2026-03-26 11:15:10
u006871,visit,2026-03-26 05:30:55
u006871,signup,2026-03-27 11:01:56
u006872,visit,2026-05-22 13:23:17
u006872,signup,2026-05-23 10:17:40
u006873,visit,2026-04-06 19:47:07
u006873,signup,2026-04-07 22:59:05
u006873,activate,2026-04-09 12:22:35
u006873,purchase,2026-05-06 17:33:48
u006874,visit,2025-12-28 21:01:20
u006875,visit,2026-02-15 01:54:56
u006876,visit,2025-12-22 11:23:00
u006877,visit,2026-04-20 00:29:33
u006878,visit,2025-12-17 12:52:52
u006879,visit,2026-05-05 02:59:31
u006880,visit,2026-04-18 23:21:10
u006881,visit,2026-04-18 21:00:00
u006881,signup,2026-04-20 17:25:56
u006881,activate,2026-04-21 14:15:46
u006881,purchase,2026-04-22 12:54:21
u006882,visit,2025-12-12 08:41:35
u006882,signup,2025-12-13 16:01:42
u006882,activate,2025-12-13 20:37:20
u006882,purchase,2025-12-21 10:29:40
u006883,visit,2026-02-18 13:22:36
u006884,visit,2026-05-20 13:47:01
u006885,visit,2025-12-13 19:57:29
u006885,signup,2025-12-15 08:08:31
u006886,visit,2026-04-09 08:30:02
u006887,visit,2026-01-02 17:20:12
u006888,visit,2026-03-05 17:26:44
u006889,visit,2026-04-04 03:40:17
u006890,visit,2026-01-20 04:35:06
u006890,signup,2026-01-21 12:40:38
u006890,activate,2026-01-21 15:00:53
u006891,visit,2026-05-19 18:42:10
u006892,visit,2026-02-22 13:35:49
u006893,visit,2026-03-01 18:20:26
u006894,visit,2026-05-28 03:23:07
u006894,signup,2026-05-29 22:23:41
u006894,activate,2026-05-31 07:16:58
u006895,visit,2026-04-07 07:10:30
u006895,signup,2026-04-08 22:44:08
u006895,activate,2026-04-12 20:58:12
u006896,visit,2026-04-30 09:34:35
u006897,visit,2026-05-03 19:20:40
u006898,visit,2026-03-08 08:06:33
u006899,visit,2026-03-21 15:16:20
u006899,signup,2026-03-22 12:25:03
u006899,activate,2026-03-22 19:49:00
u006899,purchase,2026-04-10 04:01:36
u006900,visit,2026-04-27 19:29:27
u006901,visit,2026-05-14 23:13:21
u006901,signup,2026-05-16 11:05:45
u006901,activate,2026-05-16 23:25:06
u006902,visit,2026-05-16 09:54:25
u006903,visit,2026-03-19 18:55:29
u006904,visit,2026-01-25 20:02:21
u006905,visit,2026-04-24 16:34:20
u006906,visit,2026-05-25 02:25:45
u006907,visit,2025-12-13 18:46:19
u006907,signup,2025-12-14 17:10:15
u006907,activate,2025-12-17 04:13:09
u006907,purchase,2025-12-17 22:31:47
u006908,visit,2026-01-16 21:23:09
u006909,visit,2025-12-22 14:24:56
u006910,visit,2026-05-28 01:16:18
u006911,visit,2026-03-04 06:12:26
u006911,signup,2026-03-05 13:30:27
u006911,activate,2026-03-06 13:40:00
u006911,purchase,2026-03-28 13:22:56
u006912,visit,2026-01-26 19:52:34
u006912,signup,2026-01-28 11:45:35
u006912,activate,2026-01-29 07:32:22
u006913,visit,2026-02-13 15:39:57
u006913,signup,2026-02-15 08:28:33
u006913,activate,2026-02-17 16:06:46
u006913,purchase,2026-02-19 20:59:59
u006914,visit,2026-02-05 05:38:26
u006915,visit,2026-04-24 08:16:31
u006916,visit,2026-01-26 18:20:00
u006917,visit,2026-03-24 03:27:41
u006917,signup,2026-03-24 19:44:18
u006918,visit,2026-03-22 09:00:13
u006918,signup,2026-03-22 09:54:57
u006919,visit,2026-01-23 05:58:40
u006920,visit,2026-02-10 20:13:43
u006920,signup,2026-02-12 02:52:45
u006920,activate,2026-02-18 19:53:45
u006921,visit,2025-12-20 07:27:31
u006921,signup,2025-12-21 09:59:19
u006921,activate,2025-12-21 16:14:56
u006921,purchase,2025-12-25 13:10:38
u006922,visit,2026-01-16 02:25:46
u006922,signup,2026-01-16 14:32:17
u006922,activate,2026-01-20 12:51:25
u006922,purchase,2026-01-25 10:24:07
u006923,visit,2026-04-16 01:20:08
u006924,visit,2026-04-21 16:03:21
u006924,signup,2026-04-22 07:47:56
u006924,activate,2026-04-23 09:58:17
u006925,visit,2026-02-02 15:50:48
u006925,signup,2026-02-04 11:24:18
u006926,visit,2026-03-02 22:28:36
u006926,signup,2026-03-03 11:04:44
u006926,activate,2026-03-06 04:40:29
u006926,purchase,2026-03-13 11:32:44
u006927,visit,2025-12-20 21:01:24
u006927,signup,2025-12-21 19:48:13
u006927,activate,2025-12-24 04:51:42
u006928,visit,2026-04-14 04:40:13
u006929,visit,2026-02-13 14:30:03
u006930,visit,2026-02-11 11:25:25
u006931,visit,2026-04-03 09:35:28
u006932,visit,2026-01-16 01:02:57
u006933,visit,2026-04-16 19:58:32
u006934,visit,2026-05-27 20:46:23
u006935,visit,2026-03-07 07:37:04
u006936,visit,2026-05-12 04:02:35
u006937,visit,2026-03-27 00:24:09
u006937,signup,2026-03-27 23:17:55
u006938,visit,2026-03-15 16:01:34
u006939,visit,2026-01-17 20:30:55
u006939,signup,2026-01-18 03:43:18
u006940,visit,2026-02-04 00:40:38
u006941,visit,2025-12-16 01:14:34
u006942,visit,2026-01-31 21:34:27
u006942,signup,2026-02-01 23:11:30
u006942,activate,2026-02-02 05:52:04
u006942,purchase,2026-02-13 06:48:23
u006943,visit,2026-05-29 02:20:30
u006943,signup,2026-05-29 06:06:02
u006943,activate,2026-05-30 15:23:11
u006944,visit,2026-02-19 14:56:39
u006944,signup,2026-02-20 18:31:47
u006944,activate,2026-02-24 09:05:51
u006944,purchase,2026-02-26 06:50:03
u006945,visit,2026-05-05 16:22:13
u006945,signup,2026-05-07 15:46:14
u006945,activate,2026-05-08 05:05:26
u006946,visit,2026-01-11 18:43:41
u006947,visit,2025-12-02 12:28:52
u006948,visit,2026-03-12 14:54:41
u006949,visit,2026-05-18 20:59:58
u006950,visit,2026-02-25 22:18:01
u006950,signup,2026-02-26 06:54:55
u006950,activate,2026-02-28 14:19:13
u006951,visit,2026-04-04 20:17:05
u006951,signup,2026-04-05 11:52:07
u006952,visit,2026-05-17 01:41:51
u006953,visit,2026-02-11 10:01:39
u006954,visit,2026-02-13 17:15:02
u006955,visit,2026-05-10 10:56:12
u006956,visit,2026-02-24 06:52:22
u006956,signup,2026-02-25 04:05:00
u006957,visit,2026-02-14 03:41:30
u006957,signup,2026-02-15 09:25:20
u006957,activate,2026-02-15 21:41:36
u006958,visit,2026-05-24 08:09:37
u006958,signup,2026-05-25 21:33:32
u006958,activate,2026-05-26 08:33:17
u006959,visit,2025-12-07 06:31:23
u006960,visit,2026-03-28 06:55:55
u006960,signup,2026-03-28 18:15:33
u006960,activate,2026-03-29 08:26:35
u006960,purchase,2026-04-05 19:52:22
u006961,visit,2025-12-19 06:14:03
u006961,signup,2025-12-20 16:52:00
u006961,activate,2025-12-26 18:30:43
u006962,visit,2026-03-18 01:04:01
u006963,visit,2026-05-13 13:50:08
u006964,visit,2026-02-20 01:01:13
u006965,visit,2026-05-23 03:07:07
u006965,signup,2026-05-23 17:34:17
u006965,activate,2026-05-25 06:09:47
u006966,visit,2026-01-13 00:09:21
u006966,signup,2026-01-14 08:59:51
u006966,activate,2026-01-15 03:10:35
u006967,visit,2026-05-16 15:27:29
u006968,visit,2026-03-26 10:13:54
u006969,visit,2026-03-19 20:22:32
u006969,signup,2026-03-20 00:27:48
u006970,visit,2026-02-25 03:47:33
u006971,visit,2026-04-09 00:33:07
u006972,visit,2026-03-01 09:08:25
u006973,visit,2025-12-14 15:19:04
u006974,visit,2026-04-07 01:40:03
u006975,visit,2026-05-18 08:56:48
u006976,visit,2026-01-01 17:00:09
u006977,visit,2026-01-10 05:19:53
u006978,visit,2025-12-13 18:41:59
u006978,signup,2025-12-15 09:17:00
u006979,visit,2026-02-16 05:48:28
u006980,visit,2026-03-30 20:06:56
u006981,visit,2026-01-04 10:44:15
u006982,visit,2026-02-25 22:19:25
u006983,visit,2025-12-19 00:08:23
u006984,visit,2026-04-07 05:33:23
u006985,visit,2025-12-18 19:47:30
u006985,signup,2025-12-18 21:35:59
u006986,visit,2026-01-02 23:29:29
u006987,visit,2026-05-12 03:47:58
u006988,visit,2026-01-23 08:50:46
u006989,visit,2026-05-05 05:19:54
u006990,visit,2026-02-23 11:34:07
u006991,visit,2026-04-06 09:46:40
u006991,signup,2026-04-08 09:38:19
u006991,activate,2026-04-12 22:36:32
u006992,visit,2026-02-13 01:54:48
u006992,signup,2026-02-14 00:28:03
u006992,activate,2026-02-15 20:02:55
u006993,visit,2026-05-11 12:53:38
u006994,visit,2025-12-16 23:36:37
u006995,visit,2026-01-29 00:05:41
u006996,visit,2026-05-19 15:45:25
u006997,visit,2026-05-23 04:22:00
u006998,visit,2025-12-19 02:37:13
u006999,visit,2026-01-24 17:27:10
u006999,signup,2026-01-25 20:11:33
u006999,activate,2026-01-27 13:01:17
u007000,visit,2026-02-01 17:28:04
u007001,visit,2026-02-12 10:37:00
u007001,signup,2026-02-13 18:45:06
u007002,visit,2026-01-27 21:54:49
u007003,visit,2025-12-23 00:05:42
u007003,signup,2025-12-24 05:26:50
u007003,activate,2025-12-29 13:15:41
u007003,purchase,2026-01-18 18:57:30
u007004,visit,2026-04-29 20:48:36
u007005,visit,2026-02-23 07:18:55
u007006,visit,2026-01-28 04:27:10
u007006,signup,2026-01-29 17:55:16
u007007,visit,2026-05-07 20:31:59
u007008,visit,2026-02-06 12:17:19
u007009,visit,2025-12-28 22:19:51
u007010,visit,2026-01-22 23:25:00
u007010,signup,2026-01-23 21:34:14
u007010,activate,2026-01-26 21:48:38
u007011,visit,2025-12-12 21:54:37
u007011,signup,2025-12-14 03:37:02
u007012,visit,2026-03-21 21:21:14
u007013,visit,2026-01-23 14:32:14
u007014,visit,2026-05-28 16:21:21
u007014,signup,2026-05-30 06:45:27
u007014,activate,2026-06-01 16:34:46
u007015,visit,2026-01-27 08:21:01
u007016,visit,2025-12-06 21:33:32
u007016,signup,2025-12-08 04:19:48
u007017,visit,2026-01-18 15:21:18
u007018,visit,2026-02-17 05:10:16
u007018,signup,2026-02-18 03:23:37
u007018,activate,2026-02-19 08:37:28
u007019,visit,2026-04-12 15:13:57
u007019,signup,2026-04-12 19:52:11
u007019,activate,2026-04-19 01:57:53
u007020,visit,2026-05-07 12:42:37
u007021,visit,2025-12-12 22:46:01
u007022,visit,2026-04-03 11:27:33
u007022,signup,2026-04-05 09:54:50
u007023,visit,2026-01-02 21:10:31
u007023,signup,2026-01-04 17:36:34
u007024,visit,2026-05-22 00:04:18
u007025,visit,2026-03-12 17:21:06
u007026,visit,2026-04-18 16:42:44
u007027,visit,2026-04-19 23:35:00
u007028,visit,2026-04-04 13:39:25
u007029,visit,2026-02-01 02:24:34
u007030,visit,2026-05-28 23:32:02
u007030,signup,2026-05-29 03:43:44
u007031,visit,2026-02-16 20:57:21
u007031,signup,2026-02-18 18:42:51
u007032,visit,2025-12-17 14:43:18
u007033,visit,2026-02-14 15:30:30
u007033,signup,2026-02-15 19:13:47
u007033,activate,2026-02-18 15:09:14
u007034,visit,2026-03-07 05:25:21
u007035,visit,2026-05-25 23:34:24
u007036,visit,2025-12-15 23:24:43
u007036,signup,2025-12-17 09:24:21
u007036,activate,2025-12-23 15:39:16
u007037,visit,2026-02-25 16:07:58
u007038,visit,2026-02-01 08:48:23
u007039,visit,2026-02-20 06:11:35
u007040,visit,2026-01-22 19:48:41
u007040,signup,2026-01-22 19:50:54
u007040,activate,2026-01-27 09:55:10
u007041,visit,2025-12-14 06:45:30
u007041,signup,2025-12-14 22:00:31
u007042,visit,2026-01-19 18:06:27
u007043,visit,2025-12-02 04:19:22
u007043,signup,2025-12-02 19:32:58
u007044,visit,2026-02-01 20:38:12
u007045,visit,2026-01-18 16:40:49
u007045,signup,2026-01-20 11:30:03
u007046,visit,2026-03-31 20:45:14
u007046,signup,2026-03-31 22:19:30
u007046,activate,2026-04-03 09:20:12
u007047,visit,2026-01-29 00:33:49
u007048,visit,2026-03-07 04:27:13
u007048,signup,2026-03-07 09:25:47
u007049,visit,2026-05-08 02:54:08
u007049,signup,2026-05-09 12:10:37
u007049,activate,2026-05-10 21:54:50
u007050,visit,2026-04-27 02:50:12
u007051,visit,2026-02-09 15:05:35
u007052,visit,2026-04-22 15:48:27
u007053,visit,2026-02-25 00:20:21
u007053,signup,2026-02-26 13:05:42
u007054,visit,2026-01-02 06:51:32
u007054,signup,2026-01-03 20:43:35
u007055,visit,2026-03-04 13:52:45
u007056,visit,2026-04-12 23:36:12
u007057,visit,2026-01-28 08:16:57
u007057,signup,2026-01-29 22:00:08
u007057,activate,2026-01-30 12:53:03
u007058,visit,2025-12-03 03:37:02
u007058,signup,2025-12-04 04:13:28
u007058,activate,2025-12-04 20:05:45
u007059,visit,2026-01-28 05:23:18
u007060,visit,2026-03-08 23:59:02
u007061,visit,2026-05-12 05:16:43
u007062,visit,2025-12-12 04:05:40
u007063,visit,2026-05-29 01:57:31
u007064,visit,2025-12-18 03:42:06
u007065,visit,2026-04-20 08:47:54
u007066,visit,2026-02-22 07:11:12
u007066,signup,2026-02-22 07:29:46
u007067,visit,2026-02-20 20:46:57
u007068,visit,2026-01-13 06:01:58
u007069,visit,2026-04-24 10:51:43
u007069,signup,2026-04-24 20:37:13
u007070,visit,2025-12-21 01:55:54
u007071,visit,2025-12-22 04:21:32
u007072,visit,2026-01-15 04:41:05
u007072,signup,2026-01-15 13:02:20
u007073,visit,2025-12-26 00:37:25
u007074,visit,2025-12-04 05:31:13
u007075,visit,2026-02-11 19:35:52
u007076,visit,2026-03-13 09:30:15
u007076,signup,2026-03-14 00:49:33
u007076,activate,2026-03-19 23:14:50
u007077,visit,2025-12-07 11:59:57
u007078,visit,2026-02-26 12:01:01
u007078,signup,2026-02-27 17:43:54
u007078,activate,2026-03-03 10:20:36
u007078,purchase,2026-03-17 01:50:02
u007079,visit,2026-03-09 11:25:53
u007079,signup,2026-03-11 10:02:56
u007080,visit,2026-02-22 11:55:50
u007081,visit,2026-02-05 12:09:46
u007082,visit,2025-12-29 15:20:32
u007083,visit,2026-04-18 11:10:06
u007083,signup,2026-04-20 05:17:39
u007084,visit,2026-05-25 02:17:17
u007085,visit,2026-01-10 17:33:28
u007085,signup,2026-01-11 06:44:47
u007085,activate,2026-01-17 07:44:36
u007086,visit,2026-04-20 01:47:53
u007086,signup,2026-04-21 08:15:20
u007087,visit,2025-12-09 21:31:56
u007088,visit,2026-05-28 12:09:43
u007088,signup,2026-05-28 21:57:41
u007088,activate,2026-06-01 20:40:36
u007089,visit,2026-04-26 08:37:07
u007090,visit,2025-12-12 06:42:34
u007091,visit,2026-01-11 01:56:39
u007092,visit,2026-05-24 13:02:22
u007093,visit,2026-04-04 03:35:23
u007093,signup,2026-04-05 00:40:17
u007093,activate,2026-04-09 01:38:28
u007094,visit,2026-05-16 17:24:53
u007095,visit,2026-01-14 04:49:01
u007096,visit,2026-01-01 12:33:12
u007096,signup,2026-01-02 22:22:24
u007097,visit,2026-01-20 09:45:02
u007097,signup,2026-01-20 12:16:08
u007098,visit,2026-01-03 00:51:09
u007098,signup,2026-01-03 20:18:36
u007099,visit,2026-05-03 13:41:29
u007100,visit,2026-05-25 01:56:03
u007100,signup,2026-05-25 22:45:06
u007101,visit,2026-04-14 13:42:35
u007101,signup,2026-04-16 04:57:41
u007101,activate,2026-04-20 09:50:37
u007102,visit,2026-01-05 19:10:06
u007102,signup,2026-01-06 12:30:07
u007102,activate,2026-01-09 02:23:55
u007102,purchase,2026-01-15 06:24:26
u007103,visit,2026-03-04 20:18:57
u007104,visit,2026-01-27 23:28:40
u007104,signup,2026-01-28 06:44:55
u007104,activate,2026-01-30 13:25:43
u007105,visit,2026-05-05 21:59:34
u007105,signup,2026-05-06 08:34:19
u007106,visit,2026-03-02 19:23:43
u007106,signup,2026-03-03 16:01:13
u007107,visit,2026-03-22 08:43:19
u007108,visit,2026-02-20 00:11:59
u007109,visit,2026-02-28 06:49:46
u007109,signup,2026-03-01 01:16:56
u007109,activate,2026-03-05 11:06:04
u007110,visit,2026-04-08 04:29:35
u007110,signup,2026-04-09 10:56:15
u007110,activate,2026-04-09 12:09:03
u007111,visit,2026-05-22 13:21:36
u007112,visit,2026-05-03 04:38:17
u007113,visit,2026-02-19 00:39:25
u007114,visit,2026-04-14 14:19:53
u007115,visit,2025-12-27 10:47:46
u007115,signup,2025-12-27 12:44:12
u007116,visit,2026-02-04 05:39:47
u007116,signup,2026-02-05 05:11:08
u007117,visit,2025-12-30 20:20:38
u007118,visit,2026-03-21 16:01:33
u007119,visit,2025-12-27 06:03:41
u007120,visit,2026-01-15 15:40:14
u007121,visit,2025-12-17 22:36:07
u007121,signup,2025-12-18 02:42:01
u007122,visit,2026-03-08 11:20:25
u007123,visit,2025-12-17 09:02:05
u007123,signup,2025-12-19 01:57:59
u007124,visit,2026-03-26 21:46:02
u007124,signup,2026-03-28 14:02:26
u007125,visit,2025-12-03 22:00:36
u007125,signup,2025-12-04 04:37:49
u007125,activate,2025-12-04 05:46:40
u007125,purchase,2025-12-08 22:59:57
u007126,visit,2026-04-04 09:30:06
u007126,signup,2026-04-06 00:37:07
u007126,activate,2026-04-09 11:45:40
u007126,purchase,2026-04-16 09:26:24
u007127,visit,2026-03-18 02:40:32
u007128,visit,2026-04-14 10:21:32
u007129,visit,2026-04-07 20:01:47
u007130,visit,2026-05-25 12:48:30
u007131,visit,2026-03-03 08:43:25
u007132,visit,2026-05-07 06:59:39
u007132,signup,2026-05-08 05:14:07
u007132,activate,2026-05-09 18:35:29
u007133,visit,2026-05-24 02:28:52
u007133,signup,2026-05-24 06:57:35
u007134,visit,2026-04-21 18:58:13
u007135,visit,2026-03-16 20:00:27
u007136,visit,2026-01-16 20:12:08
u007136,signup,2026-01-18 19:33:36
u007136,activate,2026-01-20 16:00:01
u007136,purchase,2026-02-10 14:14:43
u007137,visit,2025-12-03 05:11:36
u007137,signup,2025-12-03 10:19:19
u007138,visit,2026-03-13 19:09:32
u007139,visit,2025-12-16 01:55:56
u007139,signup,2025-12-16 10:48:49
u007140,visit,2026-04-09 03:53:40
u007141,visit,2026-05-14 07:01:52
u007142,visit,2026-04-24 18:19:16
u007142,signup,2026-04-24 23:53:29
u007142,activate,2026-04-25 17:25:25
u007143,visit,2026-03-13 18:30:45
u007144,visit,2026-01-05 10:48:03
u007145,visit,2026-05-25 19:55:49
u007146,visit,2026-04-04 05:17:59
u007146,signup,2026-04-04 15:05:59
u007146,activate,2026-04-04 23:16:03
u007147,visit,2026-03-19 10:00:42
u007148,visit,2026-03-28 20:41:39
u007149,visit,2026-02-03 21:05:46
u007149,signup,2026-02-05 16:28:26
u007150,visit,2026-05-20 21:32:11
u007151,visit,2026-03-04 02:43:37
u007152,visit,2026-05-21 02:32:35
u007152,signup,2026-05-21 14:43:32
u007153,visit,2026-02-22 06:20:55
u007153,signup,2026-02-22 12:45:48
u007153,activate,2026-02-25 14:13:29
u007154,visit,2026-01-02 14:28:21
u007155,visit,2026-05-08 08:23:48
u007156,visit,2026-05-11 21:36:18
u007156,signup,2026-05-13 16:46:33
u007156,activate,2026-05-14 04:48:49
u007157,visit,2026-02-28 12:48:46
u007157,signup,2026-03-02 07:06:25
u007157,activate,2026-03-07 17:37:30
u007158,visit,2026-03-16 04:42:57
u007158,signup,2026-03-17 12:44:53
u007159,visit,2026-05-29 08:22:12
u007159,signup,2026-05-30 22:38:39
u007159,activate,2026-06-02 10:14:30
u007160,visit,2025-12-11 20:29:26
u007160,signup,2025-12-12 06:09:10
u007161,visit,2026-03-14 09:00:03
u007162,visit,2025-12-22 09:11:01
u007162,signup,2025-12-22 13:29:57
u007163,visit,2026-01-14 07:28:49
u007164,visit,2026-01-04 15:56:06
u007165,visit,2026-01-04 11:19:41
u007166,visit,2025-12-24 01:03:46
u007166,signup,2025-12-25 11:08:44
u007166,activate,2025-12-26 16:49:24
u007167,visit,2026-02-21 02:18:43
u007167,signup,2026-02-22 12:37:24
u007168,visit,2026-01-07 18:29:26
u007169,visit,2026-02-02 14:42:02
u007170,visit,2026-02-16 12:20:21
u007171,visit,2025-12-28 21:00:48
u007172,visit,2026-05-15 09:53:23
u007173,visit,2026-04-12 11:16:03
u007173,signup,2026-04-14 00:40:04
u007174,visit,2026-02-28 05:28:46
u007175,visit,2026-05-20 09:19:49
u007176,visit,2026-01-21 07:13:24
u007177,visit,2026-03-30 13:10:21
u007177,signup,2026-03-31 22:24:57
u007177,activate,2026-04-08 04:07:47
u007177,purchase,2026-04-20 10:10:49
u007178,visit,2026-04-18 05:15:09
u007178,signup,2026-04-19 03:45:44
u007179,visit,2026-01-10 07:42:38
u007179,signup,2026-01-11 01:26:46
u007179,activate,2026-01-13 09:37:55
u007179,purchase,2026-01-22 04:10:20
u007180,visit,2026-05-30 04:56:45
u007181,visit,2026-04-08 06:54:47
u007182,visit,2026-02-25 08:05:53
u007183,visit,2026-05-01 10:16:56
u007183,signup,2026-05-03 07:23:13
u007184,visit,2026-03-10 02:30:04
u007184,signup,2026-03-10 19:55:22
u007184,activate,2026-03-12 17:33:34
u007185,visit,2026-01-27 19:18:32
u007185,signup,2026-01-27 21:27:27
u007186,visit,2026-03-23 05:36:36
u007187,visit,2025-12-04 21:02:25
u007187,signup,2025-12-05 12:56:19
u007187,activate,2025-12-05 15:26:16
u007188,visit,2026-01-16 10:31:13
u007188,signup,2026-01-18 09:15:05
u007188,activate,2026-01-18 21:51:17
u007189,visit,2025-12-14 23:55:49
u007189,signup,2025-12-16 03:15:53
u007190,visit,2026-05-06 02:59:33
u007190,signup,2026-05-07 12:24:59
u007191,visit,2026-02-18 16:10:47
u007192,visit,2026-01-26 20:48:35
u007192,signup,2026-01-28 06:46:27
u007193,visit,2025-12-20 23:02:06
u007194,visit,2026-01-23 15:13:59
u007195,visit,2026-01-03 21:23:18
u007196,visit,2026-02-02 13:55:20
u007197,visit,2026-04-21 18:19:43
u007197,signup,2026-04-22 19:29:41
u007198,visit,2026-05-26 20:43:57
u007199,visit,2026-03-29 11:57:40
u007200,visit,2026-02-16 07:59:09
u007201,visit,2026-04-23 05:35:06
u007201,signup,2026-04-23 17:58:02
u007202,visit,2026-02-26 05:43:08
u007203,visit,2025-12-22 11:31:58
u007204,visit,2026-04-11 02:20:26
u007204,signup,2026-04-12 09:14:04
u007205,visit,2025-12-03 05:04:25
u007205,signup,2025-12-04 18:07:47
u007205,activate,2025-12-07 23:03:01
u007206,visit,2026-01-30 12:48:39
u007207,visit,2026-04-15 07:40:47
u007208,visit,2026-05-18 14:28:08
u007208,signup,2026-05-19 10:30:13
u007208,activate,2026-05-25 07:40:43
u007209,visit,2026-05-02 15:40:38
u007210,visit,2025-12-09 00:06:22
u007210,signup,2025-12-09 11:58:09
u007210,activate,2025-12-12 10:46:38
u007211,visit,2026-03-10 07:56:33
u007212,visit,2026-05-18 05:53:27
u007213,visit,2025-12-11 15:57:48
u007213,signup,2025-12-11 16:24:04
u007213,activate,2025-12-12 07:39:24
u007213,purchase,2025-12-13 04:09:06
u007214,visit,2026-04-07 15:31:32
u007214,signup,2026-04-09 00:02:35
u007215,visit,2026-01-07 04:05:52
u007216,visit,2026-05-28 20:47:36
u007216,signup,2026-05-30 06:50:19
u007217,visit,2026-02-24 16:19:11
u007218,visit,2025-12-10 15:31:13
u007219,visit,2026-01-30 11:32:21
u007220,visit,2026-02-09 08:49:49
u007221,visit,2026-03-28 21:19:48
u007221,signup,2026-03-29 05:53:54
u007221,activate,2026-03-29 14:40:51
u007222,visit,2026-01-11 14:41:25
u007223,visit,2026-03-05 11:26:57
u007224,visit,2026-04-10 22:28:57
u007225,visit,2026-05-20 11:32:13
u007225,signup,2026-05-22 10:39:41
u007225,activate,2026-05-24 11:46:59
u007226,visit,2026-01-29 09:16:17
u007226,signup,2026-01-29 14:48:00
u007227,visit,2026-01-15 04:17:53
u007227,signup,2026-01-15 17:58:24
u007228,visit,2025-12-17 07:09:59
u007229,visit,2026-03-27 20:30:34
u007230,visit,2026-02-15 10:04:53
u007231,visit,2026-04-29 11:13:08
u007232,visit,2026-05-12 14:00:01
u007233,visit,2026-05-27 13:19:44
u007234,visit,2026-05-06 00:29:14
u007235,visit,2026-03-31 02:43:22
u007235,signup,2026-03-31 22:27:49
u007236,visit,2025-12-16 18:31:14
u007236,signup,2025-12-17 04:30:47
u007236,activate,2025-12-20 11:45:35
u007237,visit,2026-01-20 00:34:29
u007238,visit,2026-02-24 03:01:06
u007238,signup,2026-02-25 17:18:22
u007239,visit,2026-01-08 11:02:09
u007240,visit,2025-12-19 00:00:32
u007241,visit,2025-12-22 13:17:02
u007241,signup,2025-12-22 15:51:34
u007241,activate,2025-12-22 16:37:42
u007242,visit,2026-05-12 09:17:47
u007243,visit,2026-03-20 13:44:10
u007243,signup,2026-03-21 12:03:10
u007244,visit,2025-12-11 20:25:51
u007244,signup,2025-12-13 00:53:03
u007244,activate,2025-12-13 07:13:05
u007245,visit,2025-12-14 10:11:09
u007246,visit,2026-05-24 22:23:16
u007247,visit,2026-05-19 15:03:43
u007248,visit,2026-01-14 07:19:47
u007249,visit,2026-01-05 15:50:59
u007250,visit,2026-04-04 16:59:23
u007251,visit,2026-04-02 19:58:12
u007251,signup,2026-04-03 15:56:28
u007252,visit,2026-01-25 23:49:45
u007253,visit,2026-03-15 04:53:25
u007253,signup,2026-03-16 06:49:43
u007254,visit,2026-01-26 01:55:26
u007254,signup,2026-01-26 07:22:08
u007255,visit,2026-01-11 02:16:12
u007256,visit,2026-01-10 11:51:54
u007256,signup,2026-01-11 03:02:46
u007257,visit,2026-05-07 21:38:22
u007258,visit,2026-01-19 08:48:25
u007258,signup,2026-01-19 09:06:41
u007258,activate,2026-01-20 07:47:41
u007259,visit,2026-04-09 12:44:45
u007259,signup,2026-04-10 04:18:33
u007260,visit,2026-01-15 12:30:39
u007261,visit,2025-12-21 03:40:25
u007261,signup,2025-12-22 14:32:33
u007262,visit,2026-03-31 15:42:36
u007263,visit,2026-02-20 22:30:03
u007264,visit,2025-12-15 02:24:34
u007264,signup,2025-12-16 12:17:04
u007264,activate,2025-12-19 15:35:58
u007265,visit,2026-01-25 10:04:05
u007265,signup,2026-01-26 05:37:09
u007265,activate,2026-01-28 19:59:17
u007265,purchase,2026-02-03 11:23:36
u007266,visit,2026-04-03 20:37:06
u007266,signup,2026-04-04 05:47:27
u007267,visit,2026-01-19 09:23:26
u007268,visit,2026-04-03 11:45:06
u007269,visit,2026-01-29 10:55:59
u007269,signup,2026-01-30 09:22:30
u007269,activate,2026-01-30 22:16:50
u007269,purchase,2026-01-31 02:49:15
u007270,visit,2025-12-30 10:02:35
u007271,visit,2026-02-19 13:56:52
u007272,visit,2026-04-28 01:25:44
u007272,signup,2026-04-29 00:51:31
u007272,activate,2026-05-01 04:13:56
u007273,visit,2026-02-04 01:04:28
u007274,visit,2026-04-14 11:08:30
u007275,visit,2026-04-21 04:38:54
u007276,visit,2026-01-07 15:35:16
u007276,signup,2026-01-09 15:21:58
u007276,activate,2026-01-12 16:18:35
u007277,visit,2026-02-13 14:31:11
u007278,visit,2026-05-30 07:17:02
u007279,visit,2025-12-31 11:40:55
u007280,visit,2026-03-11 03:55:34
u007280,signup,2026-03-13 00:37:57
u007280,activate,2026-03-13 02:25:28
u007280,purchase,2026-03-19 21:20:14
u007281,visit,2026-05-05 17:18:52
u007281,signup,2026-05-06 12:56:12
u007282,visit,2026-02-10 18:54:02
u007282,signup,2026-02-11 04:36:52
u007282,activate,2026-02-12 13:03:17
u007283,visit,2026-05-19 18:28:56
u007284,visit,2026-05-23 22:26:38
u007284,signup,2026-05-25 12:28:16
u007284,activate,2026-05-27 04:02:39
u007285,visit,2026-01-19 17:33:59
u007285,signup,2026-01-21 12:42:40
u007285,activate,2026-01-27 05:17:06
u007286,visit,2026-02-12 21:55:26
u007287,visit,2026-04-09 04:20:49
u007288,visit,2026-03-22 02:19:45
u007289,visit,2026-02-26 22:07:09
u007290,visit,2026-02-24 02:00:29
u007290,signup,2026-02-26 01:49:43
u007290,activate,2026-02-26 22:54:39
u007291,visit,2026-05-23 04:18:27
u007291,signup,2026-05-23 07:26:05
u007291,activate,2026-05-26 02:54:46
u007292,visit,2026-03-08 03:32:55
u007293,visit,2026-02-01 22:44:38
u007293,signup,2026-02-02 23:00:07
u007293,activate,2026-02-05 07:19:29
u007293,purchase,2026-02-12 01:24:24
u007294,visit,2026-04-06 15:28:06
u007295,visit,2025-12-16 01:30:16
u007296,visit,2026-03-31 06:18:57
u007297,visit,2026-03-29 19:19:35
u007298,visit,2026-01-05 12:14:51
u007298,signup,2026-01-06 08:28:24
u007298,activate,2026-01-09 11:09:35
u007299,visit,2025-12-24 14:52:46
u007299,signup,2025-12-26 12:20:06
u007299,activate,2025-12-26 17:39:32
u007300,visit,2026-05-01 17:13:31
u007300,signup,2026-05-03 16:34:46
u007300,activate,2026-05-05 03:45:52
u007301,visit,2026-03-21 02:13:26
u007302,visit,2026-05-11 13:25:26
u007303,visit,2026-01-17 08:11:20
u007304,visit,2026-03-30 17:35:54
u007305,visit,2026-03-24 11:19:06
u007306,visit,2026-05-14 07:46:40
u007307,visit,2026-05-24 17:33:08
u007307,signup,2026-05-25 13:40:37
u007308,visit,2026-02-14 07:13:26
u007309,visit,2026-05-06 02:52:13
u007309,signup,2026-05-07 10:50:05
u007310,visit,2025-12-21 01:45:44
u007311,visit,2026-02-12 10:09:27
u007311,signup,2026-02-12 21:38:33
u007311,activate,2026-02-13 22:15:21
u007312,visit,2026-04-28 08:19:00
u007312,signup,2026-04-28 09:39:52
u007312,activate,2026-04-28 15:07:39
u007312,purchase,2026-05-15 06:42:36
u007313,visit,2025-12-29 02:39:15
u007313,signup,2025-12-30 04:49:29
u007313,activate,2026-01-01 03:23:58
u007314,visit,2026-04-02 12:40:44
u007315,visit,2026-04-12 02:56:23
u007316,visit,2026-02-19 00:53:12
u007316,signup,2026-02-20 09:29:20
u007317,visit,2025-12-20 17:10:09
u007318,visit,2026-03-17 17:13:27
u007319,visit,2026-02-25 00:54:00
u007319,signup,2026-02-25 19:44:32
u007319,activate,2026-03-01 23:43:00
u007320,visit,2026-05-11 11:46:15
u007321,visit,2025-12-27 16:27:23
u007322,visit,2026-04-08 13:02:13
u007323,visit,2026-01-08 03:56:14
u007323,signup,2026-01-08 17:55:50
u007324,visit,2026-02-08 05:36:30
u007324,signup,2026-02-09 09:55:32
u007324,activate,2026-02-10 15:47:32
u007325,visit,2026-01-03 12:12:30
u007325,signup,2026-01-04 19:04:18
u007326,visit,2026-05-04 01:31:45
u007326,signup,2026-05-04 03:44:59
u007327,visit,2026-05-07 09:28:17
u007328,visit,2026-01-03 17:11:36
u007329,visit,2026-03-11 21:58:06
u007330,visit,2026-03-14 01:22:59
u007330,signup,2026-03-14 13:08:35
u007331,visit,2026-04-12 09:31:12
u007332,visit,2025-12-13 06:05:32
u007333,visit,2026-03-20 23:21:51
u007333,signup,2026-03-21 08:10:56
u007334,visit,2026-05-19 17:55:47
u007334,signup,2026-05-21 07:59:20
u007334,activate,2026-05-25 04:55:59
u007334,purchase,2026-05-26 14:38:07
u007335,visit,2026-02-28 18:35:56
u007335,signup,2026-02-28 22:23:44
u007336,visit,2026-04-22 22:30:50
u007336,signup,2026-04-23 17:17:20
u007336,activate,2026-04-23 23:53:02
u007336,purchase,2026-05-03 14:28:34
u007337,visit,2026-05-28 17:11:57
u007338,visit,2026-05-04 19:31:06
u007339,visit,2026-02-15 04:24:50
u007339,signup,2026-02-15 21:03:52
u007340,visit,2025-12-25 23:14:26
u007341,visit,2026-01-10 17:50:30
u007341,signup,2026-01-11 17:34:08
u007341,activate,2026-01-12 13:07:39
u007341,purchase,2026-02-09 22:49:02
u007342,visit,2025-12-21 12:12:59
u007342,signup,2025-12-21 23:05:21
u007343,visit,2026-05-19 14:17:32
u007344,visit,2026-05-04 06:35:26
u007345,visit,2025-12-05 13:41:54
u007345,signup,2025-12-06 22:42:25
u007346,visit,2026-03-16 11:40:20
u007347,visit,2026-05-22 02:47:05
u007348,visit,2025-12-14 19:12:42
u007349,visit,2026-05-24 05:16:15
u007350,visit,2026-01-27 01:09:56
u007351,visit,2026-04-24 03:21:01
u007351,signup,2026-04-24 09:49:29
u007351,activate,2026-04-26 12:51:33
u007352,visit,2026-03-09 03:00:00
u007353,visit,2026-04-25 22:54:15
u007354,visit,2026-01-02 16:10:35
u007355,visit,2026-04-26 09:05:17
u007355,signup,2026-04-27 08:03:31
u007355,activate,2026-05-02 03:39:19
u007356,visit,2026-03-30 18:34:55
u007356,signup,2026-03-31 16:41:36
u007356,activate,2026-03-31 17:45:58
u007357,visit,2025-12-14 09:24:53
u007357,signup,2025-12-15 06:52:47
u007357,activate,2025-12-18 15:24:22
u007357,purchase,2025-12-24 14:36:47
u007358,visit,2026-04-20 19:33:08
u007359,visit,2026-05-01 23:02:13
u007359,signup,2026-05-03 20:39:48
u007359,activate,2026-05-06 22:39:56
u007360,visit,2025-12-10 11:44:16
u007360,signup,2025-12-11 02:50:18
u007360,activate,2025-12-14 14:17:22
u007361,visit,2026-01-15 08:54:10
u007362,visit,2026-03-27 10:40:04
u007363,visit,2025-12-19 21:31:09
u007364,visit,2026-04-27 23:31:46
u007364,signup,2026-04-29 19:09:09
u007365,visit,2026-04-11 12:21:07
u007366,visit,2026-03-19 04:46:45
u007367,visit,2026-01-19 01:47:22
u007368,visit,2026-04-20 04:15:27
u007369,visit,2025-12-23 11:48:24
u007370,visit,2026-01-19 17:17:08
u007371,visit,2026-03-19 18:56:32
u007372,visit,2026-02-09 17:18:01
u007373,visit,2026-05-21 17:47:06
u007374,visit,2026-02-14 14:29:42
u007375,visit,2026-02-07 10:10:55
u007376,visit,2026-03-20 19:53:34
u007377,visit,2026-02-11 15:00:57
u007378,visit,2026-04-09 10:36:42
u007379,visit,2026-03-10 21:26:19
u007379,signup,2026-03-12 03:24:27
u007380,visit,2026-03-31 21:59:42
u007381,visit,2026-05-16 23:09:35
u007381,signup,2026-05-17 18:35:06
u007382,visit,2025-12-20 19:09:56
u007383,visit,2026-01-18 18:34:05
u007384,visit,2026-02-15 14:11:13
u007385,visit,2026-04-12 09:33:30
u007386,visit,2025-12-29 16:43:02
u007386,signup,2025-12-29 20:37:22
u007387,visit,2026-05-20 02:42:14
u007387,signup,2026-05-21 12:02:41
u007387,activate,2026-05-23 17:55:15
u007388,visit,2026-03-26 21:43:02
u007388,signup,2026-03-27 18:01:59
u007388,activate,2026-03-27 23:26:05
u007388,purchase,2026-04-01 22:34:20
u007389,visit,2026-04-06 00:57:03
u007390,visit,2026-02-03 17:42:37
u007390,signup,2026-02-04 09:44:16
u007391,visit,2026-03-26 08:47:09
u007392,visit,2026-03-12 19:48:05
u007393,visit,2025-12-18 12:44:27
u007394,visit,2026-01-06 07:21:41
u007394,signup,2026-01-07 00:40:10
u007394,activate,2026-01-08 03:12:13
u007395,visit,2026-03-16 01:54:29
u007396,visit,2025-12-24 20:23:10
u007397,visit,2025-12-13 08:47:25
u007397,signup,2025-12-14 01:23:52
u007397,activate,2025-12-15 04:30:42
u007397,purchase,2025-12-16 12:41:30
u007398,visit,2026-02-18 21:59:31
u007399,visit,2026-03-25 12:43:41
u007399,signup,2026-03-25 20:57:26
u007399,activate,2026-03-30 10:54:45
u007399,purchase,2026-04-11 12:25:29
u007400,visit,2026-02-20 17:21:28
u007400,signup,2026-02-22 14:10:03
u007400,activate,2026-02-27 05:49:47
u007401,visit,2026-01-06 10:50:23
u007402,visit,2025-12-16 04:17:00
u007402,signup,2025-12-16 16:47:34
u007402,activate,2025-12-20 07:46:38
u007403,visit,2026-05-18 12:39:29
u007404,visit,2026-02-01 20:50:36
u007405,visit,2025-12-26 17:43:01
u007406,visit,2026-02-11 20:59:40
u007407,visit,2026-05-28 12:51:52
u007408,visit,2026-02-22 09:04:46
u007409,visit,2026-01-02 12:07:26
u007409,signup,2026-01-03 16:19:57
u007409,activate,2026-01-03 17:13:18
u007410,visit,2026-05-27 23:34:57
u007411,visit,2026-05-28 07:19:27
u007412,visit,2026-03-04 11:13:59
u007412,signup,2026-03-06 01:55:17
u007413,visit,2026-03-27 15:33:47
u007414,visit,2026-04-29 20:13:03
u007414,signup,2026-04-30 03:20:47
u007414,activate,2026-05-02 16:07:43
u007415,visit,2026-01-15 19:22:26
u007415,signup,2026-01-16 20:48:44
u007416,visit,2026-02-10 04:52:52
u007416,signup,2026-02-11 17:01:36
u007417,visit,2026-03-12 05:44:57
u007418,visit,2026-04-02 16:07:23
u007418,signup,2026-04-04 01:13:36
u007418,activate,2026-04-05 06:38:03
u007418,purchase,2026-04-24 03:16:08
u007419,visit,2026-04-18 03:24:19
u007419,signup,2026-04-18 18:36:21
u007420,visit,2025-12-24 01:21:50
u007421,visit,2026-03-03 20:14:27
u007422,visit,2026-04-30 20:31:26
u007422,signup,2026-05-01 08:18:54
u007423,visit,2026-04-02 01:06:34
u007424,visit,2025-12-07 00:51:51
u007425,visit,2025-12-08 07:43:54
u007425,signup,2025-12-08 14:35:46
u007425,activate,2025-12-09 16:37:25
u007426,visit,2025-12-11 19:17:36
u007426,signup,2025-12-12 16:44:05
u007426,activate,2025-12-13 00:23:57
u007427,visit,2026-02-22 11:08:41
u007428,visit,2026-05-23 00:08:03
u007429,visit,2026-01-21 13:50:16
u007429,signup,2026-01-22 13:28:38
u007430,visit,2026-01-30 08:20:41
u007430,signup,2026-01-31 18:48:12
u007430,activate,2026-02-01 14:33:11
u007430,purchase,2026-02-09 00:25:25
u007431,visit,2026-05-04 09:12:24
u007432,visit,2026-02-06 01:09:08
u007432,signup,2026-02-07 20:14:48
u007433,visit,2026-04-05 17:31:07
u007434,visit,2026-04-01 22:24:37
u007435,visit,2026-04-28 08:53:39
u007435,signup,2026-04-28 15:58:26
u007436,visit,2026-03-03 04:43:56
u007436,signup,2026-03-04 00:36:50
u007436,activate,2026-03-05 05:52:37
u007436,purchase,2026-03-15 05:40:21
u007437,visit,2026-03-14 21:27:21
u007438,visit,2026-05-21 17:54:49
u007439,visit,2025-12-02 17:29:25
u007440,visit,2026-02-10 07:08:57
u007441,visit,2026-03-31 11:08:03
u007441,signup,2026-04-01 07:13:41
u007441,activate,2026-04-01 13:03:57
u007442,visit,2025-12-02 00:02:28
u007443,visit,2026-04-13 22:05:18
u007444,visit,2026-01-25 20:56:27
u007445,visit,2026-03-04 16:07:18
u007445,signup,2026-03-05 23:15:20
u007446,visit,2026-05-13 15:27:28
u007446,signup,2026-05-15 12:42:06
u007446,activate,2026-05-15 18:17:39
u007446,purchase,2026-05-21 17:39:56
u007447,visit,2026-02-12 14:20:20
u007448,visit,2026-05-24 05:50:01
u007449,visit,2026-05-28 19:24:42
u007450,visit,2026-05-12 00:08:33
u007450,signup,2026-05-13 07:05:07
u007450,activate,2026-05-15 20:24:05
u007450,purchase,2026-05-18 21:57:35
u007451,visit,2026-04-14 08:50:17
u007452,visit,2026-05-05 08:05:48
u007453,visit,2026-01-11 08:19:38
u007453,signup,2026-01-11 16:48:12
u007454,visit,2025-12-21 21:59:49
u007454,signup,2025-12-22 18:01:04
u007455,visit,2026-04-09 21:26:56
u007456,visit,2026-04-29 00:11:19
u007457,visit,2026-01-27 16:33:58
u007457,signup,2026-01-29 11:26:55
u007457,activate,2026-02-04 00:30:21
u007457,purchase,2026-02-26 18:45:31
u007458,visit,2026-01-26 21:46:04
u007458,signup,2026-01-28 19:53:33
u007458,activate,2026-01-29 21:59:51
u007458,purchase,2026-02-04 02:32:30
u007459,visit,2025-12-19 18:44:27
u007460,visit,2026-05-16 15:10:02
u007461,visit,2026-04-13 10:00:02
u007461,signup,2026-04-14 09:37:13
u007461,activate,2026-04-16 18:30:11
u007462,visit,2026-04-01 20:51:03
u007463,visit,2026-03-31 10:40:41
u007464,visit,2026-02-26 12:34:33
u007464,signup,2026-02-28 02:21:16
u007465,visit,2026-01-14 09:15:27
u007466,visit,2026-04-21 23:25:05
u007466,signup,2026-04-22 00:08:42
u007467,visit,2025-12-05 09:41:33
u007468,visit,2026-03-26 19:55:01
u007468,signup,2026-03-28 17:26:31
u007468,activate,2026-03-29 18:41:10
u007469,visit,2026-02-14 21:04:53
u007469,signup,2026-02-15 19:24:43
u007470,visit,2025-12-19 20:11:23
u007470,signup,2025-12-20 04:13:17
u007471,visit,2026-03-06 13:36:12
u007472,visit,2026-05-27 07:27:09
u007472,signup,2026-05-27 17:52:29
u007472,activate,2026-05-31 10:09:29
u007473,visit,2025-12-18 09:49:13
u007474,visit,2026-02-22 12:36:39
u007474,signup,2026-02-24 04:08:48
u007474,activate,2026-02-24 13:09:57
u007475,visit,2025-12-27 20:13:35
u007475,signup,2025-12-29 17:55:42
u007476,visit,2026-03-06 03:08:04
u007476,signup,2026-03-06 20:11:09
u007477,visit,2026-02-13 02:00:56
u007478,visit,2026-04-06 12:07:08
u007478,signup,2026-04-07 21:33:46
u007478,activate,2026-04-08 15:38:06
u007479,visit,2026-03-04 20:46:38
u007479,signup,2026-03-05 15:34:57
u007479,activate,2026-03-07 05:57:48
u007480,visit,2026-02-03 00:56:10
u007480,signup,2026-02-03 10:38:04
u007481,visit,2025-12-03 00:32:43
u007481,signup,2025-12-03 07:34:36
u007481,activate,2025-12-04 07:56:33
u007482,visit,2025-12-30 08:58:55
u007482,signup,2025-12-30 11:39:01
u007483,visit,2026-05-04 10:07:35
u007483,signup,2026-05-05 05:57:33
u007484,visit,2025-12-22 20:14:30
u007484,signup,2025-12-23 00:38:40
u007484,activate,2025-12-24 08:00:24
u007484,purchase,2025-12-27 22:49:52
u007485,visit,2026-01-26 01:01:15
u007485,signup,2026-01-27 15:24:59
u007485,activate,2026-02-03 14:09:48
u007485,purchase,2026-02-04 22:07:27
u007486,visit,2026-03-09 11:30:38
u007487,visit,2026-01-17 11:04:39
u007488,visit,2026-01-18 19:01:50
u007488,signup,2026-01-20 10:12:57
u007488,activate,2026-01-25 11:55:08
u007489,visit,2026-04-12 17:31:36
u007490,visit,2026-02-22 08:13:59
u007491,visit,2026-01-19 18:14:16
u007492,visit,2026-04-10 15:32:11
u007493,visit,2026-03-20 00:24:31
u007494,visit,2026-01-14 01:17:20
u007495,visit,2026-01-11 11:58:13
u007496,visit,2026-05-30 10:28:29
u007496,signup,2026-05-31 05:45:32
u007497,visit,2026-03-01 09:50:31
u007498,visit,2025-12-25 14:56:41
u007498,signup,2025-12-26 08:56:04
u007498,activate,2025-12-26 13:07:52
u007498,purchase,2025-12-31 14:03:49
u007499,visit,2026-02-14 06:44:17
u007500,visit,2026-03-05 04:33:16
u007500,signup,2026-03-06 18:03:10
u007500,activate,2026-03-07 01:08:24
u007501,visit,2026-04-04 23:14:14
u007501,signup,2026-04-06 09:09:42
u007501,activate,2026-04-07 05:29:44
u007502,visit,2026-02-02 06:17:58
u007503,visit,2026-02-24 11:46:30
u007503,signup,2026-02-25 09:23:13
u007503,activate,2026-02-25 15:38:35
u007503,purchase,2026-03-08 10:13:04
u007504,visit,2026-01-08 18:39:26
u007504,signup,2026-01-10 05:56:51
u007505,visit,2026-01-11 22:24:47
u007506,visit,2026-01-27 08:25:03
u007507,visit,2026-05-04 22:54:44
u007508,visit,2026-03-10 11:09:56
u007508,signup,2026-03-11 11:45:12
u007509,visit,2026-02-26 23:42:23
u007509,signup,2026-02-28 06:06:14
u007509,activate,2026-03-01 20:21:33
u007509,purchase,2026-03-16 11:35:17
u007510,visit,2026-03-26 22:40:18
u007511,visit,2026-04-05 17:33:36
u007512,visit,2026-04-07 08:09:54
u007513,visit,2026-01-14 13:42:07
u007514,visit,2026-01-04 10:09:01
u007515,visit,2025-12-03 09:13:41
u007516,visit,2026-04-20 05:47:22
u007517,visit,2026-04-20 20:49:10
u007517,signup,2026-04-22 12:03:42
u007518,visit,2026-03-01 18:55:25
u007518,signup,2026-03-03 17:55:59
u007519,visit,2026-05-28 23:15:07
u007520,visit,2026-01-13 21:23:16
u007520,signup,2026-01-14 22:04:39
u007521,visit,2026-04-23 12:16:34
u007522,visit,2026-01-04 23:43:13
u007523,visit,2026-03-22 16:21:51
u007523,signup,2026-03-23 14:37:01
u007523,activate,2026-03-26 15:13:56
u007523,purchase,2026-04-08 01:49:13
u007524,visit,2025-12-30 13:51:14
u007524,signup,2025-12-31 15:24:04
u007524,activate,2026-01-03 11:29:45
u007524,purchase,2026-01-06 00:00:48
u007525,visit,2026-02-24 21:27:35
u007525,signup,2026-02-26 15:18:50
u007526,visit,2026-01-29 12:47:59
u007526,signup,2026-01-29 20:19:27
u007526,activate,2026-02-02 02:16:24
u007527,visit,2026-04-19 19:20:23
u007527,signup,2026-04-20 00:17:25
u007527,activate,2026-04-22 09:32:44
u007528,visit,2026-02-15 07:22:37
u007529,visit,2026-03-12 19:30:58
u007530,visit,2026-02-15 19:34:55
u007531,visit,2026-02-06 04:05:43
u007532,visit,2026-05-24 20:44:00
u007533,visit,2026-03-26 10:37:47
u007534,visit,2025-12-20 14:29:24
u007535,visit,2026-01-24 09:02:06
u007535,signup,2026-01-25 21:20:01
u007535,activate,2026-01-31 03:28:48
u007536,visit,2026-05-08 20:12:06
u007537,visit,2025-12-18 22:06:09
u007538,visit,2026-01-18 04:45:15
u007539,visit,2026-03-13 14:48:10
u007539,signup,2026-03-13 21:52:15
u007539,activate,2026-03-15 02:32:21
u007540,visit,2025-12-16 16:10:32
u007541,visit,2026-02-13 18:57:21
u007541,signup,2026-02-13 22:20:43
u007541,activate,2026-02-14 03:08:21
u007542,visit,2026-02-22 03:41:28
u007542,signup,2026-02-23 07:15:48
u007543,visit,2026-01-20 19:28:20
u007544,visit,2026-05-11 06:09:43
u007545,visit,2026-03-28 16:28:29
u007546,visit,2026-04-04 16:54:46
u007546,signup,2026-04-05 09:04:41
u007546,activate,2026-04-05 11:51:42
u007546,purchase,2026-04-13 19:30:50
u007547,visit,2025-12-26 21:23:52
u007548,visit,2026-04-28 10:36:15
u007549,visit,2026-03-26 15:21:17
u007550,visit,2026-03-27 17:36:06
u007550,signup,2026-03-29 14:05:06
u007550,activate,2026-04-01 18:59:31
u007550,purchase,2026-04-04 19:01:15
u007551,visit,2025-12-08 22:24:33
u007552,visit,2026-05-18 22:25:03
u007553,visit,2026-04-29 01:59:48
u007554,visit,2026-04-12 03:24:23
u007554,signup,2026-04-12 10:28:32
u007555,visit,2026-01-26 00:12:57
u007555,signup,2026-01-27 20:09:32
u007555,activate,2026-01-29 06:47:35
u007556,visit,2026-05-28 13:30:45
u007557,visit,2026-02-27 03:10:17
u007557,signup,2026-02-27 19:11:21
u007558,visit,2026-05-07 22:39:14
u007558,signup,2026-05-08 19:18:47
u007559,visit,2026-03-31 11:30:12
u007560,visit,2026-05-04 20:45:15
u007560,signup,2026-05-05 23:09:30
u007560,activate,2026-05-06 13:42:39
u007560,purchase,2026-05-09 21:05:05
u007561,visit,2026-03-06 22:31:43
u007562,visit,2026-03-26 03:57:34
u007563,visit,2026-04-17 20:24:19
u007564,visit,2025-12-11 03:17:12
u007565,visit,2026-05-13 15:51:22
u007565,signup,2026-05-13 18:15:58
u007565,activate,2026-05-22 11:28:48
u007566,visit,2025-12-03 01:08:12
u007567,visit,2026-04-12 14:24:18
u007568,visit,2026-05-17 16:30:39
u007569,visit,2026-03-24 02:22:46
u007570,visit,2026-05-14 23:23:40
u007570,signup,2026-05-15 21:25:48
u007571,visit,2025-12-05 06:00:48
u007572,visit,2026-02-05 07:23:31
u007573,visit,2026-01-28 01:48:17
u007574,visit,2026-04-15 12:23:25
u007574,signup,2026-04-15 20:27:52
u007574,activate,2026-04-18 00:31:25
u007574,purchase,2026-04-21 11:25:21
u007575,visit,2026-03-24 06:39:32
u007575,signup,2026-03-24 19:38:04
u007576,visit,2026-03-04 12:09:38
u007576,signup,2026-03-06 05:22:11
u007577,visit,2026-05-07 16:00:21
u007578,visit,2026-02-03 02:31:50
u007578,signup,2026-02-03 20:06:53
u007579,visit,2026-02-06 10:20:24
u007580,visit,2026-05-17 10:48:36
u007580,signup,2026-05-18 13:11:37
u007581,visit,2026-02-05 08:19:20
u007581,signup,2026-02-06 21:33:14
u007581,activate,2026-02-07 10:41:50
u007582,visit,2026-04-27 19:51:32
u007583,visit,2026-03-12 11:23:46
u007584,visit,2026-03-10 20:20:50
u007585,visit,2025-12-21 17:29:27
u007586,visit,2026-04-19 11:42:18
u007587,visit,2026-03-01 01:56:10
u007588,visit,2026-03-26 04:36:28
u007589,visit,2025-12-20 20:50:13
u007590,visit,2025-12-11 01:56:04
u007591,visit,2026-02-09 21:59:48
u007591,signup,2026-02-10 17:55:09
u007592,visit,2026-05-21 00:31:34
u007593,visit,2026-04-23 09:42:54
u007594,visit,2026-01-15 10:33:25
u007594,signup,2026-01-17 07:44:53
u007594,activate,2026-01-19 11:48:37
u007595,visit,2025-12-06 16:09:09
u007595,signup,2025-12-07 05:02:09
u007596,visit,2025-12-23 15:42:44
u007596,signup,2025-12-25 09:22:01
u007596,activate,2025-12-25 23:15:07
u007597,visit,2026-03-18 20:27:54
u007597,signup,2026-03-19 20:06:01
u007598,visit,2026-03-19 04:40:15
u007598,signup,2026-03-21 02:57:41
u007599,visit,2026-05-11 18:50:14
u007600,visit,2026-01-11 11:12:14
u007601,visit,2026-03-15 00:24:57
u007602,visit,2026-04-11 11:42:07
u007602,signup,2026-04-11 17:23:51
u007602,activate,2026-04-15 15:12:57
u007603,visit,2026-02-01 18:22:48
u007604,visit,2026-01-31 11:45:25
u007604,signup,2026-02-01 05:58:49
u007604,activate,2026-02-01 12:54:13
u007604,purchase,2026-02-13 01:37:17
u007605,visit,2025-12-07 12:00:09
u007605,signup,2025-12-09 02:33:09
u007605,activate,2025-12-09 10:15:35
u007606,visit,2026-03-05 15:08:40
u007607,visit,2026-03-16 17:51:48
u007607,signup,2026-03-17 03:16:53
u007607,activate,2026-03-26 05:52:51
u007608,visit,2026-02-25 03:21:21
u007608,signup,2026-02-25 08:19:49
u007608,activate,2026-03-02 07:13:08
u007609,visit,2026-04-17 18:37:40
u007610,visit,2026-02-09 12:35:46
u007610,signup,2026-02-11 10:56:05
u007611,visit,2026-01-31 00:20:07
u007612,visit,2026-04-22 03:35:22
u007612,signup,2026-04-23 21:30:06
u007612,activate,2026-04-25 11:02:59
u007613,visit,2026-01-01 06:04:01
u007614,visit,2026-03-20 06:58:47
u007615,visit,2025-12-26 22:55:51
u007616,visit,2026-01-20 21:36:35
u007616,signup,2026-01-22 01:56:00
u007617,visit,2026-05-13 04:10:53
u007617,signup,2026-05-14 05:05:24
u007617,activate,2026-05-14 20:31:34
u007618,visit,2026-05-30 07:11:17
u007619,visit,2025-12-12 05:56:28
u007620,visit,2026-02-09 12:15:15
u007621,visit,2025-12-20 16:28:23
u007622,visit,2026-03-08 05:50:15
u007623,visit,2026-03-22 06:15:01
u007624,visit,2026-05-24 08:41:28
u007624,signup,2026-05-25 15:55:27
u007624,activate,2026-05-26 17:38:20
u007625,visit,2026-02-21 19:51:46
u007626,visit,2026-04-08 08:21:28
u007627,visit,2026-01-24 11:27:37
u007627,signup,2026-01-26 07:33:58
u007627,activate,2026-01-26 23:56:49
u007628,visit,2026-05-29 00:46:52
u007629,visit,2026-05-29 21:10:12
u007629,signup,2026-05-31 15:09:34
u007629,activate,2026-05-31 17:17:21
u007630,visit,2026-02-26 08:08:54
u007630,signup,2026-02-26 21:24:08
u007630,activate,2026-03-01 04:17:28
u007631,visit,2026-02-04 10:10:59
u007632,visit,2026-04-27 10:32:30
u007632,signup,2026-04-29 03:57:47
u007632,activate,2026-04-29 11:15:25
u007633,visit,2026-05-08 05:58:29
u007633,signup,2026-05-08 22:35:03
u007634,visit,2026-01-04 03:14:23
u007634,signup,2026-01-05 02:28:13
u007635,visit,2026-04-01 12:39:12
u007635,signup,2026-04-03 00:37:02
u007635,activate,2026-04-07 05:32:33
u007636,visit,2026-02-19 06:59:29
u007637,visit,2026-03-13 19:22:08
u007638,visit,2026-01-29 10:08:35
u007639,visit,2026-04-27 08:45:21
u007640,visit,2025-12-06 15:01:58
u007640,signup,2025-12-08 01:35:33
u007640,activate,2025-12-11 00:37:37
u007641,visit,2025-12-28 03:40:08
u007642,visit,2026-05-30 17:53:23
u007643,visit,2025-12-20 21:12:54
u007643,signup,2025-12-20 22:27:01
u007644,visit,2026-02-28 18:57:23
u007645,visit,2026-04-10 10:32:35
u007646,visit,2026-02-16 10:41:17
u007646,signup,2026-02-17 04:44:51
u007646,activate,2026-02-18 22:23:19
u007647,visit,2025-12-04 05:22:06
u007647,signup,2025-12-05 07:27:47
u007647,activate,2025-12-07 19:39:48
u007647,purchase,2025-12-16 22:17:09
u007648,visit,2025-12-08 07:32:13
u007649,visit,2026-01-06 11:48:14
u007650,visit,2026-03-24 13:07:09
u007650,signup,2026-03-26 10:37:16
u007650,activate,2026-03-27 05:27:57
u007650,purchase,2026-04-08 07:42:44
u007651,visit,2026-02-22 12:43:03
u007652,visit,2026-01-27 06:38:29
u007653,visit,2025-12-10 23:46:49
u007653,signup,2025-12-12 18:07:56
u007653,activate,2025-12-12 23:54:21
u007654,visit,2026-01-23 14:06:19
u007654,signup,2026-01-25 05:03:24
u007655,visit,2026-04-06 06:43:28
u007656,visit,2026-03-19 19:23:24
u007657,visit,2026-03-01 17:47:40
u007657,signup,2026-03-03 01:32:12
u007657,activate,2026-03-04 19:24:28
u007657,purchase,2026-03-26 09:53:36
u007658,visit,2026-03-14 20:30:11
u007659,visit,2026-01-19 17:29:13
u007659,signup,2026-01-20 04:40:27
u007659,activate,2026-01-20 13:27:49
u007660,visit,2026-02-21 11:52:46
u007661,visit,2026-02-23 02:23:03
u007661,signup,2026-02-24 23:42:11
u007661,activate,2026-02-26 06:48:45
u007662,visit,2026-03-10 09:34:21
u007662,signup,2026-03-11 22:17:48
u007662,activate,2026-03-12 13:55:54
u007663,visit,2025-12-09 06:36:02
u007664,visit,2026-01-29 16:10:05
u007665,visit,2025-12-21 09:20:51
u007665,signup,2025-12-22 17:31:57
u007666,visit,2025-12-28 12:27:23
u007666,signup,2025-12-28 14:41:12
u007666,activate,2026-01-02 11:04:47
u007667,visit,2026-05-10 05:46:15
u007668,visit,2026-01-17 00:44:21
u007668,signup,2026-01-17 18:11:36
u007668,activate,2026-01-20 19:09:15
u007668,purchase,2026-02-17 11:21:41
u007669,visit,2026-05-07 07:30:50
u007669,signup,2026-05-08 20:50:30
u007670,visit,2026-01-20 15:19:45
u007671,visit,2025-12-13 17:50:31
u007672,visit,2026-05-21 01:25:02
u007673,visit,2025-12-08 04:43:33
u007674,visit,2026-03-28 03:07:33
u007674,signup,2026-03-29 07:44:34
u007674,activate,2026-03-30 11:13:26
u007674,purchase,2026-04-08 14:23:18
u007675,visit,2026-02-11 17:12:05
u007676,visit,2026-02-23 14:45:14
u007677,visit,2026-02-09 07:30:37
u007678,visit,2025-12-04 04:07:21
u007679,visit,2026-01-14 15:46:53
u007680,visit,2026-01-13 22:20:20
u007680,signup,2026-01-15 21:35:50
u007680,activate,2026-01-19 08:12:43
u007681,visit,2026-05-29 01:09:39
u007681,signup,2026-05-30 01:40:20
u007682,visit,2026-02-19 16:54:41
u007682,signup,2026-02-19 23:54:19
u007682,activate,2026-02-22 06:23:21
u007683,visit,2026-04-01 23:21:32
u007683,signup,2026-04-02 22:47:49
u007684,visit,2026-02-28 23:12:11
u007684,signup,2026-03-02 20:28:48
u007684,activate,2026-03-03 00:10:00
u007684,purchase,2026-03-09 10:15:52
u007685,visit,2026-02-05 12:35:39
u007685,signup,2026-02-06 11:44:01
u007686,visit,2026-01-28 23:23:32
u007686,signup,2026-01-30 02:12:24
u007686,activate,2026-02-03 21:38:47
u007687,visit,2026-01-16 07:30:55
u007687,signup,2026-01-16 21:13:11
u007687,activate,2026-01-17 23:20:20
u007688,visit,2025-12-10 22:19:51
u007689,visit,2026-03-06 14:01:05
u007690,visit,2026-04-12 18:42:08
u007690,signup,2026-04-13 23:19:30
u007690,activate,2026-04-15 10:40:37
u007691,visit,2026-04-14 13:45:47
u007692,visit,2026-01-28 04:34:04
u007692,signup,2026-01-28 05:59:21
u007693,visit,2025-12-07 01:29:29
u007694,visit,2026-05-23 16:52:27
u007695,visit,2026-04-18 15:33:22
u007695,signup,2026-04-19 10:25:29
u007696,visit,2026-04-20 09:31:57
u007697,visit,2026-02-09 01:59:31
u007697,signup,2026-02-10 12:40:01
u007697,activate,2026-02-15 19:16:13
u007698,visit,2026-03-07 11:11:42
u007698,signup,2026-03-08 18:52:36
u007698,activate,2026-03-11 00:29:19
u007698,purchase,2026-03-14 01:55:06
u007699,visit,2026-04-02 06:12:28
u007700,visit,2026-05-25 17:19:18
u007701,visit,2026-03-27 07:00:43
u007701,signup,2026-03-28 17:27:52
u007702,visit,2026-05-02 11:44:14
u007702,signup,2026-05-02 21:25:58
u007703,visit,2026-02-17 00:02:28
u007703,signup,2026-02-17 08:06:25
u007703,activate,2026-02-26 09:11:05
u007704,visit,2026-02-05 00:45:43
u007704,signup,2026-02-06 22:01:45
u007705,visit,2026-02-22 20:37:42
u007706,visit,2026-04-07 23:43:10
u007706,signup,2026-04-08 12:13:47
u007707,visit,2026-02-17 21:49:01
u007708,visit,2026-03-18 06:48:32
u007708,signup,2026-03-18 21:21:24
u007708,activate,2026-03-21 02:42:08
u007708,purchase,2026-04-03 07:41:04
u007709,visit,2026-01-22 15:17:33
u007710,visit,2026-01-01 15:31:12
u007711,visit,2026-04-07 22:51:43
u007711,signup,2026-04-09 11:46:10
u007711,activate,2026-04-09 16:02:54
u007712,visit,2026-04-05 07:27:30
u007713,visit,2025-12-02 04:59:40
u007714,visit,2026-01-25 01:02:56
u007715,visit,2025-12-31 21:17:34
u007716,visit,2026-03-15 12:53:39
u007717,visit,2026-02-04 08:59:22
u007718,visit,2026-05-29 19:47:29
u007719,visit,2026-02-28 10:04:24
u007720,visit,2025-12-02 03:01:26
u007720,signup,2025-12-02 19:47:00
u007720,activate,2025-12-04 05:34:56
u007720,purchase,2025-12-09 12:04:03
u007721,visit,2026-02-25 13:47:17
u007722,visit,2026-04-26 12:30:47
u007723,visit,2026-03-29 04:56:22
u007723,signup,2026-03-30 00:35:00
u007723,activate,2026-04-04 15:56:33
u007724,visit,2025-12-15 08:27:20
u007725,visit,2026-03-09 09:15:17
u007726,visit,2026-02-23 21:48:38
u007727,visit,2026-03-26 06:50:08
u007728,visit,2026-01-09 04:01:41
u007729,visit,2026-04-05 23:11:52
u007730,visit,2025-12-05 14:58:19
u007731,visit,2026-01-27 12:16:44
u007731,signup,2026-01-28 18:54:51
u007732,visit,2026-01-28 19:29:15
u007733,visit,2026-05-04 06:27:49
u007733,signup,2026-05-05 03:06:27
u007734,visit,2026-05-11 13:49:09
u007734,signup,2026-05-13 12:57:26
u007734,activate,2026-05-14 21:44:01
u007735,visit,2026-01-19 22:05:35
u007735,signup,2026-01-21 16:05:21
u007736,visit,2025-12-31 11:04:13
u007737,visit,2025-12-06 00:58:42
u007738,visit,2026-03-29 11:15:35
u007738,signup,2026-03-30 20:29:03
u007738,activate,2026-03-31 09:49:33
u007739,visit,2026-01-05 21:07:26
u007739,signup,2026-01-07 05:26:50
u007739,activate,2026-01-12 14:22:13
u007740,visit,2026-04-03 04:29:56
u007741,visit,2026-04-01 10:39:51
u007742,visit,2026-03-21 08:05:11
u007742,signup,2026-03-21 13:55:23
u007742,activate,2026-03-25 17:07:49
u007743,visit,2026-04-23 21:19:49
u007743,signup,2026-04-25 00:18:43
u007743,activate,2026-04-26 06:15:53
u007744,visit,2026-05-30 11:27:19
u007745,visit,2026-05-22 15:03:55
u007746,visit,2026-05-05 20:36:22
u007747,visit,2026-05-07 06:34:27
u007748,visit,2026-02-13 01:13:07
u007749,visit,2025-12-30 05:11:34
u007750,visit,2026-03-05 03:34:28
u007751,visit,2026-05-25 13:20:42
u007752,visit,2026-02-19 00:13:32
u007753,visit,2026-01-29 19:22:46
u007754,visit,2026-01-13 06:09:43
u007755,visit,2025-12-14 18:29:35
u007755,signup,2025-12-14 22:26:46
u007756,visit,2026-01-10 16:28:39
u007756,signup,2026-01-11 20:18:45
u007757,visit,2025-12-10 11:08:50
u007758,visit,2025-12-20 05:55:12
u007759,visit,2026-04-09 06:47:09
u007760,visit,2026-01-24 21:40:06
u007761,visit,2026-04-11 02:20:58
u007762,visit,2026-05-09 07:04:42
u007762,signup,2026-05-09 08:42:20
u007763,visit,2026-04-05 14:46:55
u007763,signup,2026-04-06 14:09:03
u007763,activate,2026-04-06 18:07:25
u007763,purchase,2026-04-10 10:15:23
u007764,visit,2026-01-07 01:59:22
u007765,visit,2025-12-29 10:45:39
u007765,signup,2025-12-29 20:10:57
u007765,activate,2025-12-30 17:16:17
u007766,visit,2026-04-28 10:53:52
u007767,visit,2026-03-01 01:52:32
u007767,signup,2026-03-01 15:00:00
u007767,activate,2026-03-02 13:09:45
u007768,visit,2025-12-27 08:07:58
u007769,visit,2026-01-04 00:03:16
u007769,signup,2026-01-05 17:53:56
u007769,activate,2026-01-06 11:52:34
u007770,visit,2026-02-05 03:15:20
u007771,visit,2026-02-13 12:03:46
u007772,visit,2026-05-12 14:14:18
u007773,visit,2026-05-04 18:36:14
u007774,visit,2026-05-02 00:39:40
u007775,visit,2026-05-02 08:20:24
u007776,visit,2025-12-07 04:06:07
u007776,signup,2025-12-08 02:59:08
u007776,activate,2025-12-08 12:07:52
u007776,purchase,2025-12-24 18:15:09
u007777,visit,2026-02-25 16:06:36
u007778,visit,2026-02-19 04:23:41
u007779,visit,2026-04-08 09:00:35
u007779,signup,2026-04-10 06:58:25
u007779,activate,2026-04-13 03:56:52
u007780,visit,2026-04-07 09:29:39
u007780,signup,2026-04-08 11:31:11
u007781,visit,2026-05-07 17:42:57
u007782,visit,2026-03-20 02:04:13
u007783,visit,2026-01-15 17:03:06
u007783,signup,2026-01-16 11:38:18
u007783,activate,2026-01-17 00:41:05
u007783,purchase,2026-01-23 18:45:27
u007784,visit,2025-12-18 09:08:21
u007784,signup,2025-12-19 13:46:52
u007785,visit,2025-12-25 12:23:59
u007786,visit,2026-01-21 22:16:08
u007786,signup,2026-01-22 10:12:52
u007787,visit,2026-04-07 20:33:53
u007787,signup,2026-04-09 15:11:35
u007787,activate,2026-04-09 17:59:14
u007788,visit,2026-02-23 00:21:50
u007788,signup,2026-02-23 03:12:14
u007789,visit,2026-05-22 08:41:47
u007790,visit,2026-01-01 01:30:32
u007790,signup,2026-01-01 20:54:08
u007791,visit,2026-01-05 21:53:05
u007791,signup,2026-01-07 01:25:57
u007791,activate,2026-01-08 00:24:15
u007792,visit,2026-04-20 21:29:14
u007792,signup,2026-04-21 18:46:11
u007792,activate,2026-04-21 22:41:23
u007792,purchase,2026-04-26 23:56:05
u007793,visit,2026-02-17 21:25:34
u007794,visit,2026-05-11 18:24:36
u007795,visit,2026-01-19 02:30:04
u007795,signup,2026-01-19 17:46:00
u007796,visit,2026-01-09 20:56:38
u007796,signup,2026-01-10 12:29:49
u007796,activate,2026-01-11 09:34:20
u007797,visit,2026-01-10 12:14:18
u007798,visit,2026-01-29 16:51:50
u007799,visit,2026-03-20 19:40:44
u007799,signup,2026-03-22 01:41:10
u007799,activate,2026-03-22 18:40:47
u007800,visit,2026-01-27 06:46:17
u007800,signup,2026-01-29 04:50:28
u007800,activate,2026-02-04 15:27:20
u007800,purchase,2026-02-11 10:17:53
u007801,visit,2026-04-03 08:57:30
u007801,signup,2026-04-04 21:28:36
u007802,visit,2026-01-20 23:02:46
u007803,visit,2025-12-16 01:33:20
u007803,signup,2025-12-17 12:01:05
u007804,visit,2026-04-13 10:21:09
u007805,visit,2025-12-15 02:23:50
u007805,signup,2025-12-16 17:27:42
u007805,activate,2025-12-19 14:17:12
u007805,purchase,2025-12-25 14:20:59
u007806,visit,2026-01-23 06:16:35
u007806,signup,2026-01-24 04:04:27
u007807,visit,2026-05-04 18:30:11
u007808,visit,2026-03-17 19:15:38
u007809,visit,2026-01-02 11:13:12
u007810,visit,2026-04-14 08:18:36
u007810,signup,2026-04-15 23:16:04
u007811,visit,2026-03-12 17:07:20
u007812,visit,2026-03-10 05:18:32
u007813,visit,2025-12-03 04:37:06
u007813,signup,2025-12-03 05:22:34
u007813,activate,2025-12-06 09:53:27
u007814,visit,2025-12-30 18:40:11
u007814,signup,2025-12-31 16:29:17
u007814,activate,2026-01-02 13:36:09
u007814,purchase,2026-01-07 11:59:49
u007815,visit,2025-12-20 12:21:09
u007815,signup,2025-12-21 17:41:07
u007816,visit,2025-12-15 02:56:34
u007817,visit,2026-02-02 21:51:55
u007818,visit,2025-12-31 00:27:34
u007818,signup,2026-01-02 00:20:05
u007818,activate,2026-01-05 05:14:18
u007819,visit,2026-05-30 05:55:24
u007819,signup,2026-05-30 17:34:30
u007819,activate,2026-05-31 01:20:50
u007820,visit,2026-04-09 18:43:47
u007820,signup,2026-04-10 16:42:19
u007821,visit,2026-05-21 06:11:48
u007821,signup,2026-05-22 10:12:01
u007821,activate,2026-05-23 15:50:54
u007822,visit,2025-12-18 00:48:01
u007823,visit,2026-05-01 20:09:33
u007823,signup,2026-05-01 22:26:19
u007824,visit,2026-02-20 11:11:29
u007824,signup,2026-02-21 17:02:56
u007824,activate,2026-02-22 22:02:40
u007824,purchase,2026-02-25 06:41:57
u007825,visit,2026-04-14 07:34:38
u007826,visit,2026-03-03 19:06:38
u007826,signup,2026-03-05 09:14:54
u007826,activate,2026-03-05 13:11:00
u007826,purchase,2026-03-18 05:22:14
u007827,visit,2026-03-02 23:28:41
u007827,signup,2026-03-04 22:03:37
u007827,activate,2026-03-05 17:18:50
u007828,visit,2026-05-16 13:23:39
u007829,visit,2026-02-15 20:08:19
u007830,visit,2026-01-06 23:11:29
u007831,visit,2026-05-05 09:40:00
u007832,visit,2026-03-09 11:42:16
u007832,signup,2026-03-10 09:58:44
u007832,activate,2026-03-12 06:31:31
u007832,purchase,2026-03-14 08:34:07
u007833,visit,2026-05-07 07:14:46
u007833,signup,2026-05-09 00:37:39
u007833,activate,2026-05-12 18:48:24
u007834,visit,2026-04-05 07:51:32
u007834,signup,2026-04-05 14:15:27
u007834,activate,2026-04-06 03:17:16
u007835,visit,2025-12-09 19:23:46
u007835,signup,2025-12-09 20:34:43
u007836,visit,2025-12-19 16:44:49
u007836,signup,2025-12-20 10:19:46
u007837,visit,2026-02-11 03:21:53
u007837,signup,2026-02-12 02:21:57
u007838,visit,2025-12-21 06:19:44
u007838,signup,2025-12-22 21:12:43
u007839,visit,2026-02-20 08:41:57
u007839,signup,2026-02-20 20:34:24
u007840,visit,2026-05-30 13:21:27
u007840,signup,2026-05-31 03:41:33
u007840,activate,2026-06-01 11:13:21
u007841,visit,2025-12-17 19:03:50
u007841,signup,2025-12-18 19:34:18
u007841,activate,2025-12-20 16:19:50
u007842,visit,2026-04-01 07:53:01
u007842,signup,2026-04-02 14:04:50
u007843,visit,2025-12-20 21:15:19
u007843,signup,2025-12-21 20:01:40
u007843,activate,2025-12-22 01:03:19
u007844,visit,2026-01-04 23:13:51
u007845,visit,2026-05-11 23:31:30
u007846,visit,2026-01-01 05:25:49
u007847,visit,2026-04-20 08:05:31
u007848,visit,2026-04-12 16:53:49
u007848,signup,2026-04-13 01:34:16
u007849,visit,2026-05-03 14:30:58
u007849,signup,2026-05-03 23:04:59
u007849,activate,2026-05-05 07:20:28
u007850,visit,2026-02-21 20:30:06
u007851,visit,2026-04-16 07:27:16
u007852,visit,2026-04-28 05:47:03
u007853,visit,2026-05-15 15:46:24
u007854,visit,2026-05-03 12:29:16
u007855,visit,2026-03-01 03:42:18
u007855,signup,2026-03-02 07:12:46
u007855,activate,2026-03-02 07:35:02
u007856,visit,2026-02-17 01:42:26
u007857,visit,2026-03-03 09:54:58
u007858,visit,2026-03-30 01:24:40
u007859,visit,2026-03-22 22:37:54
u007859,signup,2026-03-24 03:55:52
u007859,activate,2026-03-26 01:24:09
u007860,visit,2025-12-31 19:22:17
u007861,visit,2026-03-25 01:35:32
u007861,signup,2026-03-26 22:04:14
u007862,visit,2025-12-30 10:04:25
u007863,visit,2025-12-06 19:11:35
u007863,signup,2025-12-07 22:56:02
u007863,activate,2025-12-09 08:02:17
u007864,visit,2025-12-17 12:17:53
u007865,visit,2025-12-13 04:38:41
u007866,visit,2025-12-08 00:37:13
u007867,visit,2026-01-28 23:23:56
u007868,visit,2026-05-02 08:16:01
u007869,visit,2026-04-07 18:44:33
u007870,visit,2025-12-20 09:10:56
u007871,visit,2025-12-09 15:56:05
u007871,signup,2025-12-10 01:58:06
u007871,activate,2025-12-10 15:05:44
u007872,visit,2026-05-24 05:15:19
u007873,visit,2026-04-07 03:19:21
u007873,signup,2026-04-08 05:51:29
u007874,visit,2026-04-24 11:21:32
u007875,visit,2026-05-12 17:22:43
u007875,signup,2026-05-14 03:07:50
u007876,visit,2026-01-02 02:52:31
u007876,signup,2026-01-03 15:12:00
u007876,activate,2026-01-04 02:13:12
u007876,purchase,2026-01-06 07:16:46
u007877,visit,2026-04-04 00:32:51
u007878,visit,2026-01-14 05:11:02
u007879,visit,2026-03-28 04:13:35
u007880,visit,2026-05-09 02:44:23
u007881,visit,2026-03-07 22:05:10
u007882,visit,2026-01-08 13:37:47
u007882,signup,2026-01-09 23:58:02
u007883,visit,2026-01-16 05:10:01
u007884,visit,2026-01-31 19:49:09
u007885,visit,2026-02-13 00:15:45
u007886,visit,2026-01-18 02:21:35
u007886,signup,2026-01-20 02:03:00
u007887,visit,2026-05-26 12:50:40
u007888,visit,2026-03-07 17:56:19
u007888,signup,2026-03-07 22:42:10
u007889,visit,2025-12-28 16:31:21
u007889,signup,2025-12-28 23:42:09
u007889,activate,2025-12-29 19:56:26
u007889,purchase,2026-01-11 12:25:01
u007890,visit,2026-02-14 08:19:00
u007891,visit,2026-03-30 05:52:35
u007892,visit,2026-02-05 08:18:17
u007892,signup,2026-02-05 15:38:23
u007893,visit,2026-02-19 11:39:56
u007893,signup,2026-02-20 03:08:50
u007893,activate,2026-02-20 21:08:53
u007893,purchase,2026-03-12 21:46:10
u007894,visit,2026-01-17 08:42:11
u007895,visit,2026-05-15 12:33:58
u007896,visit,2026-05-15 11:57:17
u007897,visit,2026-05-28 12:22:07
u007898,visit,2025-12-29 06:31:14
u007898,signup,2025-12-29 17:13:34
u007898,activate,2025-12-31 21:49:16
u007898,purchase,2026-01-02 02:03:32
u007899,visit,2026-01-03 01:10:25
u007900,visit,2026-01-16 16:28:28
u007901,visit,2025-12-06 18:50:21
u007902,visit,2026-05-17 15:14:01
u007902,signup,2026-05-19 11:44:23
u007903,visit,2026-02-05 03:28:28
u007904,visit,2025-12-28 14:28:44
u007904,signup,2025-12-29 01:59:56
u007905,visit,2026-04-11 07:05:07
u007906,visit,2025-12-25 14:02:29
u007906,signup,2025-12-27 02:31:36
u007906,activate,2025-12-31 20:18:05
u007907,visit,2026-05-27 11:48:20
u007908,visit,2026-04-23 05:55:45
u007909,visit,2026-05-05 14:26:30
u007910,visit,2026-03-01 18:12:50
u007911,visit,2026-03-10 05:57:54
u007912,visit,2026-04-29 22:24:58
u007913,visit,2026-04-15 17:29:38
u007914,visit,2026-03-18 22:25:37
u007915,visit,2026-03-31 12:11:14
u007916,visit,2026-05-23 23:24:16
u007917,visit,2026-01-01 01:10:06
u007918,visit,2026-01-15 06:34:40
u007919,visit,2026-03-14 02:11:41
u007920,visit,2026-04-19 20:26:53
u007921,visit,2026-01-17 22:44:46
u007922,visit,2026-03-26 21:30:06
u007922,signup,2026-03-28 08:44:36
u007922,activate,2026-04-01 04:51:36
u007923,visit,2026-03-03 10:10:52
u007923,signup,2026-03-03 21:27:09
u007923,activate,2026-03-07 02:06:10
u007923,purchase,2026-03-14 07:39:29
u007924,visit,2026-03-18 03:02:45
u007925,visit,2025-12-13 04:20:03
u007925,signup,2025-12-14 04:17:49
u007926,visit,2026-04-16 00:08:22
u007927,visit,2026-01-14 04:04:19
u007928,visit,2026-02-03 19:40:34
u007929,visit,2026-04-26 07:05:09
u007930,visit,2026-02-05 21:37:34
u007931,visit,2026-03-19 12:15:47
u007932,visit,2025-12-26 16:37:33
u007932,signup,2025-12-27 11:31:05
u007932,activate,2026-01-02 03:41:57
u007932,purchase,2026-01-10 22:22:45
u007933,visit,2026-05-20 09:36:50
u007934,visit,2026-01-26 12:56:17
u007934,signup,2026-01-28 02:10:38
u007934,activate,2026-01-29 02:17:27
u007935,visit,2025-12-03 14:54:55
u007935,signup,2025-12-04 14:49:14
u007935,activate,2025-12-09 20:36:32
u007936,visit,2026-03-20 20:01:15
u007936,signup,2026-03-22 09:44:14
u007937,visit,2026-04-29 14:03:04
u007937,signup,2026-05-01 02:07:36
u007938,visit,2026-04-15 07:46:27
u007938,signup,2026-04-15 13:13:05
u007938,activate,2026-04-17 03:03:16
u007939,visit,2026-01-12 02:41:41
u007940,visit,2026-05-23 15:32:04
u007941,visit,2026-03-01 07:35:50
u007942,visit,2026-01-01 06:43:33
u007942,signup,2026-01-02 02:46:41
u007943,visit,2026-05-24 07:44:40
u007943,signup,2026-05-25 04:45:34
u007944,visit,2026-01-03 09:16:35
u007945,visit,2026-02-09 02:39:20
u007946,visit,2025-12-11 06:25:45
u007947,visit,2026-05-27 13:38:39
u007947,signup,2026-05-27 17:49:31
u007948,visit,2025-12-19 22:02:31
u007949,visit,2026-03-24 08:13:17
u007950,visit,2026-03-15 14:03:30
u007950,signup,2026-03-16 05:44:46
u007951,visit,2026-05-26 09:47:32
u007952,visit,2026-04-04 01:27:03
u007952,signup,2026-04-04 19:11:25
u007953,visit,2026-03-06 18:11:52
u007954,visit,2026-03-09 02:14:12
u007955,visit,2026-03-11 05:32:35
u007955,signup,2026-03-12 14:07:48
u007956,visit,2025-12-22 22:34:09
u007956,signup,2025-12-24 18:57:35
u007957,visit,2025-12-05 07:44:54
u007958,visit,2026-03-01 22:02:59
u007959,visit,2025-12-09 14:42:36
u007959,signup,2025-12-11 11:56:18
u007959,activate,2025-12-11 18:17:28
u007960,visit,2026-04-16 14:14:56
u007961,visit,2026-02-19 07:51:34
u007961,signup,2026-02-19 23:00:18
u007961,activate,2026-02-21 07:13:39
u007961,purchase,2026-02-23 11:53:49
u007962,visit,2026-02-15 12:42:47
u007963,visit,2026-01-19 20:16:24
u007963,signup,2026-01-20 00:02:58
u007963,activate,2026-01-23 06:22:38
u007964,visit,2026-05-03 18:52:13
u007964,signup,2026-05-05 18:24:24
u007964,activate,2026-05-07 07:33:27
u007964,purchase,2026-05-17 06:03:42
u007965,visit,2026-02-01 14:14:36
u007966,visit,2026-05-21 15:36:30
u007967,visit,2026-05-04 08:38:34
u007968,visit,2025-12-20 18:22:08
u007968,signup,2025-12-21 01:02:02
u007969,visit,2026-03-01 07:47:44
u007970,visit,2026-05-29 08:12:02
u007970,signup,2026-05-29 17:19:01
u007970,activate,2026-06-05 07:41:02
u007971,visit,2026-04-23 13:08:37
u007971,signup,2026-04-24 18:04:40
u007971,activate,2026-04-24 20:12:16
u007971,purchase,2026-04-29 11:19:51
u007972,visit,2026-03-14 19:07:32
u007972,signup,2026-03-15 15:39:25
u007973,visit,2026-05-07 15:36:54
u007973,signup,2026-05-09 12:42:52
u007973,activate,2026-05-09 18:47:40
u007974,visit,2025-12-17 17:13:06
u007975,visit,2026-04-21 15:29:27
u007976,visit,2026-04-13 19:41:35
u007976,signup,2026-04-14 13:30:49
u007976,activate,2026-04-14 18:37:28
u007977,visit,2026-04-22 02:14:10
u007977,signup,2026-04-23 10:17:30
u007977,activate,2026-04-23 20:48:37
u007977,purchase,2026-04-26 04:21:46
u007978,visit,2026-02-20 05:39:59
u007979,visit,2026-01-22 07:44:09
u007980,visit,2026-01-26 12:32:48
u007981,visit,2025-12-08 08:49:12
u007982,visit,2026-01-13 06:46:03
u007982,signup,2026-01-14 06:29:57
u007982,activate,2026-01-16 21:59:23
u007982,purchase,2026-02-03 19:53:19
u007983,visit,2026-01-25 21:15:31
u007984,visit,2026-02-04 18:37:55
u007984,signup,2026-02-05 19:10:48
u007985,visit,2026-01-27 14:27:16
u007985,signup,2026-01-29 00:35:51
u007985,activate,2026-01-30 21:17:16
u007986,visit,2026-01-21 00:49:44
u007986,signup,2026-01-22 12:19:45
u007986,activate,2026-01-29 00:56:12
u007987,visit,2026-04-08 15:51:53
u007987,signup,2026-04-10 02:15:33
u007988,visit,2025-12-20 17:37:06
u007989,visit,2026-03-23 20:13:45
u007989,signup,2026-03-25 08:09:31
u007990,visit,2026-04-09 11:56:03
u007990,signup,2026-04-10 12:49:01
u007991,visit,2026-05-30 20:35:58
u007991,signup,2026-05-31 16:55:58
u007991,activate,2026-06-02 00:58:38
u007992,visit,2026-05-02 23:30:10
u007993,visit,2026-05-07 09:08:08
u007994,visit,2026-02-25 01:26:49
u007995,visit,2026-02-27 14:22:12
u007996,visit,2026-05-24 06:48:53
u007997,visit,2026-02-12 05:33:39
u007997,signup,2026-02-13 22:50:28
u007997,activate,2026-02-14 21:49:47
u007998,visit,2026-05-09 10:42:49
u007999,visit,2025-12-14 19:58:56
u007999,signup,2025-12-16 05:51:29
u007999,activate,2025-12-16 20:04:48
u007999,purchase,2026-01-01 05:16:19
u008000,visit,2026-05-12 06:16:49
u008000,signup,2026-05-14 00:26:58
u008001,visit,2026-05-13 17:42:27
u008002,visit,2026-05-12 20:03:47
u008003,visit,2026-04-05 20:58:19
u008004,visit,2026-04-22 03:10:49
u008004,signup,2026-04-22 11:12:56
u008004,activate,2026-04-30 22:58:01
u008005,visit,2026-03-09 10:14:42
u008005,signup,2026-03-10 04:43:34
u008006,visit,2026-04-16 13:51:44
u008006,signup,2026-04-17 00:45:32
u008006,activate,2026-04-20 03:35:19
u008007,visit,2026-03-27 19:54:37
u008007,signup,2026-03-29 16:57:39
u008008,visit,2026-04-07 20:32:02
u008008,signup,2026-04-08 14:54:46
u008008,activate,2026-04-08 15:31:03
u008009,visit,2026-05-28 20:16:38
u008010,visit,2026-05-02 09:58:22
u008010,signup,2026-05-03 22:59:54
u008010,activate,2026-05-06 02:04:17
u008011,visit,2025-12-21 09:13:56
u008012,visit,2026-03-22 19:35:32
u008013,visit,2026-04-17 15:07:14
u008013,signup,2026-04-19 11:58:55
u008013,activate,2026-04-23 03:21:40
u008014,visit,2026-01-04 01:36:54
u008015,visit,2026-05-22 11:33:28
u008015,signup,2026-05-23 01:26:00
u008016,visit,2025-12-25 22:39:57
u008017,visit,2026-01-31 13:34:24
u008018,visit,2026-01-17 08:44:20
u008019,visit,2026-05-28 20:51:02
u008020,visit,2026-05-05 15:49:36
u008021,visit,2026-01-25 16:36:12
u008022,visit,2025-12-11 19:29:05
u008023,visit,2026-05-22 04:23:36
u008023,signup,2026-05-24 03:31:41
u008023,activate,2026-05-24 18:41:01
u008024,visit,2026-03-31 17:11:48
u008025,visit,2025-12-25 12:07:38
u008025,signup,2025-12-25 17:05:54
u008025,activate,2025-12-26 18:18:58
u008025,purchase,2026-01-06 06:12:12
u008026,visit,2026-01-28 03:43:56
u008026,signup,2026-01-28 11:03:40
u008026,activate,2026-01-30 00:02:08
u008026,purchase,2026-02-01 08:45:15
u008027,visit,2026-03-18 20:50:51
u008027,signup,2026-03-19 22:20:15
u008028,visit,2026-04-20 11:57:28
u008029,visit,2026-05-19 00:38:04
u008030,visit,2026-04-09 13:15:48
u008030,signup,2026-04-11 07:40:24
u008030,activate,2026-04-11 11:15:57
u008031,visit,2026-02-27 12:00:13
u008032,visit,2026-01-11 08:03:35
u008033,visit,2026-04-18 12:57:14
u008034,visit,2026-02-15 00:11:43
u008034,signup,2026-02-16 03:54:52
u008035,visit,2026-03-22 01:43:54
u008036,visit,2026-04-21 02:38:19
u008037,visit,2025-12-20 18:02:50
u008038,visit,2025-12-30 13:44:43
u008038,signup,2025-12-30 20:09:07
u008038,activate,2025-12-31 19:24:00
u008038,purchase,2026-01-09 20:15:04
u008039,visit,2026-04-04 00:46:04
u008040,visit,2025-12-26 07:48:33
u008041,visit,2026-05-29 15:54:49
u008042,visit,2026-05-17 13:44:24
u008042,signup,2026-05-18 18:14:28
u008042,activate,2026-05-27 03:23:22
u008043,visit,2026-03-30 01:37:01
u008044,visit,2026-03-25 12:20:31
u008045,visit,2025-12-19 16:24:17
u008045,signup,2025-12-19 22:02:27
u008045,activate,2025-12-21 05:37:32
u008046,visit,2026-05-10 21:23:33
u008047,visit,2026-05-14 14:45:32
u008047,signup,2026-05-15 22:55:11
u008047,activate,2026-05-16 03:13:09
u008048,visit,2026-01-29 00:49:50
u008048,signup,2026-01-30 02:04:42
u008048,activate,2026-01-30 19:49:02
u008049,visit,2026-03-24 10:52:11
u008050,visit,2025-12-26 07:15:01
u008051,visit,2026-01-12 20:07:45
u008052,visit,2026-02-09 04:53:14
u008052,signup,2026-02-09 13:18:48
u008052,activate,2026-02-10 18:09:16
u008052,purchase,2026-02-17 00:52:39
u008053,visit,2026-04-07 04:21:55
u008054,visit,2026-05-15 13:48:51
u008055,visit,2026-04-22 15:12:00
u008055,signup,2026-04-23 19:47:59
u008055,activate,2026-04-26 11:07:01
u008055,purchase,2026-05-03 15:36:15
u008056,visit,2026-01-18 13:23:22
u008056,signup,2026-01-20 05:29:17
u008056,activate,2026-01-21 22:32:07
u008057,visit,2026-03-15 13:13:25
u008057,signup,2026-03-17 00:24:31
u008058,visit,2026-04-19 11:13:13
u008058,signup,2026-04-20 09:44:10
u008059,visit,2026-05-25 08:34:23
u008060,visit,2026-03-21 08:24:57
u008060,signup,2026-03-23 01:16:45
u008060,activate,2026-03-23 10:56:27
u008061,visit,2025-12-26 09:56:10
u008061,signup,2025-12-27 04:39:12
u008062,visit,2026-03-16 04:26:00
u008062,signup,2026-03-17 10:07:24
u008062,activate,2026-03-19 12:12:46
u008063,visit,2026-03-14 12:51:30
u008063,signup,2026-03-15 02:10:58
u008064,visit,2025-12-20 10:47:30
u008064,signup,2025-12-22 00:00:41
u008064,activate,2025-12-25 00:16:10
u008065,visit,2025-12-06 02:07:38
u008065,signup,2025-12-06 09:00:34
u008066,visit,2026-02-20 19:16:21
u008066,signup,2026-02-21 21:17:39
u008067,visit,2026-03-11 10:33:11
u008067,signup,2026-03-12 12:50:12
u008068,visit,2026-01-29 22:39:47
u008069,visit,2026-05-27 19:01:34
u008070,visit,2026-04-11 02:52:50
u008070,signup,2026-04-11 19:52:44
u008071,visit,2026-01-18 03:18:43
u008072,visit,2026-04-10 02:16:19
u008073,visit,2026-02-04 16:48:06
u008074,visit,2026-05-17 07:57:17
u008075,visit,2026-03-14 20:03:46
u008076,visit,2026-01-11 14:49:58
u008077,visit,2026-01-17 23:43:52
u008078,visit,2026-04-02 14:42:49
u008079,visit,2026-04-05 23:10:37
u008079,signup,2026-04-07 03:55:54
u008079,activate,2026-04-10 21:31:10
u008079,purchase,2026-04-20 12:27:11
u008080,visit,2026-01-16 01:28:13
u008081,visit,2026-05-05 00:53:38
u008081,signup,2026-05-06 17:13:28
u008081,activate,2026-05-07 10:01:25
u008082,visit,2026-05-26 07:44:31
u008083,visit,2026-02-23 09:03:46
u008083,signup,2026-02-23 22:09:58
u008083,activate,2026-02-25 18:51:37
u008083,purchase,2026-03-11 15:08:33
u008084,visit,2026-03-27 07:36:28
u008085,visit,2026-02-05 04:07:52
u008085,signup,2026-02-06 15:36:21
u008085,activate,2026-02-07 16:36:11
u008086,visit,2026-05-12 06:47:56
u008087,visit,2026-01-13 13:35:53
u008087,signup,2026-01-15 06:46:19
u008088,visit,2025-12-16 12:05:31
u008088,signup,2025-12-17 02:02:15
u008088,activate,2025-12-19 01:44:15
u008088,purchase,2025-12-27 08:53:58
u008089,visit,2026-05-04 11:45:37
u008090,visit,2026-01-26 12:00:22
u008091,visit,2026-02-19 18:35:01
u008092,visit,2026-03-20 18:53:52
u008092,signup,2026-03-21 13:05:08
u008092,activate,2026-03-21 15:26:06
u008092,purchase,2026-03-27 12:20:18
u008093,visit,2026-03-30 23:22:51
u008094,visit,2026-04-03 17:15:06
u008095,visit,2026-05-25 21:00:01
u008096,visit,2026-03-04 23:32:04
u008096,signup,2026-03-06 08:37:17
u008096,activate,2026-03-08 21:38:13
u008097,visit,2026-03-30 16:13:43
u008098,visit,2026-03-03 19:32:34
u008099,visit,2026-03-05 05:03:15
u008100,visit,2026-01-21 05:24:39
u008100,signup,2026-01-23 04:29:10
u008101,visit,2026-03-07 23:34:37
u008102,visit,2026-02-05 13:18:04
u008102,signup,2026-02-05 20:27:01
u008103,visit,2026-03-15 16:11:25
u008103,signup,2026-03-15 23:51:15
u008104,visit,2026-04-24 05:29:21
u008104,signup,2026-04-24 22:13:42
u008104,activate,2026-04-27 08:57:12
u008105,visit,2026-03-11 23:16:33
u008106,visit,2026-03-11 16:53:25
u008107,visit,2026-04-13 01:34:20
u008108,visit,2026-01-28 14:39:41
u008109,visit,2026-02-06 10:49:04
u008110,visit,2026-02-09 10:10:04
u008110,signup,2026-02-09 20:46:47
u008111,visit,2026-02-11 06:23:46
u008112,visit,2025-12-09 00:57:52
u008112,signup,2025-12-09 23:03:39
u008112,activate,2025-12-12 06:55:32
u008112,purchase,2025-12-19 22:53:28
u008113,visit,2026-02-15 15:03:28
u008114,visit,2026-05-14 14:06:53
u008115,visit,2026-03-08 14:12:09
u008116,visit,2026-04-21 08:53:05
u008117,visit,2026-01-26 20:31:57
u008118,visit,2026-04-24 11:15:24
u008118,signup,2026-04-25 08:57:15
u008119,visit,2025-12-19 10:31:22
u008120,visit,2026-02-28 00:01:53
u008120,signup,2026-03-01 03:41:27
u008120,activate,2026-03-05 18:31:15
u008120,purchase,2026-03-10 11:05:47
u008121,visit,2026-03-14 11:28:08
u008122,visit,2025-12-23 19:52:07
u008123,visit,2026-02-10 16:34:38
u008124,visit,2026-02-26 17:32:37
u008124,signup,2026-02-28 10:08:58
u008124,activate,2026-03-01 05:22:21
u008124,purchase,2026-03-04 21:41:42
u008125,visit,2026-01-02 02:46:34
u008125,signup,2026-01-03 10:49:09
u008126,visit,2026-03-12 11:55:19
u008127,visit,2026-05-01 05:38:53
u008128,visit,2025-12-03 15:59:52
u008129,visit,2026-03-27 04:00:55
u008129,signup,2026-03-27 12:15:57
u008129,activate,2026-03-27 21:10:07
u008130,visit,2026-04-08 12:33:40
u008130,signup,2026-04-09 14:41:39
u008130,activate,2026-04-09 16:55:11
u008130,purchase,2026-04-25 07:01:11
u008131,visit,2026-01-26 07:04:31
u008131,signup,2026-01-27 23:56:52
u008132,visit,2026-05-17 23:29:35
u008133,visit,2026-01-15 22:32:24
u008133,signup,2026-01-16 06:24:12
u008133,activate,2026-01-22 12:08:29
u008134,visit,2026-01-05 02:25:34
u008134,signup,2026-01-05 10:59:49
u008135,visit,2026-04-19 23:04:56
u008135,signup,2026-04-20 16:38:18
u008136,visit,2026-03-15 20:34:24
u008137,visit,2026-04-17 08:08:40
u008138,visit,2026-04-17 06:20:53
u008138,signup,2026-04-18 16:50:09
u008139,visit,2026-02-12 18:16:25
u008140,visit,2025-12-13 14:55:57
u008140,signup,2025-12-15 09:31:14
u008140,activate,2025-12-15 23:44:14
u008140,purchase,2025-12-17 17:45:48
u008141,visit,2026-05-26 08:03:06
u008141,signup,2026-05-27 18:08:25
u008141,activate,2026-05-28 04:23:51
u008141,purchase,2026-05-30 23:47:08
u008142,visit,2026-03-19 22:33:08
u008143,visit,2026-01-09 04:30:37
u008143,signup,2026-01-11 03:04:56
u008144,visit,2026-03-04 21:09:57
u008144,signup,2026-03-06 12:04:30
u008145,visit,2026-02-06 03:41:55
u008146,visit,2026-05-01 16:12:58
u008147,visit,2026-05-10 11:56:09
u008147,signup,2026-05-10 22:50:11
u008148,visit,2026-04-11 07:03:44
u008148,signup,2026-04-12 16:56:44
u008149,visit,2026-02-28 22:17:24
u008150,visit,2025-12-18 18:45:54
u008151,visit,2026-02-22 12:32:47
u008151,signup,2026-02-24 02:00:52
u008151,activate,2026-02-24 02:50:56
u008152,visit,2026-01-24 01:35:11
u008153,visit,2026-02-09 01:40:07
u008153,signup,2026-02-09 22:55:03
u008153,activate,2026-02-17 09:17:20
u008154,visit,2026-04-03 11:39:50
u008155,visit,2026-04-30 12:50:15
u008155,signup,2026-05-02 07:59:45
u008155,activate,2026-05-02 10:17:16
u008156,visit,2026-01-11 01:47:35
u008157,visit,2026-05-20 21:03:38
u008157,signup,2026-05-22 18:44:40
u008158,visit,2025-12-24 19:15:24
u008159,visit,2026-05-10 09:38:26
u008160,visit,2025-12-03 23:11:41
u008161,visit,2026-05-28 01:44:37
u008161,signup,2026-05-30 01:17:15
u008161,activate,2026-05-30 02:31:28
u008162,visit,2026-05-15 11:37:36
u008162,signup,2026-05-15 16:00:00
u008162,activate,2026-05-18 10:58:41
u008163,visit,2026-01-13 05:36:22
u008164,visit,2026-03-23 10:55:30
u008165,visit,2026-03-17 03:56:41
u008165,signup,2026-03-19 00:18:42
u008165,activate,2026-03-19 10:01:54
u008166,visit,2026-01-29 20:28:12
u008166,signup,2026-01-29 21:11:17
u008166,activate,2026-01-30 01:17:39
u008167,visit,2026-01-18 01:39:22
u008168,visit,2025-12-25 12:51:15
u008169,visit,2026-03-16 01:25:12
u008170,visit,2026-01-01 16:17:05
u008171,visit,2026-04-21 09:31:31
u008172,visit,2026-03-17 04:39:22
u008172,signup,2026-03-17 08:13:21
u008172,activate,2026-03-19 14:39:57
u008172,purchase,2026-03-22 17:27:15
u008173,visit,2026-04-27 21:14:49
u008174,visit,2026-05-11 05:55:13
u008175,visit,2026-02-27 16:46:43
u008175,signup,2026-03-01 13:32:08
u008175,activate,2026-03-02 14:03:30
u008175,purchase,2026-03-21 04:24:27
u008176,visit,2026-02-18 20:10:02
u008176,signup,2026-02-20 03:00:29
u008176,activate,2026-02-21 04:50:45
u008177,visit,2026-04-28 06:36:30
u008178,visit,2026-03-05 19:28:23
u008178,signup,2026-03-07 06:14:37
u008178,activate,2026-03-07 12:12:51
u008179,visit,2026-03-17 21:31:38
u008180,visit,2025-12-20 10:27:45
u008181,visit,2026-04-27 19:56:39
u008182,visit,2025-12-28 16:11:15
u008182,signup,2025-12-30 13:41:35
u008182,activate,2026-01-03 21:38:04
u008183,visit,2026-02-25 01:15:25
u008183,signup,2026-02-26 16:30:45
u008183,activate,2026-02-28 03:29:56
u008184,visit,2026-04-30 06:40:45
u008184,signup,2026-05-01 04:18:15
u008185,visit,2026-05-05 03:21:16
u008185,signup,2026-05-06 21:14:54
u008185,activate,2026-05-07 14:51:30
u008186,visit,2026-02-17 22:13:46
u008187,visit,2026-04-12 07:44:35
u008188,visit,2026-01-02 20:09:45
u008189,visit,2026-01-06 02:43:42
u008190,visit,2025-12-12 03:20:06
u008190,signup,2025-12-13 04:28:31
u008190,activate,2025-12-13 10:14:29
u008190,purchase,2025-12-16 11:31:13
u008191,visit,2026-03-22 09:30:45
u008192,visit,2026-04-23 15:09:46
u008193,visit,2026-04-07 21:16:03
u008193,signup,2026-04-08 19:23:50
u008193,activate,2026-04-09 14:03:02
u008194,visit,2026-04-29 04:56:14
u008195,visit,2026-03-08 08:56:46
u008195,signup,2026-03-09 02:26:02
u008196,visit,2026-05-14 07:17:44
u008196,signup,2026-05-14 20:41:18
u008197,visit,2026-05-07 18:59:42
u008197,signup,2026-05-09 12:53:51
u008197,activate,2026-05-14 02:39:08
u008197,purchase,2026-05-18 18:51:33
u008198,visit,2026-03-24 00:24:11
u008199,visit,2026-05-01 02:29:02
u008199,signup,2026-05-02 22:24:56
u008199,activate,2026-05-05 00:07:02
u008199,purchase,2026-05-05 18:51:38
u008200,visit,2026-05-15 01:37:05
u008201,visit,2026-03-20 11:39:25
u008202,visit,2026-01-16 09:46:36
u008202,signup,2026-01-17 17:01:06
u008202,activate,2026-01-19 15:59:31
u008202,purchase,2026-01-20 07:02:09
u008203,visit,2026-02-16 23:12:04
u008203,signup,2026-02-18 13:05:36
u008203,activate,2026-02-20 05:12:08
u008204,visit,2026-03-02 23:12:10
u008204,signup,2026-03-02 23:20:10
u008205,visit,2026-05-05 05:37:07
u008206,visit,2026-05-09 16:03:11
u008206,signup,2026-05-11 04:13:44
u008207,visit,2026-01-16 15:33:39
u008208,visit,2025-12-16 09:23:13
u008209,visit,2026-01-24 17:27:48
u008210,visit,2026-01-02 02:35:01
u008211,visit,2026-01-29 15:18:53
u008212,visit,2025-12-16 03:44:24
u008213,visit,2025-12-06 05:33:36
u008214,visit,2026-01-20 04:31:05
u008215,visit,2026-01-03 04:00:02
u008215,signup,2026-01-03 14:00:01
u008215,activate,2026-01-03 22:07:58
u008215,purchase,2026-01-10 01:20:47
u008216,visit,2026-02-05 01:18:12
u008217,visit,2026-03-13 05:55:01
u008218,visit,2026-03-05 08:30:23
u008218,signup,2026-03-05 19:24:55
u008219,visit,2025-12-04 11:50:12
u008220,visit,2026-01-06 05:08:37
u008221,visit,2026-04-14 06:52:26
u008222,visit,2025-12-13 14:55:20
u008222,signup,2025-12-14 10:35:20
u008222,activate,2025-12-15 21:09:37
u008223,visit,2026-01-22 04:37:31
u008224,visit,2026-02-08 19:08:09
u008224,signup,2026-02-10 07:55:30
u008225,visit,2026-01-09 05:37:11
u008226,visit,2026-01-05 18:24:27
u008227,visit,2026-03-23 11:43:53
u008227,signup,2026-03-24 01:38:36
u008228,visit,2026-01-24 12:13:47
u008229,visit,2026-02-02 19:44:39
u008229,signup,2026-02-03 21:15:22
u008229,activate,2026-02-12 00:17:20
u008229,purchase,2026-02-14 11:24:20
u008230,visit,2026-03-18 12:42:48
u008231,visit,2026-01-02 13:58:17
u008232,visit,2026-04-10 07:46:47
u008233,visit,2026-01-30 08:28:32
u008233,signup,2026-01-31 16:19:49
u008233,activate,2026-02-03 17:08:19
u008234,visit,2026-03-16 07:51:41
u008234,signup,2026-03-16 19:45:10
u008234,activate,2026-03-17 09:03:27
u008235,visit,2025-12-07 21:46:27
u008236,visit,2026-04-12 19:30:12
u008237,visit,2025-12-28 00:38:13
u008238,visit,2026-02-05 20:20:58
u008239,visit,2026-02-16 04:43:09
u008239,signup,2026-02-16 10:24:43
u008239,activate,2026-02-22 02:23:35
u008240,visit,2025-12-09 04:33:02
u008240,signup,2025-12-09 08:11:52
u008240,activate,2025-12-09 19:06:51
u008241,visit,2026-03-01 09:50:59
u008241,signup,2026-03-01 14:55:15
u008241,activate,2026-03-02 03:21:33
u008241,purchase,2026-03-14 19:41:22
u008242,visit,2025-12-14 09:19:05
u008242,signup,2025-12-14 21:34:11
u008243,visit,2025-12-02 03:49:43
u008243,signup,2025-12-03 05:07:15
u008244,visit,2026-05-20 18:45:34
u008245,visit,2026-04-14 05:17:20
u008245,signup,2026-04-15 16:02:49
u008245,activate,2026-04-17 18:12:34
u008245,purchase,2026-04-27 04:29:10
u008246,visit,2026-02-18 20:35:22
u008247,visit,2026-04-18 17:21:39
u008247,signup,2026-04-19 09:13:08
u008247,activate,2026-04-22 16:30:25
u008248,visit,2026-03-30 10:33:22
u008248,signup,2026-03-30 20:00:09
u008248,activate,2026-04-11 19:00:16
u008248,purchase,2026-05-09 08:28:43
u008249,visit,2026-04-22 02:52:20
u008250,visit,2026-05-22 11:32:10
u008251,visit,2026-05-10 17:03:45
u008252,visit,2026-03-08 00:50:19
u008253,visit,2026-01-16 20:05:38
u008253,signup,2026-01-18 09:38:51
u008254,visit,2026-02-22 01:29:20
u008255,visit,2026-04-07 01:54:34
u008255,signup,2026-04-08 04:15:15
u008255,activate,2026-04-09 03:07:52
u008255,purchase,2026-04-11 02:21:08
u008256,visit,2026-01-10 09:59:24
u008257,visit,2026-04-12 05:09:38
u008257,signup,2026-04-12 14:28:31
u008257,activate,2026-04-12 20:23:57
u008258,visit,2026-02-21 02:54:12
u008259,visit,2026-02-24 21:04:24
u008260,visit,2025-12-16 12:08:54
u008260,signup,2025-12-16 12:44:18
u008261,visit,2026-02-08 20:19:55
u008262,visit,2026-01-17 10:42:21
u008262,signup,2026-01-17 16:34:56
u008262,activate,2026-01-17 19:59:36
u008263,visit,2026-04-17 17:14:45
u008264,visit,2026-01-02 10:00:39
u008265,visit,2025-12-22 01:24:38
u008265,signup,2025-12-22 22:58:24
u008265,activate,2025-12-24 21:12:48
u008265,purchase,2025-12-26 17:52:38
u008266,visit,2026-05-15 03:31:14
u008266,signup,2026-05-16 08:39:41
u008266,activate,2026-05-16 16:41:22
u008267,visit,2026-03-13 13:45:46
u008268,visit,2026-03-22 19:40:53
u008269,visit,2026-03-25 11:01:28
u008269,signup,2026-03-25 16:08:59
u008269,activate,2026-03-26 04:30:27
u008269,purchase,2026-04-01 16:30:48
u008270,visit,2026-04-29 03:11:20
u008271,visit,2026-05-14 19:09:32
u008272,visit,2026-03-13 03:12:20
u008273,visit,2026-01-23 13:22:47
u008274,visit,2026-03-18 23:29:03
u008274,signup,2026-03-19 09:02:02
u008275,visit,2026-03-19 03:10:23
u008276,visit,2026-05-17 05:39:22
u008277,visit,2025-12-07 06:56:59
u008277,signup,2025-12-08 20:32:02
u008277,activate,2025-12-09 00:27:55
u008277,purchase,2025-12-15 06:33:25
u008278,visit,2026-01-14 19:38:01
u008278,signup,2026-01-14 22:16:34
u008279,visit,2026-03-22 06:55:15
u008280,visit,2026-05-26 02:33:00
u008280,signup,2026-05-26 17:34:36
u008280,activate,2026-05-30 06:09:35
u008281,visit,2026-05-20 09:45:12
u008282,visit,2026-04-18 18:07:48
u008283,visit,2026-04-19 20:55:31
u008284,visit,2025-12-12 23:01:01
u008284,signup,2025-12-14 06:58:50
u008284,activate,2025-12-15 03:23:39
u008285,visit,2025-12-28 17:45:28
u008286,visit,2026-05-07 10:13:40
u008287,visit,2026-01-09 03:08:22
u008287,signup,2026-01-09 06:15:40
u008287,activate,2026-01-11 16:44:25
u008288,visit,2025-12-14 07:12:37
u008289,visit,2026-01-21 12:05:24
u008289,signup,2026-01-23 05:19:50
u008289,activate,2026-01-24 09:17:42
u008289,purchase,2026-01-28 03:04:20
u008290,visit,2026-02-04 03:10:13
u008290,signup,2026-02-04 15:07:45
u008291,visit,2026-01-06 19:41:41
u008291,signup,2026-01-07 07:21:35
u008292,visit,2026-01-01 01:42:44
u008292,signup,2026-01-01 02:45:49
u008292,activate,2026-01-02 18:55:35
u008292,purchase,2026-02-20 05:35:59
u008293,visit,2026-05-15 03:18:23
u008294,visit,2025-12-15 14:04:17
u008295,visit,2025-12-28 09:05:17
u008295,signup,2025-12-28 18:10:19
u008296,visit,2026-01-25 17:10:01
u008296,signup,2026-01-25 19:34:36
u008296,activate,2026-01-26 14:30:51
u008296,purchase,2026-03-02 04:35:56
u008297,visit,2026-01-25 23:04:35
u008298,visit,2026-02-02 02:54:21
u008299,visit,2026-05-21 18:40:28
u008300,visit,2026-01-01 02:20:23
u008301,visit,2026-03-16 06:30:37
u008302,visit,2026-02-28 04:03:50
u008303,visit,2026-03-20 09:10:33
u008303,signup,2026-03-21 16:22:27
u008304,visit,2026-05-14 17:13:58
u008305,visit,2026-02-19 03:31:41
u008306,visit,2026-03-07 19:57:45
u008307,visit,2025-12-04 02:37:55
u008307,signup,2025-12-05 21:26:03
u008307,activate,2025-12-09 18:02:35
u008307,purchase,2026-01-02 11:44:36
u008308,visit,2026-01-20 08:39:17
u008309,visit,2026-05-27 11:20:19
u008310,visit,2026-01-14 18:36:00
u008311,visit,2026-01-13 01:44:44
u008312,visit,2026-04-10 14:17:18
u008313,visit,2026-02-24 21:28:15
u008314,visit,2026-05-01 07:14:18
u008315,visit,2026-01-29 07:06:00
u008316,visit,2026-03-26 08:57:44
u008317,visit,2025-12-17 12:46:53
u008318,visit,2026-03-15 05:08:43
u008319,visit,2026-01-11 13:07:47
u008319,signup,2026-01-12 02:55:48
u008320,visit,2025-12-11 13:12:49
u008321,visit,2026-05-09 02:21:35
u008321,signup,2026-05-10 08:23:00
u008321,activate,2026-05-14 15:11:08
u008322,visit,2026-05-22 14:37:22
u008323,visit,2026-02-15 10:10:11
u008323,signup,2026-02-16 05:57:43
u008324,visit,2026-03-13 09:45:50
u008325,visit,2025-12-15 19:18:34
u008326,visit,2026-01-23 23:15:01
u008327,visit,2026-01-24 15:29:06
u008328,visit,2026-01-13 13:55:12
u008329,visit,2026-05-15 10:29:03
u008330,visit,2026-05-25 03:29:42
u008331,visit,2026-03-05 18:38:40
u008332,visit,2026-05-15 13:44:39
u008333,visit,2026-04-12 03:53:52
u008334,visit,2026-03-15 03:31:04
u008335,visit,2026-02-24 10:52:04
u008336,visit,2026-01-01 12:40:09
u008337,visit,2026-04-29 10:51:35
u008337,signup,2026-05-01 09:42:10
u008338,visit,2025-12-14 13:47:39
u008339,visit,2026-02-08 10:37:07
u008340,visit,2025-12-12 13:36:03
u008340,signup,2025-12-13 16:47:01
u008341,visit,2026-03-30 21:51:06
u008341,signup,2026-04-01 19:34:38
u008342,visit,2026-01-09 20:28:35
u008343,visit,2026-04-15 17:20:31
u008343,signup,2026-04-17 08:51:24
u008344,visit,2026-04-07 01:34:57
u008344,signup,2026-04-08 05:55:22
u008345,visit,2026-01-08 09:42:41
u008346,visit,2026-04-02 20:37:41
u008347,visit,2026-03-25 07:05:49
u008347,signup,2026-03-26 06:29:40
u008347,activate,2026-03-31 20:36:23
u008348,visit,2026-02-10 07:09:31
u008348,signup,2026-02-10 14:31:00
u008349,visit,2026-02-25 16:44:22
u008349,signup,2026-02-26 13:25:07
u008349,activate,2026-03-05 08:26:00
u008350,visit,2026-01-17 07:52:00
u008350,signup,2026-01-18 14:46:57
u008350,activate,2026-01-19 04:25:58
u008350,purchase,2026-01-23 01:46:40
u008351,visit,2026-05-16 12:38:07
u008352,visit,2026-01-06 16:42:31
u008353,visit,2026-05-11 06:17:51
u008353,signup,2026-05-12 01:27:55
u008353,activate,2026-05-12 13:33:44
u008354,visit,2026-03-02 09:23:38
u008355,visit,2026-04-07 07:37:03
u008355,signup,2026-04-08 12:16:39
u008355,activate,2026-04-10 04:40:06
u008356,visit,2025-12-30 22:07:56
u008357,visit,2026-02-24 10:31:07
u008358,visit,2026-04-08 09:29:13
u008358,signup,2026-04-09 21:27:10
u008358,activate,2026-04-10 05:27:57
u008358,purchase,2026-04-24 16:11:03
u008359,visit,2026-04-06 13:48:10
u008359,signup,2026-04-08 12:47:26
u008359,activate,2026-04-08 22:50:45
u008360,visit,2026-04-11 07:44:33
u008361,visit,2026-02-11 01:22:03
u008361,signup,2026-02-12 20:48:09
u008361,activate,2026-02-13 18:15:57
u008362,visit,2026-03-11 06:14:54
u008363,visit,2026-03-06 05:40:06
u008363,signup,2026-03-07 18:58:04
u008364,visit,2026-04-03 05:58:47
u008364,signup,2026-04-03 16:18:26
u008365,visit,2026-03-09 22:18:13
u008366,visit,2026-01-23 19:32:52
u008366,signup,2026-01-24 18:46:15
u008366,activate,2026-01-31 05:33:45
u008366,purchase,2026-02-09 18:31:28
u008367,visit,2025-12-11 22:50:40
u008368,visit,2025-12-31 13:01:32
u008369,visit,2025-12-23 06:03:38
u008370,visit,2026-03-29 00:53:56
u008371,visit,2026-02-16 21:46:09
u008371,signup,2026-02-18 12:31:04
u008372,visit,2026-01-14 01:22:57
u008373,visit,2025-12-11 03:49:38
u008374,visit,2026-03-30 21:49:58
u008375,visit,2026-02-11 10:06:18
u008376,visit,2026-05-02 22:39:35
u008377,visit,2026-01-23 03:55:32
u008377,signup,2026-01-23 22:59:06
u008377,activate,2026-01-31 00:43:10
u008378,visit,2026-02-04 21:55:18
u008379,visit,2026-04-20 11:22:20
u008380,visit,2026-01-17 07:37:16
u008381,visit,2026-04-20 21:05:18
u008382,visit,2026-03-24 23:55:34
u008383,visit,2026-05-02 05:44:48
u008384,visit,2026-05-12 22:05:23
u008384,signup,2026-05-14 08:08:29
u008384,activate,2026-05-23 11:51:56
u008385,visit,2026-03-28 22:12:46
u008386,visit,2026-05-17 05:51:48
u008387,visit,2025-12-20 13:17:11
u008387,signup,2025-12-21 13:13:27
u008387,activate,2025-12-21 19:42:06
u008388,visit,2026-03-03 21:11:55
u008389,visit,2026-03-14 12:47:51
u008390,visit,2026-04-04 01:24:43
u008391,visit,2026-01-31 05:17:16
u008392,visit,2026-01-07 15:27:31
u008393,visit,2026-04-18 23:48:41
u008394,visit,2026-03-24 13:18:36
u008395,visit,2026-02-03 06:47:28
u008396,visit,2026-05-17 21:39:01
u008396,signup,2026-05-17 23:56:27
u008396,activate,2026-05-19 04:09:29
u008397,visit,2026-02-27 19:34:23
u008398,visit,2026-04-21 12:14:41
u008398,signup,2026-04-22 12:20:22
u008398,activate,2026-04-28 08:52:33
u008398,purchase,2026-05-11 16:20:56
u008399,visit,2026-05-07 03:27:51
u008400,visit,2026-02-17 19:38:40
u008400,signup,2026-02-18 19:18:14
u008400,activate,2026-02-19 15:31:24
u008401,visit,2026-01-16 13:12:15
u008402,visit,2026-02-19 04:31:11
u008403,visit,2025-12-18 13:10:40
u008403,signup,2025-12-18 14:32:44
u008404,visit,2026-04-03 22:55:08
u008405,visit,2026-01-08 05:00:52
u008405,signup,2026-01-08 19:21:10
u008406,visit,2026-05-14 07:18:11
u008406,signup,2026-05-15 14:44:50
u008407,visit,2026-05-25 01:58:34
u008408,visit,2026-04-01 12:20:25
u008409,visit,2026-02-07 09:47:23
u008409,signup,2026-02-07 12:36:21
u008409,activate,2026-02-09 18:06:51
u008410,visit,2026-04-30 21:14:11
u008411,visit,2026-05-01 01:36:15
u008412,visit,2026-01-18 12:28:22
u008412,signup,2026-01-20 02:45:55
u008412,activate,2026-01-20 09:13:12
u008412,purchase,2026-02-10 21:40:08
u008413,visit,2026-01-02 20:17:57
u008414,visit,2026-03-23 11:19:41
u008415,visit,2026-04-11 21:15:37
u008415,signup,2026-04-13 03:12:05
u008416,visit,2026-02-03 11:04:09
u008417,visit,2026-02-11 13:15:10
u008418,visit,2026-03-24 05:27:22
u008418,signup,2026-03-25 22:44:16
u008418,activate,2026-03-29 16:33:11
u008419,visit,2026-04-05 18:56:30
u008420,visit,2026-03-01 23:32:25
u008420,signup,2026-03-03 23:18:49
u008420,activate,2026-03-05 03:15:11
u008420,purchase,2026-03-27 22:52:38
u008421,visit,2025-12-17 17:21:16
u008422,visit,2026-05-12 04:40:04
u008422,signup,2026-05-13 04:38:13
u008422,activate,2026-05-13 16:53:27
u008423,visit,2026-04-12 15:13:40
u008423,signup,2026-04-13 02:24:44
u008424,visit,2025-12-05 11:32:12
u008425,visit,2026-04-26 10:16:07
u008426,visit,2025-12-08 16:44:35
u008427,visit,2026-03-24 20:47:53
u008427,signup,2026-03-26 02:23:16
u008427,activate,2026-03-27 10:23:45
u008428,visit,2025-12-22 19:07:51
u008429,visit,2026-01-16 05:52:01
u008429,signup,2026-01-18 02:37:37
u008430,visit,2026-04-11 02:53:03
u008431,visit,2026-05-30 04:07:53
u008431,signup,2026-05-31 01:11:29
u008431,activate,2026-06-02 23:01:43
u008432,visit,2026-03-22 07:49:57
u008433,visit,2026-02-06 03:46:30
u008434,visit,2025-12-02 16:35:57
u008435,visit,2026-01-02 16:30:51
u008435,signup,2026-01-03 15:46:05
u008436,visit,2026-03-08 21:25:37
u008437,visit,2026-04-04 09:29:49
u008438,visit,2026-01-07 04:19:16
u008438,signup,2026-01-07 09:50:57
u008439,visit,2026-04-02 23:48:48
u008440,visit,2026-05-09 14:40:59
u008441,visit,2026-01-17 11:28:02
u008442,visit,2026-03-30 01:54:09
u008443,visit,2025-12-22 23:21:37
u008444,visit,2026-04-22 09:54:59
u008444,signup,2026-04-23 04:25:08
u008444,activate,2026-04-25 13:38:51
u008444,purchase,2026-05-01 20:29:01
u008445,visit,2026-01-27 18:59:07
u008446,visit,2026-01-30 18:25:19
u008447,visit,2026-02-26 08:55:57
u008448,visit,2026-04-16 13:08:18
u008448,signup,2026-04-18 05:34:44
u008448,activate,2026-04-19 08:25:23
u008448,purchase,2026-05-02 03:14:42
u008449,visit,2026-01-18 20:59:38
u008450,visit,2026-05-07 02:45:57
u008450,signup,2026-05-07 04:01:07
u008450,activate,2026-05-10 05:40:08
u008451,visit,2026-05-22 20:43:42
u008451,signup,2026-05-24 14:44:59
u008452,visit,2026-02-01 18:17:19
u008452,signup,2026-02-03 13:09:02
u008453,visit,2026-02-19 17:31:55
u008453,signup,2026-02-20 11:13:24
u008454,visit,2026-04-29 14:43:53
u008454,signup,2026-04-30 18:17:38
u008454,activate,2026-05-10 03:08:48
u008454,purchase,2026-05-23 10:18:59
u008455,visit,2025-12-08 21:45:05
u008455,signup,2025-12-09 23:56:16
u008455,activate,2025-12-14 15:00:14
u008456,visit,2026-02-01 21:45:18
u008456,signup,2026-02-01 22:41:46
u008456,activate,2026-02-03 10:29:47
u008457,visit,2026-04-03 01:55:30
u008457,signup,2026-04-03 06:29:14
u008458,visit,2026-03-08 01:28:01
u008459,visit,2026-03-14 04:54:48
u008459,signup,2026-03-14 13:50:33
u008460,visit,2026-04-30 15:21:26
u008461,visit,2025-12-23 03:32:00
u008461,signup,2025-12-24 04:14:52
u008462,visit,2026-04-24 20:33:13
u008463,visit,2026-05-13 10:44:47
u008463,signup,2026-05-15 07:34:24
u008463,activate,2026-05-18 13:50:04
u008463,purchase,2026-05-19 05:42:23
u008464,visit,2026-03-04 08:56:12
u008465,visit,2026-04-06 01:33:22
u008466,visit,2026-01-10 12:40:07
u008467,visit,2026-02-25 10:04:35
u008467,signup,2026-02-27 01:25:07
u008467,activate,2026-03-01 03:27:04
u008467,purchase,2026-03-11 05:51:14
u008468,visit,2026-02-06 13:43:43
u008469,visit,2025-12-11 17:27:29
u008469,signup,2025-12-12 03:46:48
u008470,visit,2026-05-30 18:38:57
u008471,visit,2026-05-08 08:01:56
u008472,visit,2025-12-28 04:33:33
u008473,visit,2026-03-30 10:15:42
u008474,visit,2026-01-12 05:33:41
u008475,visit,2026-02-08 17:55:04
u008476,visit,2025-12-04 06:22:29
u008477,visit,2026-03-29 03:00:08
u008478,visit,2026-03-16 08:42:02
u008478,signup,2026-03-16 09:20:13
u008478,activate,2026-03-17 11:17:41
u008478,purchase,2026-04-02 15:01:54
u008479,visit,2026-04-25 06:00:26
u008480,visit,2026-01-01 23:14:14
u008481,visit,2026-05-20 02:08:33
u008482,visit,2025-12-22 16:18:30
u008482,signup,2025-12-24 12:53:55
u008483,visit,2026-05-23 05:32:22
u008484,visit,2025-12-17 22:18:27
u008485,visit,2026-03-11 19:11:19
u008485,signup,2026-03-13 09:37:18
u008485,activate,2026-03-14 12:02:15
u008486,visit,2026-04-28 18:11:04
u008487,visit,2026-03-11 17:23:44
u008488,visit,2026-03-21 17:04:50
u008489,visit,2026-04-08 18:45:19
u008490,visit,2026-02-01 19:58:48
u008491,visit,2026-02-28 23:03:55
u008492,visit,2026-03-09 08:35:53
u008493,visit,2026-03-10 10:13:24
u008493,signup,2026-03-10 17:49:21
u008493,activate,2026-03-15 17:39:34
u008494,visit,2026-01-16 08:11:55
u008494,signup,2026-01-17 04:42:10
u008494,activate,2026-01-17 17:05:11
u008495,visit,2026-04-28 01:25:47
u008496,visit,2026-03-10 23:50:50
u008497,visit,2025-12-21 01:34:04
u008498,visit,2026-04-13 21:30:03
u008498,signup,2026-04-13 23:11:00
u008499,visit,2026-01-25 21:32:42
u008500,visit,2026-02-06 15:08:37
u008500,signup,2026-02-08 11:44:55
u008500,activate,2026-02-09 17:18:41
u008501,visit,2026-02-10 20:48:44
u008502,visit,2026-05-22 02:37:27
u008503,visit,2026-05-15 05:39:25
u008503,signup,2026-05-17 03:27:29
u008504,visit,2026-02-28 05:03:23
u008505,visit,2026-04-15 00:07:19
u008506,visit,2025-12-19 03:38:33
u008506,signup,2025-12-20 01:08:12
u008506,activate,2025-12-22 12:34:25
u008507,visit,2026-05-21 17:45:40
u008508,visit,2025-12-02 06:17:53
u008509,visit,2026-04-24 21:21:27
u008510,visit,2026-02-03 17:33:14
u008510,signup,2026-02-04 11:01:33
u008510,activate,2026-02-07 10:45:57
u008511,visit,2026-04-23 00:48:08
u008511,signup,2026-04-24 13:20:16
u008512,visit,2025-12-03 17:36:53
u008513,visit,2026-03-31 05:59:26
u008514,visit,2026-03-31 19:47:35
u008515,visit,2026-02-08 14:26:09
u008516,visit,2026-03-13 02:11:26
u008517,visit,2026-04-06 02:38:06
u008518,visit,2026-02-20 06:50:56
u008519,visit,2026-04-05 20:43:36
u008519,signup,2026-04-06 12:04:19
u008520,visit,2026-02-24 10:11:31
u008520,signup,2026-02-25 19:54:04
u008520,activate,2026-02-26 07:23:22
u008521,visit,2026-02-04 13:28:21
u008522,visit,2026-04-28 12:25:28
u008522,signup,2026-04-29 12:36:16
u008522,activate,2026-04-30 12:15:56
u008523,visit,2026-01-04 06:10:11
u008524,visit,2025-12-23 19:39:16
u008525,visit,2026-03-27 02:47:17
u008526,visit,2026-01-27 02:51:43
u008527,visit,2026-03-31 12:44:08
u008528,visit,2026-05-28 20:49:00
u008528,signup,2026-05-30 12:31:32
u008529,visit,2026-04-13 20:22:27
u008529,signup,2026-04-14 22:51:32
u008529,activate,2026-04-16 11:17:23
u008530,visit,2026-01-29 18:32:54
u008531,visit,2026-01-30 23:04:53
u008531,signup,2026-01-31 08:33:37
u008532,visit,2026-03-30 01:22:06
u008532,signup,2026-03-31 13:52:19
u008532,activate,2026-04-03 19:17:21
u008533,visit,2025-12-30 20:19:56
u008533,signup,2025-12-31 11:27:20
u008533,activate,2026-01-02 22:23:23
u008533,purchase,2026-02-15 07:18:35
u008534,visit,2026-05-25 21:36:47
u008535,visit,2026-02-26 22:05:23
u008535,signup,2026-02-27 21:52:19
u008536,visit,2025-12-30 21:21:41
u008536,signup,2025-12-31 07:44:14
u008537,visit,2025-12-14 09:15:17
u008538,visit,2026-04-09 22:23:41
u008539,visit,2026-02-07 21:55:05
u008540,visit,2026-03-05 17:44:24
u008540,signup,2026-03-05 18:56:49
u008540,activate,2026-03-12 17:16:52
u008541,visit,2026-02-20 16:29:09
u008541,signup,2026-02-21 01:32:14
u008541,activate,2026-02-23 09:00:07
u008542,visit,2026-01-05 04:19:08
u008542,signup,2026-01-05 22:22:41
u008543,visit,2025-12-16 04:27:08
u008544,visit,2026-03-30 18:47:28
u008544,signup,2026-03-31 01:08:27
u008544,activate,2026-04-04 03:29:50
u008544,purchase,2026-04-18 20:15:14
u008545,visit,2025-12-24 12:00:49
u008545,signup,2025-12-25 09:47:46
u008545,activate,2025-12-29 22:40:29
u008546,visit,2026-03-01 20:43:44
u008547,visit,2026-02-24 22:29:28
u008548,visit,2026-01-10 11:34:24
u008549,visit,2026-02-13 06:26:01
u008550,visit,2026-05-30 02:03:26
u008551,visit,2026-03-05 14:27:09
u008551,signup,2026-03-06 13:40:08
u008551,activate,2026-03-08 00:27:26
u008551,purchase,2026-03-12 16:15:43
u008552,visit,2026-01-09 07:19:21
u008553,visit,2025-12-25 07:50:03
u008554,visit,2026-01-13 20:22:02
u008554,signup,2026-01-15 16:26:43
u008555,visit,2026-03-29 20:48:29
u008556,visit,2026-02-13 18:34:55
u008556,signup,2026-02-13 21:31:04
u008557,visit,2026-03-24 18:25:41
u008558,visit,2026-03-28 15:22:20
u008559,visit,2026-01-30 06:16:48
u008560,visit,2025-12-23 15:58:42
u008560,signup,2025-12-25 13:34:46
u008560,activate,2025-12-27 19:44:41
u008560,purchase,2025-12-28 05:40:21
u008561,visit,2026-03-25 21:18:43
u008562,visit,2026-02-22 13:50:30
u008562,signup,2026-02-23 11:52:21
u008563,visit,2025-12-27 09:01:57
u008564,visit,2026-05-19 13:27:05
u008565,visit,2025-12-08 00:06:56
u008566,visit,2026-03-27 06:02:04
u008567,visit,2026-04-26 03:55:19
u008568,visit,2026-01-09 02:07:14
u008568,signup,2026-01-10 06:09:59
u008568,activate,2026-01-12 14:07:13
u008569,visit,2026-05-27 21:57:12
u008569,signup,2026-05-28 11:50:52
u008569,activate,2026-05-30 01:27:18
u008570,visit,2026-05-08 00:04:03
u008570,signup,2026-05-08 16:01:35
u008571,visit,2025-12-20 23:29:40
u008572,visit,2026-03-12 21:14:26
u008573,visit,2026-04-24 09:48:48
u008574,visit,2026-03-24 13:53:46
u008575,visit,2025-12-30 12:48:37
u008575,signup,2025-12-31 15:39:59
u008575,activate,2025-12-31 18:00:10
u008576,visit,2026-04-17 15:23:20
u008577,visit,2025-12-05 05:24:32
u008578,visit,2025-12-21 21:34:07
u008578,signup,2025-12-22 02:12:00
u008578,activate,2025-12-24 01:45:04
u008578,purchase,2025-12-30 08:49:07
u008579,visit,2025-12-29 19:27:08
u008580,visit,2026-05-16 12:56:57
u008581,visit,2026-05-20 01:10:59
u008582,visit,2026-04-05 23:54:10
u008583,visit,2026-04-20 12:15:11
u008584,visit,2025-12-29 00:00:29
u008585,visit,2026-02-14 08:32:11
u008586,visit,2025-12-03 01:04:49
u008587,visit,2026-04-11 01:34:59
u008587,signup,2026-04-11 02:48:01
u008588,visit,2026-04-26 06:14:54
u008589,visit,2026-01-21 14:56:32
u008589,signup,2026-01-22 23:05:39
u008589,activate,2026-01-25 03:45:39
u008590,visit,2025-12-16 14:09:01
u008591,visit,2026-02-04 07:32:21
u008592,visit,2026-01-21 02:26:51
u008593,visit,2026-01-09 15:05:31
u008593,signup,2026-01-11 06:57:12
u008594,visit,2025-12-30 09:33:39
u008595,visit,2026-05-01 21:55:35
u008595,signup,2026-05-02 23:54:31
u008595,activate,2026-05-04 18:35:46
u008596,visit,2026-05-12 03:06:04
u008596,signup,2026-05-13 18:40:39
u008596,activate,2026-05-15 11:47:19
u008597,visit,2026-02-28 09:26:31
u008598,visit,2026-01-13 12:51:21
u008599,visit,2026-02-22 14:54:20
u008600,visit,2026-02-21 04:06:23
u008600,signup,2026-02-22 18:44:37
u008600,activate,2026-02-23 11:45:06
u008600,purchase,2026-02-28 11:05:54
u008601,visit,2026-01-23 23:08:11
u008602,visit,2026-01-11 04:44:08
u008602,signup,2026-01-12 22:20:48
u008603,visit,2026-04-05 07:39:55
u008603,signup,2026-04-06 06:25:13
u008603,activate,2026-04-06 17:25:06
u008603,purchase,2026-04-22 01:37:36
u008604,visit,2026-05-06 18:58:18
u008604,signup,2026-05-08 13:19:06
u008605,visit,2026-03-19 13:51:51
u008605,signup,2026-03-20 09:48:41
u008606,visit,2026-04-06 00:51:00
u008607,visit,2026-04-01 03:22:01
u008607,signup,2026-04-02 03:39:50
u008607,activate,2026-04-03 17:58:44
u008607,purchase,2026-04-25 21:07:15
u008608,visit,2026-02-16 21:12:06
u008609,visit,2026-05-06 01:24:10
u008610,visit,2026-05-22 18:56:52
u008611,visit,2026-01-13 10:42:01
u008611,signup,2026-01-14 04:18:39
u008612,visit,2026-01-23 20:52:44
u008613,visit,2026-05-28 07:54:35
u008614,visit,2025-12-14 11:46:22
u008615,visit,2025-12-21 17:20:06
u008616,visit,2026-05-17 03:54:29
u008616,signup,2026-05-18 21:23:40
u008616,activate,2026-05-19 00:16:36
u008617,visit,2026-03-25 15:15:27
u008618,visit,2026-03-04 04:12:44
u008618,signup,2026-03-04 16:24:19
u008618,activate,2026-03-04 18:41:46
u008618,purchase,2026-03-16 08:46:33
u008619,visit,2026-04-18 09:55:10
u008620,visit,2026-01-29 19:48:53
u008621,visit,2026-01-13 21:27:46
u008621,signup,2026-01-14 11:23:41
u008622,visit,2026-02-22 09:19:21
u008623,visit,2026-02-06 01:42:44
u008624,visit,2026-02-26 05:03:28
u008625,visit,2025-12-08 20:47:37
u008625,signup,2025-12-09 12:25:08
u008625,activate,2025-12-09 20:57:28
u008625,purchase,2025-12-21 11:11:20
u008626,visit,2026-02-08 04:09:35
u008626,signup,2026-02-09 00:17:47
u008627,visit,2026-03-06 23:11:39
u008627,signup,2026-03-08 08:33:57
u008627,activate,2026-03-11 12:36:21
u008628,visit,2026-04-05 12:38:43
u008628,signup,2026-04-05 16:16:03
u008628,activate,2026-04-09 05:51:10
u008629,visit,2025-12-16 23:32:48
u008630,visit,2026-01-06 06:24:45
u008631,visit,2026-02-20 22:19:11
u008632,visit,2026-05-28 08:02:32
u008632,signup,2026-05-29 13:06:46
u008633,visit,2026-01-05 12:29:28
u008634,visit,2025-12-02 16:49:26
u008635,visit,2026-04-27 20:31:55
u008635,signup,2026-04-29 11:01:59
u008635,activate,2026-05-03 04:52:54
u008636,visit,2025-12-21 13:47:39
u008637,visit,2026-03-22 23:13:30
u008637,signup,2026-03-24 12:13:33
u008638,visit,2026-01-10 13:22:10
u008638,signup,2026-01-10 18:27:39
u008638,activate,2026-01-11 03:29:00
u008639,visit,2026-04-09 18:51:32
u008640,visit,2026-04-23 21:07:25
u008641,visit,2026-04-28 16:16:46
u008642,visit,2026-01-10 03:48:21
u008643,visit,2025-12-19 03:45:20
u008644,visit,2026-02-22 23:14:02
u008645,visit,2026-05-02 19:29:34
u008645,signup,2026-05-03 02:19:34
u008646,visit,2026-04-09 07:34:35
u008646,signup,2026-04-10 02:06:20
u008646,activate,2026-04-11 06:14:58
u008647,visit,2026-02-08 05:04:52
u008648,visit,2026-04-04 06:47:41
u008648,signup,2026-04-05 08:38:20
u008649,visit,2026-04-05 01:24:42
u008649,signup,2026-04-06 17:43:28
u008650,visit,2026-01-19 02:48:48
u008651,visit,2026-03-30 18:39:28
u008652,visit,2026-04-14 13:17:41
u008652,signup,2026-04-15 08:24:54
u008652,activate,2026-04-17 22:05:58
u008652,purchase,2026-04-20 18:09:11
u008653,visit,2026-04-13 10:56:14
u008654,visit,2026-05-12 22:16:49
u008655,visit,2026-03-13 12:49:38
u008656,visit,2026-02-25 06:20:11
u008657,visit,2026-04-03 21:56:02
u008657,signup,2026-04-05 00:14:15
u008657,activate,2026-04-07 03:59:18
u008658,visit,2026-01-27 11:15:38
u008659,visit,2025-12-12 18:48:37
u008660,visit,2026-03-28 14:15:31
u008660,signup,2026-03-30 12:45:43
u008661,visit,2026-02-15 19:40:13
u008661,signup,2026-02-17 16:21:43
u008662,visit,2026-04-18 22:09:53
u008662,signup,2026-04-19 04:07:28
u008662,activate,2026-04-19 13:39:32
u008662,purchase,2026-04-25 10:25:31
u008663,visit,2025-12-11 07:21:24
u008663,signup,2025-12-11 08:44:46
u008663,activate,2025-12-12 08:04:51
u008663,purchase,2025-12-29 16:35:48
u008664,visit,2026-03-09 09:41:24
u008665,visit,2026-01-15 14:11:47
u008666,visit,2026-05-12 20:05:42
u008667,visit,2026-02-07 05:53:47
u008668,visit,2026-05-10 02:29:13
u008668,signup,2026-05-12 02:07:40
u008669,visit,2026-02-05 20:59:43
u008670,visit,2026-05-30 03:22:05
u008670,signup,2026-05-30 10:55:30
u008670,activate,2026-06-01 18:27:34
u008671,visit,2026-01-24 10:25:24
u008671,signup,2026-01-25 15:56:25
u008672,visit,2026-03-06 15:41:29
u008672,signup,2026-03-07 04:00:49
u008673,visit,2026-03-18 13:37:07
u008674,visit,2026-01-21 18:54:48
u008674,signup,2026-01-22 10:02:05
u008675,visit,2025-12-16 19:58:21
u008676,visit,2025-12-24 12:31:11
u008677,visit,2026-03-07 04:10:39
u008678,visit,2026-01-18 00:02:27
u008678,signup,2026-01-18 05:30:39
u008678,activate,2026-01-19 10:27:18
u008679,visit,2026-03-17 04:58:34
u008679,signup,2026-03-18 18:11:11
u008679,activate,2026-03-19 20:15:44
u008679,purchase,2026-03-26 09:36:17
u008680,visit,2026-03-22 13:04:48
u008681,visit,2026-03-17 02:58:57
u008681,signup,2026-03-19 00:08:41
u008681,activate,2026-03-24 15:09:40
u008682,visit,2026-01-18 00:01:13
u008682,signup,2026-01-19 07:00:56
u008682,activate,2026-01-19 10:22:19
u008682,purchase,2026-01-25 23:47:53
u008683,visit,2026-03-22 10:06:26
u008683,signup,2026-03-24 07:23:00
u008683,activate,2026-03-25 00:43:02
u008684,visit,2026-05-17 07:48:39
u008684,signup,2026-05-17 11:24:00
u008684,activate,2026-05-26 14:00:44
u008685,visit,2026-03-07 00:27:54
u008686,visit,2026-04-22 17:49:58
u008687,visit,2026-05-19 04:41:03
u008687,signup,2026-05-20 13:45:04
u008687,activate,2026-05-21 23:15:45
u008688,visit,2026-04-02 09:16:34
u008688,signup,2026-04-03 17:21:16
u008689,visit,2025-12-28 15:01:14
u008690,visit,2026-02-01 23:58:49
u008691,visit,2026-05-18 16:30:50
u008691,signup,2026-05-20 10:53:24
u008691,activate,2026-05-21 22:20:36
u008692,visit,2025-12-05 01:11:30
u008693,visit,2026-02-09 17:41:04
u008694,visit,2025-12-22 12:26:47
u008695,visit,2026-05-03 00:25:32
u008696,visit,2026-02-25 09:50:16
u008697,visit,2026-02-14 08:29:01
u008698,visit,2026-01-29 23:00:43
u008699,visit,2026-01-17 21:45:30
u008700,visit,2025-12-15 01:54:43
u008701,visit,2026-02-19 15:45:25
u008702,visit,2026-01-01 08:30:13
u008703,visit,2026-03-28 21:32:06
u008703,signup,2026-03-29 18:33:04
u008704,visit,2025-12-23 23:10:51
u008705,visit,2026-02-18 23:02:54
u008705,signup,2026-02-20 16:03:31
u008705,activate,2026-02-22 01:02:19
u008705,purchase,2026-04-15 15:44:50
u008706,visit,2026-05-25 02:48:47
u008706,signup,2026-05-25 15:50:21
u008706,activate,2026-05-26 16:27:06
u008707,visit,2025-12-29 13:25:20
u008708,visit,2026-02-06 04:19:44
u008708,signup,2026-02-06 12:03:58
u008708,activate,2026-02-08 21:11:50
u008709,visit,2026-01-01 06:20:45
u008710,visit,2025-12-06 16:36:25
u008711,visit,2026-01-21 01:52:29
u008711,signup,2026-01-21 23:26:07
u008711,activate,2026-01-28 22:46:46
u008712,visit,2026-05-08 07:41:15
u008712,signup,2026-05-09 23:55:39
u008713,visit,2026-05-12 18:13:45
u008714,visit,2025-12-28 02:26:30
u008714,signup,2025-12-29 19:39:05
u008715,visit,2025-12-28 06:31:41
u008715,signup,2025-12-30 01:58:35
u008716,visit,2026-05-12 17:24:10
u008716,signup,2026-05-13 17:46:18
u008716,activate,2026-05-13 18:10:44
u008716,purchase,2026-05-14 01:11:56
u008717,visit,2026-03-08 02:04:56
u008717,signup,2026-03-08 14:45:09
u008718,visit,2025-12-05 22:17:25
u008719,visit,2026-03-04 16:50:56
u008720,visit,2026-03-26 14:09:42
u008721,visit,2026-01-27 21:45:44
u008721,signup,2026-01-29 07:52:25
u008721,activate,2026-01-30 11:44:08
u008721,purchase,2026-02-04 06:07:43
u008722,visit,2026-04-22 02:22:29
u008723,visit,2026-05-17 00:52:36
u008724,visit,2026-04-08 14:21:09
u008725,visit,2025-12-02 03:58:23
u008725,signup,2025-12-03 22:18:21
u008725,activate,2025-12-03 23:47:28
u008725,purchase,2025-12-13 06:57:08
u008726,visit,2025-12-10 19:49:19
u008727,visit,2026-01-02 09:51:36
u008728,visit,2026-03-13 18:15:11
u008729,visit,2025-12-02 17:27:09
u008729,signup,2025-12-02 17:28:30
u008730,visit,2026-01-18 06:28:04
u008731,visit,2026-05-14 06:21:18
u008731,signup,2026-05-14 18:38:21
u008731,activate,2026-05-14 20:59:48
u008732,visit,2026-05-29 17:33:11
u008732,signup,2026-05-30 10:00:12
u008732,activate,2026-06-01 21:13:57
u008733,visit,2026-01-20 22:19:06
u008733,signup,2026-01-22 13:15:28
u008733,activate,2026-01-28 00:32:51
u008734,visit,2026-03-11 05:30:53
u008735,visit,2026-04-24 11:16:26
u008735,signup,2026-04-25 17:24:46
u008735,activate,2026-04-26 09:16:59
u008736,visit,2026-04-19 11:48:26
u008737,visit,2026-01-02 02:35:47
u008738,visit,2025-12-24 11:05:16
u008739,visit,2026-02-14 16:49:15
u008740,visit,2026-03-13 01:36:11
u008740,signup,2026-03-13 12:15:12
u008741,visit,2026-03-06 08:44:11
u008741,signup,2026-03-07 17:41:21
u008742,visit,2026-01-20 21:27:08
u008742,signup,2026-01-21 01:49:51
u008743,visit,2026-04-19 19:41:04
u008744,visit,2026-05-23 16:24:57
u008745,visit,2026-02-16 07:57:56
u008745,signup,2026-02-17 23:02:55
u008745,activate,2026-02-22 13:51:22
u008745,purchase,2026-03-06 15:37:21
u008746,visit,2026-02-02 07:58:42
u008747,visit,2026-02-03 18:59:27
u008747,signup,2026-02-05 03:28:14
u008748,visit,2025-12-26 06:57:10
u008748,signup,2025-12-27 05:15:41
u008749,visit,2026-01-11 15:12:20
u008750,visit,2026-04-02 08:34:48
u008751,visit,2026-05-30 12:41:37
u008752,visit,2026-02-08 05:34:34
u008753,visit,2026-01-04 20:07:23
u008754,visit,2026-01-10 20:55:43
u008755,visit,2026-03-29 00:29:18
u008756,visit,2026-04-14 16:44:25
u008757,visit,2026-03-10 04:56:07
u008758,visit,2026-03-03 06:58:59
u008759,visit,2025-12-07 06:05:59
u008760,visit,2026-03-02 05:29:56
u008760,signup,2026-03-02 21:48:48
u008760,activate,2026-03-06 00:50:36
u008761,visit,2026-03-18 17:42:58
u008761,signup,2026-03-18 23:21:47
u008761,activate,2026-03-19 00:58:23
u008762,visit,2026-01-02 11:14:28
u008763,visit,2026-04-10 11:40:51
u008763,signup,2026-04-11 10:46:32
u008764,visit,2026-01-19 12:18:47
u008765,visit,2026-01-25 07:54:27
u008766,visit,2026-01-07 20:27:48
u008766,signup,2026-01-09 11:49:39
u008767,visit,2025-12-15 16:28:41
u008767,signup,2025-12-17 05:14:15
u008768,visit,2026-01-15 22:27:07
u008768,signup,2026-01-17 18:45:26
u008769,visit,2026-01-29 15:00:31
u008769,signup,2026-01-30 18:30:20
u008770,visit,2026-05-16 01:45:17
u008771,visit,2026-02-24 04:09:57
u008772,visit,2026-05-03 05:16:21
u008773,visit,2026-01-15 11:37:08
u008774,visit,2025-12-06 15:24:21
u008775,visit,2026-05-19 01:49:51
u008775,signup,2026-05-20 08:02:18
u008775,activate,2026-05-20 18:31:54
u008775,purchase,2026-05-29 21:15:37
u008776,visit,2026-01-09 08:56:23
u008777,visit,2026-04-02 10:05:05
u008777,signup,2026-04-03 10:26:19
u008777,activate,2026-04-05 14:34:32
u008778,visit,2026-03-06 09:41:19
u008778,signup,2026-03-08 03:22:04
u008779,visit,2026-03-13 23:03:18
u008780,visit,2026-02-19 06:27:46
u008781,visit,2026-03-11 17:39:46
u008782,visit,2025-12-24 15:56:32
u008783,visit,2026-01-23 10:27:32
u008783,signup,2026-01-23 14:58:31
u008784,visit,2025-12-09 21:10:35
u008784,signup,2025-12-11 20:57:07
u008785,visit,2026-02-03 00:18:32
u008785,signup,2026-02-04 00:25:24
u008786,visit,2026-04-21 12:40:26
u008786,signup,2026-04-21 17:47:10
u008786,activate,2026-04-24 08:40:01
u008786,purchase,2026-04-24 18:51:45
u008787,visit,2026-03-11 10:41:54
u008787,signup,2026-03-11 21:58:36
u008787,activate,2026-03-17 10:32:49
u008788,visit,2026-03-07 14:26:50
u008789,visit,2026-04-17 08:36:08
u008790,visit,2025-12-11 02:11:19
u008791,visit,2026-02-08 17:43:17
u008791,signup,2026-02-10 03:08:25
u008791,activate,2026-02-12 18:09:34
u008792,visit,2025-12-28 20:24:38
u008792,signup,2025-12-30 07:10:58
u008793,visit,2026-05-09 03:46:22
u008794,visit,2026-01-03 03:52:37
u008794,signup,2026-01-04 08:42:50
u008794,activate,2026-01-04 10:54:05
u008795,visit,2026-02-12 02:21:39
u008795,signup,2026-02-13 09:58:23
u008795,activate,2026-02-14 07:18:01
u008796,visit,2026-04-21 08:12:51
u008797,visit,2025-12-09 11:12:51
u008798,visit,2026-01-27 19:08:06
u008798,signup,2026-01-29 03:02:20
u008799,visit,2025-12-28 11:32:14
u008800,visit,2025-12-08 01:11:49
u008801,visit,2026-02-06 12:56:10
u008802,visit,2026-05-22 07:30:43
u008803,visit,2026-02-17 21:11:35
u008804,visit,2026-05-21 03:14:06
u008804,signup,2026-05-22 06:45:00
u008804,activate,2026-05-24 07:45:28
u008805,visit,2026-01-05 01:30:34
u008805,signup,2026-01-05 15:53:38
u008806,visit,2026-02-24 09:02:16
u008807,visit,2026-04-01 17:55:50
u008807,signup,2026-04-02 11:43:56
u008807,activate,2026-04-03 00:16:25
u008808,visit,2026-05-15 03:09:26
u008809,visit,2025-12-20 23:30:17
u008810,visit,2026-02-12 06:55:53
u008810,signup,2026-02-12 16:46:19
u008811,visit,2026-05-09 12:15:00
u008812,visit,2026-02-05 06:56:01
u008812,signup,2026-02-06 05:45:49
u008813,visit,2025-12-03 17:54:35
u008813,signup,2025-12-05 17:36:12
u008813,activate,2025-12-08 00:11:20
u008814,visit,2026-04-07 23:01:23
u008815,visit,2026-01-27 00:26:05
u008816,visit,2026-02-12 01:46:59
u008817,visit,2026-04-02 09:36:28
u008818,visit,2026-02-14 20:59:53
u008819,visit,2026-02-11 01:14:37
u008820,visit,2026-03-16 02:38:34
u008821,visit,2025-12-03 01:09:03
u008822,visit,2026-05-05 00:57:53
u008822,signup,2026-05-05 22:06:06
u008822,activate,2026-05-07 21:31:51
u008823,visit,2026-02-14 19:40:05
u008824,visit,2026-03-18 10:08:59
u008825,visit,2026-05-30 23:39:31
u008825,signup,2026-06-01 11:40:39
u008826,visit,2026-05-09 20:37:56
u008826,signup,2026-05-10 06:20:31
u008826,activate,2026-05-11 09:30:52
u008827,visit,2026-03-05 00:43:19
u008828,visit,2026-01-19 09:48:50
u008828,signup,2026-01-20 11:06:49
u008828,activate,2026-01-22 17:09:15
u008829,visit,2026-03-25 15:07:34
u008830,visit,2026-01-25 18:01:56
u008830,signup,2026-01-26 07:01:17
u008831,visit,2026-02-14 02:39:14
u008832,visit,2026-01-22 01:38:19
u008833,visit,2026-05-19 15:21:25
u008834,visit,2026-04-05 07:34:16
u008835,visit,2025-12-23 01:43:15
u008836,visit,2026-04-09 13:33:27
u008837,visit,2025-12-23 12:48:18
u008837,signup,2025-12-24 18:20:41
u008837,activate,2025-12-27 02:10:59
u008838,visit,2026-02-09 23:39:28
u008838,signup,2026-02-10 11:58:15
u008838,activate,2026-02-15 00:59:50
u008839,visit,2026-01-13 12:04:04
u008839,signup,2026-01-13 23:06:48
u008840,visit,2026-02-21 20:50:41
u008841,visit,2026-04-18 04:57:17
u008841,signup,2026-04-19 21:05:20
u008842,visit,2025-12-30 19:54:41
u008842,signup,2025-12-30 23:59:07
u008842,activate,2025-12-31 01:18:07
u008843,visit,2026-03-11 09:51:13
u008843,signup,2026-03-13 02:47:59
u008844,visit,2026-03-23 20:03:57
u008845,visit,2026-05-01 16:14:20
u008846,visit,2026-01-14 14:33:59
u008847,visit,2026-03-22 11:06:22
u008848,visit,2026-02-21 01:18:22
u008849,visit,2026-01-27 15:11:28
u008850,visit,2026-05-07 21:57:57
u008850,signup,2026-05-09 03:52:27
u008851,visit,2026-05-21 23:15:41
u008851,signup,2026-05-21 23:22:13
u008852,visit,2026-04-14 13:08:57
u008852,signup,2026-04-16 07:42:56
u008852,activate,2026-04-19 07:59:50
u008853,visit,2026-05-30 07:46:21
u008854,visit,2026-05-26 19:22:01
u008855,visit,2026-04-27 14:33:04
u008856,visit,2026-02-17 17:17:47
u008857,visit,2026-04-08 00:13:10
u008857,signup,2026-04-08 17:48:28
u008857,activate,2026-04-19 03:02:45
u008858,visit,2026-03-29 12:57:16
u008859,visit,2026-01-25 03:12:41
u008859,signup,2026-01-25 10:08:15
u008859,activate,2026-01-30 07:10:32
u008860,visit,2026-02-16 01:35:11
u008860,signup,2026-02-17 21:42:33
u008860,activate,2026-02-19 14:32:01
u008860,purchase,2026-02-25 02:06:41
u008861,visit,2026-03-20 00:05:10
u008861,signup,2026-03-21 16:42:40
u008861,activate,2026-03-24 01:14:52
u008862,visit,2026-03-02 13:40:01
u008863,visit,2026-05-11 01:27:07
u008863,signup,2026-05-13 00:54:03
u008864,visit,2026-01-04 14:50:28
u008865,visit,2026-04-07 15:22:59
u008866,visit,2026-05-07 17:48:16
u008867,visit,2026-02-06 22:14:48
u008867,signup,2026-02-07 17:13:54
u008867,activate,2026-02-10 04:28:33
u008867,purchase,2026-02-17 02:43:10
u008868,visit,2026-04-21 21:23:09
u008869,visit,2026-04-30 23:28:12
u008869,signup,2026-05-02 11:02:48
u008869,activate,2026-05-10 23:25:01
u008870,visit,2025-12-05 05:03:30
u008871,visit,2026-02-05 16:32:22
u008871,signup,2026-02-07 10:15:34
u008872,visit,2026-05-24 15:42:16
u008873,visit,2026-02-17 00:58:42
u008874,visit,2025-12-12 01:02:31
u008874,signup,2025-12-13 22:27:15
u008875,visit,2026-01-29 12:42:51
u008875,signup,2026-01-30 08:25:12
u008876,visit,2026-04-02 22:12:58
u008877,visit,2026-02-15 10:36:13
u008877,signup,2026-02-15 21:21:01
u008877,activate,2026-02-16 22:21:17
u008877,purchase,2026-02-23 03:12:28
u008878,visit,2026-05-18 00:15:37
u008878,signup,2026-05-18 20:34:52
u008879,visit,2026-04-16 20:04:35
u008879,signup,2026-04-17 14:55:33
u008879,activate,2026-04-18 07:30:53
u008880,visit,2026-03-02 10:37:37
u008880,signup,2026-03-03 18:23:18
u008880,activate,2026-03-04 19:19:44
u008880,purchase,2026-03-07 06:31:46
u008881,visit,2026-03-14 13:27:03
u008881,signup,2026-03-15 02:34:29
u008882,visit,2026-02-26 19:48:59
u008882,signup,2026-02-27 10:18:35
u008882,activate,2026-02-27 16:57:33
u008883,visit,2026-01-20 06:28:35
u008883,signup,2026-01-20 20:46:05
u008883,activate,2026-01-22 03:21:10
u008883,purchase,2026-01-29 21:55:27
u008884,visit,2026-02-08 13:06:03
u008885,visit,2026-05-12 07:12:33
u008886,visit,2025-12-23 15:21:58
u008887,visit,2026-02-25 20:22:11
u008888,visit,2026-04-05 12:22:02
u008889,visit,2026-02-16 10:21:03
u008890,visit,2026-02-07 03:41:40
u008891,visit,2026-03-18 04:23:06
u008892,visit,2026-05-08 13:49:00
u008892,signup,2026-05-08 17:20:52
u008893,visit,2026-04-30 04:12:36
u008894,visit,2026-02-18 12:17:10
u008895,visit,2025-12-25 06:26:26
u008896,visit,2025-12-21 19:50:40
u008897,visit,2026-03-05 09:42:22
u008898,visit,2026-02-16 06:42:10
u008899,visit,2026-05-18 04:26:43
u008899,signup,2026-05-19 16:48:39
u008900,visit,2026-03-17 01:35:36
u008901,visit,2026-03-25 20:17:07
u008902,visit,2026-03-23 15:41:34
u008902,signup,2026-03-24 12:32:48
u008902,activate,2026-03-24 22:02:30
u008903,visit,2026-01-09 22:08:45
u008904,visit,2026-01-06 13:20:37
u008905,visit,2026-04-01 04:31:19
u008905,signup,2026-04-02 00:07:50
u008905,activate,2026-04-07 07:00:52
u008906,visit,2026-05-21 18:54:18
u008906,signup,2026-05-22 21:02:47
u008907,visit,2026-04-26 00:44:40
u008907,signup,2026-04-26 11:39:49
u008907,activate,2026-04-28 03:46:17
u008907,purchase,2026-04-29 18:59:44
u008908,visit,2026-03-10 18:57:35
u008909,visit,2026-03-30 23:33:01
u008910,visit,2026-04-05 21:49:35
u008911,visit,2026-05-05 23:39:51
u008911,signup,2026-05-07 08:06:05
u008912,visit,2026-01-10 03:07:20
u008913,visit,2026-01-19 18:24:50
u008913,signup,2026-01-21 00:56:08
u008913,activate,2026-01-25 12:45:10
u008914,visit,2026-02-17 20:59:56
u008915,visit,2026-04-10 04:53:01
u008915,signup,2026-04-10 10:43:43
u008915,activate,2026-04-19 08:42:18
u008916,visit,2026-02-27 19:18:35
u008916,signup,2026-02-27 23:16:55
u008916,activate,2026-02-28 14:41:29
u008917,visit,2026-05-11 11:40:47
u008917,signup,2026-05-11 18:01:07
u008918,visit,2026-05-08 13:15:49
u008919,visit,2026-05-01 02:03:17
u008919,signup,2026-05-01 19:56:02
u008919,activate,2026-05-02 23:52:43
u008919,purchase,2026-05-04 00:10:41
u008920,visit,2025-12-27 10:30:54
u008920,signup,2025-12-28 00:40:05
u008921,visit,2026-02-21 17:24:11
u008922,visit,2026-04-08 19:54:57
u008923,visit,2026-01-07 04:57:25
u008924,visit,2026-05-03 00:33:21
u008924,signup,2026-05-03 19:12:24
u008925,visit,2026-05-01 04:38:55
u008925,signup,2026-05-01 16:19:31
u008926,visit,2026-01-20 12:22:58
u008927,visit,2026-03-31 05:59:02
u008928,visit,2026-04-20 17:19:15
u008929,visit,2026-04-27 18:37:17
u008929,signup,2026-04-28 10:48:44
u008929,activate,2026-05-02 20:30:16
u008929,purchase,2026-05-05 07:22:22
u008930,visit,2025-12-06 19:54:17
u008931,visit,2026-04-27 21:52:30
u008932,visit,2026-02-25 01:07:55
u008933,visit,2026-05-10 08:06:25
u008934,visit,2026-03-26 18:17:07
u008935,visit,2026-05-01 13:13:44
u008935,signup,2026-05-02 03:17:44
u008935,activate,2026-05-02 06:11:51
u008935,purchase,2026-05-03 13:12:00
u008936,visit,2026-03-10 11:33:53
u008936,signup,2026-03-11 08:09:25
u008937,visit,2026-05-08 01:14:40
u008937,signup,2026-05-09 01:45:03
u008938,visit,2026-02-14 03:41:15
u008939,visit,2026-03-24 09:04:21
u008939,signup,2026-03-26 02:23:08
u008940,visit,2026-05-18 11:15:39
u008941,visit,2026-02-07 16:04:36
u008942,visit,2025-12-30 12:17:35
u008943,visit,2026-01-08 00:11:39
u008943,signup,2026-01-09 17:41:21
u008943,activate,2026-01-11 02:06:19
u008943,purchase,2026-01-18 00:09:12
u008944,visit,2026-01-04 15:25:04
u008945,visit,2026-03-29 19:48:49
u008945,signup,2026-03-31 03:01:57
u008945,activate,2026-03-31 19:09:43
u008946,visit,2026-02-17 08:47:42
u008946,signup,2026-02-18 20:59:35
u008947,visit,2026-02-19 20:14:44
u008948,visit,2026-03-16 15:39:06
u008949,visit,2026-03-26 14:27:22
u008950,visit,2026-04-23 15:33:05
u008951,visit,2026-01-27 08:51:27
u008951,signup,2026-01-27 14:57:07
u008951,activate,2026-01-30 09:29:38
u008951,purchase,2026-02-09 12:39:46
u008952,visit,2026-03-21 20:51:45
u008953,visit,2026-02-27 08:57:57
u008953,signup,2026-02-27 17:32:04
u008954,visit,2025-12-31 22:57:39
u008955,visit,2026-04-30 18:55:19
u008955,signup,2026-05-01 03:34:32
u008956,visit,2026-04-15 06:18:59
u008957,visit,2026-02-12 00:36:58
u008958,visit,2026-04-05 02:23:39
u008959,visit,2026-02-05 16:58:22
u008960,visit,2026-03-12 15:47:05
u008961,visit,2026-02-28 00:15:33
u008961,signup,2026-03-01 00:06:56
u008962,visit,2026-03-20 23:40:58
u008963,visit,2025-12-22 16:10:39
u008964,visit,2026-01-16 09:08:44
u008965,visit,2026-02-20 00:44:10
u008966,visit,2026-04-25 05:29:30
u008966,signup,2026-04-26 22:36:42
u008967,visit,2026-04-13 07:43:56
u008967,signup,2026-04-13 21:58:00
u008967,activate,2026-04-17 02:20:10
u008968,visit,2026-03-12 17:52:40
u008969,visit,2026-01-21 14:15:00
u008970,visit,2026-02-02 00:20:27
u008970,signup,2026-02-03 07:37:15
u008970,activate,2026-02-05 11:57:04
u008971,visit,2026-01-25 01:24:55
u008971,signup,2026-01-26 19:07:35
u008971,activate,2026-02-08 04:24:10
u008972,visit,2025-12-29 16:34:19
u008973,visit,2026-04-26 10:04:46
u008974,visit,2026-03-24 12:48:56
u008975,visit,2026-03-29 14:27:45
u008975,signup,2026-03-30 16:23:47
u008975,activate,2026-03-31 19:02:43
u008976,visit,2025-12-04 20:42:26
u008977,visit,2026-01-01 18:48:48
u008977,signup,2026-01-02 18:06:59
u008978,visit,2025-12-16 07:04:52
u008979,visit,2025-12-24 05:50:32
u008980,visit,2026-04-16 10:31:19
u008981,visit,2026-01-12 07:43:37
u008982,visit,2026-02-04 11:54:52
u008983,visit,2026-01-23 13:45:50
u008983,signup,2026-01-24 18:45:41
u008984,visit,2026-04-04 08:51:17
u008984,signup,2026-04-06 00:14:51
u008984,activate,2026-04-06 04:13:06
u008985,visit,2026-03-15 03:31:21
u008985,signup,2026-03-15 23:31:07
u008985,activate,2026-03-16 08:22:30
u008986,visit,2026-03-20 01:22:54
u008987,visit,2025-12-30 17:45:01
u008988,visit,2025-12-27 03:25:13
u008989,visit,2026-03-01 18:37:08
u008990,visit,2026-01-11 23:13:28
u008991,visit,2026-01-25 08:18:38
u008991,signup,2026-01-25 22:41:12
u008992,visit,2026-04-07 00:16:50
u008992,signup,2026-04-08 20:36:50
u008993,visit,2026-05-18 05:07:26
u008993,signup,2026-05-19 01:14:36
u008994,visit,2026-03-10 13:07:38
u008995,visit,2026-05-19 14:16:21
u008996,visit,2026-04-08 13:24:50
u008997,visit,2026-02-17 03:02:56
u008998,visit,2025-12-30 16:32:05
u008999,visit,2026-01-07 16:11:01
